xaxis0,yaxis,eq:p0*p1**x0*cos(p2*x0)_para:[-0.23847398  0.9973566   0.02666617]mse:0.0001373708031128121,eq:p0*p1**x0*cos(p2 + p3*x0)_para:[-0.23041532  0.99770677 -0.48872936  0.02786787]mse:5.366761752955556e-05
0.0,-0.268963410090542,-0.238473981189271,-0.20344063271418264
3.388999999999669,-0.2577861436287462,-0.2353798919957024,-0.21108706904994323
6.770999999999731,-0.2585312947261993,-0.2304302796109876,-0.21672631123911446
10.111999999999624,-0.2493410978576116,-0.2237860212925105,-0.22032487605166917
26.9989999999998,-0.2041352646121263,-0.1669266293674821,-0.2090816035226047
43.8449999999998,-0.1407974213286168,-0.083006964985049,-0.15482071227824068
52.62699999999995,-0.1045334012525682,-0.0345749823316756,-0.11409980590507474
56.02499999999964,-0.0829240194264296,-0.0157800955592603,-0.09681880546290011
59.46000000000004,-0.073982206256993,0.0030100343268784,-0.0787413314619823
62.83299999999963,-0.0560985799181197,0.0211078287178619,-0.060563585958381884
66.23499999999967,-0.0372214187826424,0.0388633910004597,-0.041971902633470656
69.60599999999977,-0.0215732457361282,0.0558294473267223,-0.02346191398595471
104.21799999999983,0.1160313235935356,0.1692219972358963,0.13564636877978445
107.5949999999998,0.1272085900553314,0.1727567911164786,0.14523134665543144
110.98099999999975,0.1329214151358048,0.1748313112003774,0.153404562507991
114.3539999999998,0.1401245424111843,0.1754438329421396,0.16006540735081928
117.71399999999994,0.1438502978984495,0.1746317212475486,0.1651951189358127
155.70299999999995,0.1172732420892906,0.0839400994032695,0.12234632799868224
159.09699999999975,0.1016250690427765,0.0708665774406,0.11102370158577714
162.50199999999995,0.0924348721741889,0.0574013512726051,0.09884415488283323
165.93399999999974,0.0827479079072992,0.0435941436598146,0.08586056310686589
169.32199999999966,0.0725641762421074,0.0298491351089352,0.07247306004528173
172.70399999999972,0.0584063053904994,0.016129050204665,0.05867208180257065
176.0699999999997,0.0467322715304016,0.0025851542253829,0.04463076001830013
207.60899999999992,-0.073485438858691,-0.1009959641651852,-0.07893637082692066
210.98399999999992,-0.0816821009306746,-0.1080242764384585,-0.08909922770915153
214.3579999999997,-0.0856562401170908,-0.1140513555576654,-0.09831638410223528
217.7239999999997,-0.0928593673924704,-0.1190377042673374,-0.10650590452938712
221.0889999999995,-0.0988205761720948,-0.122975720544317,-0.1136323012546474
224.44900000000007,-0.1052785523500212,-0.1258503174412981,-0.11964375343475644
259.7130000000002,-0.101304413163605,-0.0960177149305577,-0.11340894998473909
263.0880000000002,-0.0901271467018092,-0.0883790442317977,-0.10672431851839022
266.44799999999987,-0.0849110890196378,-0.0801973533345858,-0.09923518368182595
269.80700000000024,-0.0809369498332215,-0.0715185823839376,-0.09099465510586413
273.18299999999954,-0.0787014965408623,-0.0623718399178551,-0.08203759197756928
276.56799999999976,-0.0685177648756706,-0.0528558361691641,-0.07246726127736512
279.93899999999985,-0.059824335405385,-0.0431189679636016,-0.06244331746628083
311.5449999999996,0.0166778439331284,0.0458248478754041,0.03751431101214015
314.94799999999987,0.0323260169796425,0.053666172245924,0.04703877583354806
318.31600000000026,0.038783993157569,0.060853998368525,0.05590433401084182
321.6749999999997,0.0484709574244587,0.0674071443296368,0.06412106756876278
325.0399999999995,0.0534386314074791,0.0733137672106513,0.07166392270603436
362.75999999999976,0.0911929536784338,0.088485156682122,0.0982715675419127
366.1460000000002,0.0906961862801317,0.0853307744021508,0.09525415120850247
369.51299999999947,0.0864736633945644,0.0815596448393752,0.09146020088008626
372.88700000000017,0.0780286176234298,0.0771878541470498,0.08691039800696251
376.25800000000027,0.0765383154285237,0.0722731025498226,0.08166844579702269
379.6730000000002,0.0723157925429564,0.0667874529826571,0.07570677760057047
383.0570000000002,0.0680932696573891,0.0609019942745907,0.06921537965554582
415.2099999999996,0.011461786250957,-0.0060714938404141,-0.007692267393134472
418.5819999999999,0.0050038100730306,-0.0130443442547589,-0.01583814670092596
421.9819999999995,-0.0004606313082917,-0.0198432371547559,-0.023783400881981855
465.7069999999999,-0.0697596833714257,-0.0687601377803913,-0.07886422693792376
469.13499999999976,-0.0712499855663318,-0.0687803239786658,-0.0784638378187805
472.5279999999998,-0.0729886714603889,-0.0682339147196589,-0.07736979399634383
475.8960000000002,-0.0719951366637849,-0.0671485998557182,-0.07561756483514095
479.2890000000002,-0.0692629159731237,-0.0655268775884359,-0.07320714652587407
482.69299999999976,-0.0660339278841604,-0.0633898197459383,-0.07016984149232802
486.0639999999999,-0.0615630212994421,-0.0607962097349347,-0.06658709665406566
489.422,-0.0650403930875564,-0.0577696385602965,-0.06248956990857971
492.7710000000002,-0.0613146376002911,-0.0543427898104338,-0.05792129668757541
522.1330000000003,-0.0153636532573528,-0.0127082783063625,-0.005217947499432602
525.5269999999996,-0.0108927466726345,-0.0073022654894915,0.001338881726643451
528.9059999999995,-0.0051799215921611,-0.0019562805424375,0.007754217147886072
532.2649999999999,0.0007812871874633,0.0032799510848679,0.013965760762285546
535.6330000000003,0.0042586589755775,0.0084110909352215,0.01997578908078989
552.5239999999999,0.0303389473864344,0.0310354519066979,0.04519436012109266
574.1759999999999,0.0564192357972913,0.0481130014079926,0.06048486732167739
577.538,0.053190247708328,0.0492847100816418,0.06086929587209635
580.9459999999995,0.0549289336023852,0.0500469703825716,0.06070859364394098
584.3709999999996,0.0569160031955933,0.0503828371220376,0.059998926680440406
587.752,0.0556740846998382,0.0502962146956383,0.05877403726940145
591.1299999999997,0.0566676194964423,0.0498028353823751,0.05704889365889534
594.5250000000001,0.0546805499032341,0.0489085666422075,0.054833358311324056
597.9069999999997,0.052445096610875,0.0476349277357701,0.05217319025630361
601.2859999999996,0.0544321662040831,0.045997997280809,0.04909427888465445
604.663,0.0519483292125729,0.044017833277076,0.045630353787791754
608.0529999999994,0.0477258063270056,0.0417062771082369,0.041800980841581584
611.4169999999999,0.0442484345388914,0.0391160651967705,0.03769119715436528
614.7829999999999,0.0370453072635119,0.0362549570797562,0.033311039555344986
618.1590000000001,0.0425097486448343,0.0331426729683262,0.028691475136694962
629.1109999999994,0.0256196571025651,0.0217360176530537,0.012682908401387506
632.5009999999997,0.0154359254373733,0.0179175575219244,0.0075812968591336925
635.8699999999994,0.0119585536492591,0.0140448838587171,0.0025223435310292937
639.2329999999997,0.0059973448696346,0.0101342838670343,-0.00247231247932359
684.1029999999996,-0.0451696971554749,-0.0320280220482167,-0.04612317221857053
687.4729999999995,-0.0493922200410422,-0.0335945332100052,-0.046771384477595844
690.837,-0.0474051504478341,-0.0348599988526291,-0.046997792509719895
694.2099999999996,-0.0481503015452871,-0.0358247101122749,-0.04680732362129539
697.6129999999998,-0.0493922200410422,-0.0364869337420097,-0.04619976728252997
700.9760000000001,-0.0481503015452871,-0.0368345350410752,-0.04520107904278493
704.3579999999997,-0.0436793949605688,-0.0368791054411134,-0.043812499276735785
707.7310000000002,-0.0469083830495321,-0.036623955549009,-0.04206195068373892
711.0839999999994,-0.0436793949605688,-0.0360810535197773,-0.03998068385011911
714.4459999999995,-0.0406987905707566,-0.0352566056548701,-0.037575872783052154
717.8070000000002,-0.0416923253673607,-0.0341636244092842,-0.03487945118183406
721.181,-0.0347375817911322,-0.0328097357847743,-0.03190691585914759
731.4609999999998,-0.0265409197191486,-0.0272687195413228,-0.021531547591505395
734.828,-0.0210764783378262,-0.0250537685290961,-0.017814276682237964
738.1959999999995,-0.0151152695582018,-0.022675206405788,-0.013996312986485173
741.5610000000001,-0.017847490248863,-0.0201580350633263,-0.010117324719010275
744.9589999999994,-0.0148668858590508,-0.0174966124259206,-0.006170632955018841
748.3569999999995,-0.0103959792743324,-0.0147389619038244,-0.002229807746875437
751.7649999999999,-0.00493153789301,-0.0119010346875109,0.0016813486590917667
755.1349999999998,-0.0026960846006509,-0.0090478948012118,0.005474415915790279
758.5039999999995,0.0007812871874633,-0.0061729741402996,0.009159963408862899
761.8879999999995,0.0074876470645408,-0.0032862813143951,0.012723778041898589
765.2499999999995,0.0119585536492591,-0.0004425553672919,0.016098208880311392
768.6460000000002,0.0176713787297325,0.0023825386045026,0.01931097668253239
772.0300000000002,0.0213971342169978,0.0051281686689151,0.02229123342245725
775.4079999999999,0.0231358201110549,0.0077786694738367,0.025023015981678283
788.221,0.0298421799881324,0.0166786468966834,0.03285039821258425
791.6150000000002,0.0345614702720017,0.0186526805179905,0.03418720662762667
794.9859999999994,0.0405226790516261,0.0204273091943261,0.03519230086482037
798.3719999999998,0.0420129812465322,0.022012019899306,0.035874201338217414
801.7369999999996,0.0375420746618139,0.0233812085401003,0.03622554449031229
805.1129999999998,0.0367969235643609,0.0245413450659536,0.03625304284714319
808.4909999999995,0.0427581323439853,0.0254824883184515,0.03595951155979726
811.8519999999994,0.038287225759267,0.0261970953846974,0.035356202393488106
815.2189999999996,0.0375420746618139,0.0266892945183288,0.03445060047343935
818.5899999999997,0.0370453072635119,0.0269577839769664,0.03325450760432731
821.9739999999997,0.0358033887677568,0.0270033951683495,0.03177762673416987
825.3669999999997,0.0343130865728507,0.0268275149163712,0.030036450592011252
828.7469999999998,0.0370453072635119,0.02643702256442,0.02806214464534991
840.0859999999998,0.025371273403414,0.023660400339984,0.0199786916631228
843.4580000000001,0.0236325875093569,0.0224383806365717,0.0172349149323423
846.8309999999997,0.0199068320220916,0.0210560895862089,0.014380501699397173
850.2019999999998,0.0134488558441652,0.0195288266879647,0.011444873376491277
853.5669999999996,0.0129520884458631,0.0178737981388953,0.008458861420512729
856.953,0.010965018852655,0.0160926705002352,0.0054255267613236265
860.3219999999997,0.0040102752764265,0.0142216287044596,0.002405959333880794
863.685,0.0015264382849163,0.0122723940449974,-0.0005831331224213541
867.1060000000002,-0.0014541661048958,0.0102236448874796,-0.00357138720728109
870.4639999999995,-0.0034412356981039,0.0081655245968471,-0.006427956798139125
873.8349999999996,-0.003689619397255,0.0060700618732299,-0.009195069406298141
877.2329999999997,-0.0126314325666916,0.0039457208200331,-0.011859286784155779
880.6159999999995,-0.0161088043548058,0.0018361669739198,-0.014365346909098435
893.1640000000002,-0.0265409197191486,-0.0056632611465336,-0.022073109320082464
896.556,-0.0277828382149037,-0.0075320632931005,-0.023657459735393054
899.9019999999996,-0.0307634426047159,-0.0092826108749577,-0.024989628643647205
903.2949999999996,-0.032750512197924,-0.0109508212773278,-0.0260982222407567
906.707,-0.0362278839860383,-0.012507991459104,-0.02696084665119783
910.0809999999996,-0.032005361100471,-0.0139186147258903,-0.02756141949005463
913.4519999999998,-0.0382149535792464,-0.0151905048726126,-0.027909311094863384
916.8179999999998,-0.0377181861809444,-0.0163155654496195,-0.028006014972074347
920.181,-0.0352343491894342,-0.0172884798435311,-0.02785546927255582
923.5489999999996,-0.0372214187826424,-0.018106251766258,-0.02746221680623665
926.917,-0.0352343491894342,-0.0187634922439795,-0.02683348090831237
930.275,-0.0295215241089608,-0.019256510753181,-0.025981268212795474
933.658,-0.0277828382149037,-0.0195882425977536,-0.024906238717533464
945.0899999999996,-0.0205797109395242,-0.0194978400715124,-0.019848955475991355
948.4519999999998,-0.0235603153293364,-0.0191275917760494,-0.018006230472184196
951.837,-0.0238086990284874,-0.018606068679034,-0.016020043012116788
955.198,-0.0128798162658426,-0.017947373904313,-0.013937399509049604
958.5679999999998,-0.0163571880539569,-0.0171538058876142,-0.01175866241397588
961.9379999999996,-0.0091540607785773,-0.0162357102273252,-0.009509845259272467
965.3089999999996,-0.0096508281768794,-0.0152023821340405,-0.007211137753739
968.694,-0.0002122476091407,-0.014059532478747,-0.004874512477628868
972.0570000000002,-0.0007090150074427,-0.0128307260596941,-0.0025458354190218265
975.439,0.0082327981619938,-0.0115127785346551,-0.0002175136452628813
978.8309999999996,0.0067424959670877,-0.0101203663122081,0.002083573103755866
982.2019999999998,0.0069908796662387,-0.0086790536418641,0.004316808165334409
985.5839999999994,0.0074876470645408,-0.0071881793922712,0.006484622968997947
997.6619999999998,0.025371273403414,-0.0016929224042714,0.013368761873571246
1001.0439999999994,0.02437773860681,-0.0001606295427361,0.014990981023311466
1004.4369999999994,0.0213971342169978,0.0013506249056551,0.01645976354237489
1007.811,0.024626122305961,0.0028157953643558,0.017752151290823637
1011.226,0.0293454125898303,0.0042490980878254,0.01888043693951756
1014.5899999999996,0.0340647028736997,0.0056014857558469,0.019807853585417336
1017.9559999999996,0.0350582376703037,0.0068856577571224,0.02054764792834683
1021.341,0.0350582376703037,0.0080982318145889,0.021098146175620065
1024.7089999999994,0.0358033887677568,0.0092178583285243,0.021451445601568194
1028.0790000000002,0.0310840984838874,0.0102439098181116,0.021610704268247023
1031.44,0.0350582376703037,0.0111667426466386,0.021577579525537488
1034.7999999999995,0.0295937962889813,0.0119833539972766,0.02135607452468172
1038.1619999999998,0.0308357147847364,0.0126897304684164,0.020950735855487755
1048.7899999999995,0.024874506005112,0.014158171224082,0.01854158150244877
1052.163,0.0283518777932262,0.0143753659146594,0.017452094789856643
1055.533,0.0261164245008671,0.0144723611195512,0.016226562630659018
1058.899,0.0196584483229406,0.0144508362759579,0.014878644274827503
1062.3160000000005,0.0191616809246386,0.0143102785964532,0.01339784013681742
1065.7099999999996,0.0179197624288835,0.0140555288187849,0.011829744961812999
1069.0849999999996,0.0089779492594469,0.0136925120627897,0.010189686799396453
1072.515,0.0055005774713326,0.0132165421452418,0.008456634190414564
1075.9279999999994,0.0030167404798224,0.0126416709259124,0.0066824729549707735
1079.3259999999996,0.0077360307636918,0.0119755093515192,0.0048835444138814925
1082.7019999999998,-0.0021993172023488,0.0112280208375989,0.003080517935801948
1099.226,-0.0163571880539569,0.0066038526682426,-0.005444895823739215
1102.6479999999997,-0.0168539554522589,0.0055062043681638,-0.007045243639409668
1106.0089999999996,-0.0198345598420711,0.0044026138811295,-0.008530597099340575
1109.3759999999995,-0.0173507228505609,0.003281104871123,-0.00992087453893273
1112.7449999999994,-0.0195861761429201,0.0021522824233618,-0.011203352020441282
1116.1249999999995,-0.018841025045467,0.0010223760425089,-0.01237115389256347
1150.8650000000002,-0.0208280946386752,-0.0084721028987691,-0.016176482830909993
1154.243,-0.0173507228505609,-0.0090342272513222,-0.015725328963013065
1157.6119999999996,-0.0146185021598997,-0.0095119070939779,-0.015143726406415332
1202.449,0.010716635153504,-0.0078803354307491,0.0004988535957958437
1252.8179999999998,0.0290970288906793,0.0035382336605026,0.012867781796969641
1256.1829999999995,0.0273583429966222,0.0041943194581399,0.01287247438592287
1259.5309999999995,0.0228874364119039,0.0048020775914628,0.012764915536389254
1262.895,0.0218939016152998,0.0053634194312945,0.012546765511921716
1266.265,0.0236325875093569,0.0058725407875924,0.012221204372982433
1269.632,0.0213971342169978,0.0063248475290788,0.011793460211776876
1272.9909999999995,0.0206519831195447,0.0067173024918168,0.011269978628110371
1276.36,0.0171746113314304,0.0070498282896478,0.010653964341828796
1279.7269999999994,0.0087295655602958,0.0073194236507443,0.009954093100149951
1283.118,0.0132004721450142,0.0075264749773256,0.009171676347005024
1286.552,0.0035135078781245,0.0076696704983177,0.008308371209335162
1310.444,-0.0103959792743324,0.0068813213146183,0.001110165791631208
1313.8079999999995,-0.0096508281768794,0.0065438847231492,4.535356367512627e-05
1317.181,-0.0096508281768794,0.0061586461808783,-0.00100631198580975
1320.5300000000002,-0.0094024444777284,0.0057335802974808,-0.0020257429130907424
1323.8889999999997,-0.018344257647165,0.0052688070930108,-0.003014888323084947
1327.2599999999998,-0.0190894087446181,0.0047681048477607,-0.003965822481874854
1330.672,-0.018592641346316,0.004231107808018,-0.004877839148550674
1334.0499999999995,-0.0198345598420711,0.0036744068914787,-0.0057234589756402655
1350.9099999999994,-0.018592641346316,0.0006978659189791,-0.008885032683959732
1359.5030000000002,-0.0203313272403731,-0.0008098601712723,-0.009703860570460326
1362.8799999999997,-0.0215732457361282,-0.0013765619493979,-0.009867588253481337
1366.2679999999996,-0.0193377924437691,-0.0019237952874825,-0.009941648124396763
1369.6599999999994,-0.0141217347615977,-0.0024461957663959,-0.009926024854274788
1373.0120000000002,-0.0173507228505609,-0.0029336528377951,-0.00982383703594859
1376.4159999999997,-0.0153636532573528,-0.0033958873769673,-0.009634092799431816
1379.7939999999994,-0.0138733510624467,-0.0038187744053067,-0.009363146753617047
1383.1829999999995,-0.0141217347615977,-0.0042043605726633,-0.00901227621390631
1386.5769999999998,-0.003689619397255,-0.0045492246687141,-0.008585896544400418
1389.962,-0.0019509335031978,-0.004849938686226,-0.008090840510735822
1393.3669999999995,0.0017748219840673,-0.0051071646617952,-0.007528063613458091
1396.766,0.0010296708866143,-0.0053173564254718,-0.006907498968132531
1400.172,-0.0054283052913121,-0.0054803963658748,-0.006233242916037706
1403.5549999999998,0.0007812871874633,-0.0055946951166828,-0.005518391035167785
1416.0989999999997,0.0050038100730306,-0.0056069646924494,-0.0025942981686521813
1419.458,0.0094747166577489,-0.0055037854603455,-0.0017711438107536291
1422.814,0.0077360307636918,-0.0053584046319153,-0.0009458312675638764
1426.189,0.0127037047467121,-0.0051714960292318,-0.00012025810224600554
1429.5679999999998,0.0139456232424672,-0.0049457119679942,0.0006946366713215525
1432.948,0.0149391580390713,-0.0046836867340051,0.0014910689343657479
1436.3169999999996,0.0218939016152998,-0.0043892646555622,0.002259568786919691
1439.6789999999996,0.0194100646237896,-0.0040653174863253,0.0029948942209435067
1443.042,0.0194100646237896,-0.0037142942056694,0.003692911266590561
1446.4199999999996,0.0154359254373733,-0.0033378673956538,0.004350667641504899
1449.7689999999998,0.0146907743399203,-0.0029445068760953,0.004954802515868079
1453.158,0.0156843091365243,-0.0025295865342446,0.00551288904229576
1456.524,0.0169262276322794,-0.0021043237625974,0.006010077929915421
1467.217,0.0169262276322794,-0.0007083280135573,0.007175537080031102
1470.6240000000005,0.0176713787297325,-0.0002624880858183,0.007406333621812806
1473.9879999999998,0.0209003668186957,0.0001720466730962,0.007565315241067799
1477.3830000000005,0.0159326928356754,0.0006013952992478,0.00765599485166522
1480.761,0.010468251454353,0.001016116445016,0.007676930051867676
1484.136,0.0097231003568999,0.0014148941453384,0.0076296999944539656
1487.5210000000002,0.0159326928356754,0.0017962441491825,0.007515383817957293
1490.904,0.0082327981619938,0.0021559776715961,0.007336195023749202
1494.2819999999997,0.0050038100730306,0.0024912998332314,0.007095077740712972
1497.654,0.0045070426747285,0.0027999356329885,0.0067954875244680595
1501.0279999999998,0.0012780545857653,0.0030806255040233,0.006440369346541083
1504.3879999999997,0.0002845197891612,0.0033304273003421,0.006035656122566623
1507.761,-0.0019509335031978,0.0035498661076348,0.005582477819926699
1519.7729999999997,-0.0069186074862182,0.0040607978269947,0.003660727030908689
1523.145,-0.0081605259819733,0.004125893708757,0.003057278150417539
1526.511,-0.0084089096811243,0.0041564477902181,0.0024372671731661254
1529.899,-0.0096508281768794,0.0041528344363523,0.0018011992302875341
1533.2890000000002,-0.0098992118760304,0.0041153515173947,0.0011585414722677895
1536.6599999999994,-0.0136249673632957,0.0040453846250299,0.0005190826138372857
1540.0399999999995,-0.0121346651683896,0.0039436477374679,-0.0001168089048088717
1543.3879999999997,-0.0143701184607487,0.0038130583935072,-0.0007360228330102637
1546.7729999999997,-0.0126314325666916,0.0036524576568158,-0.0013459542153448588
1550.1280000000002,-0.018344257647165,0.0034667190168713,-0.0019294144608283522
1553.5049999999997,-0.0173507228505609,0.0032550404857433,-0.0024906790203625905
1556.8839999999996,-0.0163571880539569,0.0030205662123273,-0.003021590775742055
1560.2379999999998,-0.0171023391514099,0.0027676749524726,-0.003514050327753637
1571.5809999999997,-0.0171023391514099,0.0017960273370476,-0.004877613347061846
1574.9720000000002,-0.0143701184607487,0.0014808863974868,-0.0051832935406202485
1578.3529999999996,-0.0138733510624467,0.0011601969737815,-0.005437369539475512
1581.7239999999997,-0.0121346651683896,0.0008367263112273,-0.005638824630632475
1585.0989999999997,-0.0133765836641446,0.0005118296585723,-0.005787651302436842
1588.453,-0.0141217347615977,0.0001905410013955,-0.005882650286606982
1591.8290000000002,-0.003689619397255,-0.0001286791967485,-0.0059249929334634745
1595.19,-0.0103959792743324,-0.000439831744383,-0.005914493263997944
1598.5539999999996,-0.0059250726896141,-0.0007422281657597,-0.0058522758246926775
1601.9249999999995,-0.003689619397255,-0.0010339053563577,-0.005739379729996881
1605.2899999999995,-0.0034412356981039,-0.0013115854581346,-0.005577982773748896
1608.672,-0.0034412356981039,-0.0015750820664959,-0.005368927286167193
1612.0579999999995,-0.0029444682998019,-0.0018213700372982,-0.005115159356737944
1624.024,0.0077360307636918,-0.0025280024090302,-0.003908316071666807
1627.3889999999997,0.0089779492594469,-0.0026755193107976,-0.003496840660133699
1630.752,0.0052521937721816,-0.0027988179482585,-0.003061240952858819
1634.114,0.0072392633653897,-0.0028974012603329,-0.002605611425305704
1637.5039999999997,0.0074876470645408,-0.0029714591457416,-0.0021301465953035476
1640.8960000000002,0.0124553210475611,-0.0030199347275645,-0.001642757498231541
1644.239,0.0124553210475611,-0.0030426864989383,-0.0011554206551873407
1647.6109999999994,0.0159326928356754,-0.0030407298905406,-0.0006612468258802193
1650.9729999999995,0.0134488558441652,-0.0030143317996618,-0.00017028979335184706
1654.3489999999997,0.011461786250957,-0.0029639085555372,0.0003166395318764391
1657.7269999999994,0.0132004721450142,-0.0028903024362013,0.0007935594571038826
1661.0799999999997,0.0127037047467121,-0.0027953314222391,0.0012527576891864284
1664.435,0.0218939016152998,-0.0026796032247103,0.0016942773578258413
1675.7189999999996,0.0134488558441652,-0.0021563648012061,0.003002482221663189
1679.0939999999996,0.0164294602339774,-0.0019658572288506,0.003328984791877204
1682.4540000000002,0.0117101699501081,-0.0017637246091713,0.003619849431532636
1685.7959999999998,0.010468251454353,-0.0015521576547286,0.0038733111452623594
1689.1879999999996,0.010468251454353,-0.0013286196613706,0.004092311896923413
1692.5390000000002,0.0149391580390713,-0.0011010065926929,0.004269503054196094
1695.8879999999997,0.0097231003568999,-0.0008687415590066,0.00440674667807326
1699.2539999999997,0.0050038100730306,-0.000632430106967,0.004503962451905716
1702.632,0.0055005774713326,-0.0003943507089192,0.004560250483578162
1705.994,0.0027683567806714,-0.0001584079293126,0.004575354409476103
1709.3609999999994,0.0055005774713326,7.498977745040341e-05,0.00455006411769744
1712.7369999999996,0.0020232056832184,0.0003042628545354,0.004484944071971726
1716.11,-0.0002122476091407,0.0005268138643952,0.004381304757969411
1727.971,-0.0017025498040468,0.001233964040657,0.0037353951486418825
1731.3489999999997,-0.0064218400879161,0.0014078399088869,0.0034802138505055685
1734.744,-0.0079121422828223,0.0015679720459207,0.003196689463860052
1738.131,-0.0101475955751814,0.0017120779022097,0.0028897377761736434
1741.5049999999997,-0.0076637585836712,0.0018391974619917,0.0025631173269879967
1744.8719999999998,-0.004186386795557,0.0019489654841482,0.002219626634947017
1748.225,-0.0113895140709365,0.0020407336450002,0.0018634087880045696
1751.5889999999995,-0.0084089096811243,0.0021147807159771,0.00149517226501593
1754.958,-0.0111411303717855,0.0021705682664756,0.0011188994176273327
1758.337,-0.0079121422828223,0.0022079304039935,0.0007374248852419704
1761.7049999999997,-0.0096508281768794,0.0022266696654622,0.00035653722229835776
1765.0700000000002,-0.0143701184607487,0.0022271207987034,-2.1306264889318293e-05
1768.453,-0.0094024444777284,0.0022094864572446,-0.00039513677825049766
1779.944,-0.0074153748845202,0.0020214859429242,-0.001577604933190337
1783.3269999999998,-0.0126314325666916,0.0019313922394288,-0.0018885871441612584
1786.725,-0.0116378977700875,0.0018266849812855,-0.002179250964014758
1790.0949999999998,-0.0138733510624467,0.0017098659448839,-0.0024438143697497923
1793.484,-0.0113895140709365,0.0015805452788472,-0.002684069195654673
1796.8290000000002,-0.003689619397255,0.0014424927506891,-0.002894137733205789
1800.208,-0.0096508281768794,0.0012938457211236,-0.003077594558589142
1803.568,-0.0066702237870672,0.0011382268948633,-0.0032302079060174023
1806.958,-0.0071669911853692,0.0009747406978787,-0.003353160091606779
1810.341,-0.0056766889904631,0.0008065477994055,-0.0034441836514218904
1813.711,-0.003689619397255,0.0006354403413074,-0.003503079287370039
1817.102,0.0010296708866143,0.0004611426728844,-0.0035302960896866136
1820.466,-0.0034412356981039,0.0002875667454996,-0.003525783409811976
1832.53,0.0007812871874633,-0.0003191037245788,-0.0032620363462175263
1835.896,0.0055005774713326,-0.0004783276783612,-0.003124071429113926
1839.2499999999995,0.0052521937721816,-0.0006303542986752,-0.0029614051190785277
1842.615,0.0067424959670877,-0.0007751211986531,-0.0027747492732108285
1845.9990000000005,0.0094747166577489,-0.0009118304700848,-0.0025653635335770074
1849.356,0.0089779492594469,-0.0010377153809393,-0.002338328934918826
1852.745,0.0079844144628428,-0.0011541114031639,-0.0020919362345591212
1856.0979999999995,0.0097231003568999,-0.0012579591240024,-0.0018335651609264574
1859.4639999999995,0.0084811818611448,-0.0013502530943612,-0.0015620902380946784
1862.831,0.0129520884458631,-0.0014300579541918,-0.0012809725865950067
1866.194,0.0151875417382223,-0.0014968505243802,-0.000993254049671584
1869.577,0.0119585536492591,-0.0015507022600862,-0.0006994906301508281
1872.962,0.0176713787297325,-0.0015909958380883,-0.0004038742059969054
1884.655,0.0154359254373733,-0.0016253478380857,0.0005936049303617362
1888.0309999999995,0.0127037047467121,-0.0016056624128485,0.0008646655375540301
1891.413,0.010468251454353,-0.0015732414926025,0.0011243652556508536
1894.794,0.010965018852655,-0.0015286127965245,0.0013700224927768892
1898.1649999999995,0.0154359254373733,-0.0014725310595048,0.0015990997314457263
1901.612,0.0087295655602958,-0.001403909376726,0.001815122073817886
1905.005,0.0052521937721816,-0.0013259861147745,0.00200812873712301
1908.3740000000005,0.0092263329585979,-0.0012392428346636,0.0021790881941441092
1911.739,0.0062457285687857,-0.0011441465587575,0.002328084109972399
1915.101,0.0052521937721816,-0.0010416093163225,0.0024542551452752305
1918.466,0.0022715893823694,-0.0009324069915164,0.0025570667827669253
1921.826,0.0020232056832184,-0.0008177976504234,0.0026357545787392854
1925.22,0.0022715893823694,-0.0006974166319927,0.0026905928411725503
1937.164,-0.0021993172023488,-0.0002525962045297,0.0026871075314373557
1940.528,-0.004186386795557,-0.0001257749452092,0.0026324962347952564
1943.895,-0.004683154193859,-6.866429312920687e-08,0.002555546861442149
1947.263,-0.0091540607785773,0.0001234536515112,0.0024572841394578573
1950.652,-0.0091540607785773,0.0002445355669443,0.0023381202705647563
1954.009,-0.003689619397255,0.0003603851901262,0.002201366143653317
1957.373,-0.0101475955751814,0.000471531069766,0.002047131744584311
1960.745,-0.0123830488675406,0.000577163002539,0.001876879227644839
1964.127,-0.0059250726896141,0.0006765419917261,0.001692131970545811
1967.529,-0.0091540607785773,0.0007691758638627,0.0014940297842670005
1970.894,-0.0133765836641446,0.0008529497908884,0.00128790873534147
1974.2499999999995,-0.0128798162658426,0.000928185082401,0.0010742236662903313
1977.608,-0.0111411303717855,0.0009946969247261,0.0008542933623884177
1989.147,-0.0128798162658426,0.0011518398025594,7.975504986914337e-05
1992.5489999999995,-0.0116378977700875,0.0011762362821806,-0.0001459830465734025
1995.8830000000005,-0.0128798162658426,0.0011903293473399,-0.00036255606024721275
1999.26,-0.0108927466726345,0.0011947589160574,-0.000575375066704761
2002.615,-0.0024477009014999,0.0011894854104672,-0.0007785311277985864
2006.011,-0.0081605259819733,0.0011745446967347,-0.0009740811466448636
2009.389,-0.0061734563887651,0.0011503895554178,-0.0011569557894014738
2012.768,-0.0034412356981039,0.0011173152754917,-0.0013268288272461637
2016.1330000000005,-0.0051799215921611,0.0010759433080322,-0.001481728608207398
2019.525,-0.0061734563887651,0.0010262102364044,-0.001622299797189581
2022.901,-0.0029444682998019,0.0009692517615852,-0.0017456838858191331
2026.256,-0.00493153789301,0.0009058621081467,-0.0018511401145831427
2029.629,-0.0031928519989529,0.0008359475593536,-0.0019392506803952306
2041.09,0.0012780545857653,0.0005613753612051,-0.0020990970822159878
2044.462,0.0035135078781245,0.0004726171027548,-0.002104573376514363
2047.834,0.0045070426747285,0.0003816071221074,-0.002091412935812696
2051.192,0.0064941122679367,0.0002895072277621,-0.002060185438533612
2054.555,0.0037618915772755,0.0001965698220575,-0.002011338900281242
2057.9679999999994,0.0055005774713326,0.0001023144678599,-0.0019445035794712663
2061.35,0.010468251454353,9.741665150800026e-06,-0.0018619771045486932
2064.726,0.0064941122679367,-8.110809096238977e-05,-0.0017643975413557328
2068.086,0.0084811818611448,-0.0001692777395165,-0.0016532890075988938
2071.461,0.0124553210475611,-0.0002549067993561,-0.0015288304635479382
2074.819,0.0072392633653897,-0.0003365511763684,-0.0013934967424590306
2078.188,0.0067424959670877,-0.0004143042400108,-0.001247559352538215
2081.565,0.0122069373484101,-0.0004875057247305,-0.001092507434031082
2092.359,0.0087295655602958,-0.0006840963699861,-0.0005557655462484832
2095.764,0.0077360307636918,-0.0007328337647473,-0.00037922080150299927
2099.123,0.0087295655602958,-0.0007741402046285,-0.00020439786617231659
2102.501,0.010965018852655,-0.0008086804058314,-2.9484161675489173e-05
2105.8479999999995,0.0055005774713326,-0.0008358272701949,0.00014143095614835922
2109.19,0.0042586589755775,-0.0008558128271213,0.00030826497378349263
2112.557,0.0022715893823694,-0.0008687180223543,0.0004710748496958981
2115.945,0.0069908796662387,-0.0008744034315783,0.0006281970361742111
2119.327,0.0052521937721816,-0.000872858621996,0.0007770473437174079
2122.7049999999995,0.0022715893823694,-0.0008642549868301,0.0009165541928293573
2126.088,0.0052521937721816,-0.000848761965939,0.0010459886635095597
2129.4549999999995,0.0035135078781245,-0.0008267551754395,0.0011636164192671836
2132.814,-0.0021993172023488,-0.0007985452771326,0.0012689761155266347
2143.886,-0.003689619397255,-0.0006658186122905,0.001523129842858382
2147.2759999999994,-0.0021993172023488,-0.0006145990948348,0.0015705636501033961
2150.6599999999994,-0.004683154193859,-0.0005593686197908,0.0016032273735345963
2154.03,-0.0014541661048958,-0.0005008129484467,0.0016211102727848204
2157.387,-0.0051799215921611,-0.000439489926345,0.0016244596406617279
2160.7539999999995,-0.004186386795557,-0.0003755312486181,0.0016135106464147978
2164.1109999999994,-0.0089056770794263,-0.0003098723610511,0.0015886423748694542
2167.509,-0.0066702237870672,-0.0002420621990617,0.0015497238515971511
2170.891,-0.0051799215921611,-0.000173797101002,0.0014978117778348438
2174.2539999999995,-0.0101475955751814,-0.0001057136844869,0.0014338130518842071
2177.622,-0.0079121422828223,-3.788108999091594e-05,0.001358101870862576
2180.985,-0.0113895140709365,2.8959968550568973e-05,0.001271744583815051
2184.373,-0.0059250726896141,9.4868450391826e-05,0.001174809792146438
2195.574,-0.0089056770794263,0.0002962986903237,0.0007965775431975482
2198.972,-0.0098992118760304,0.000350673304314,0.0006686500635898819
2202.393,-0.0076637585836712,0.0004015270453834,0.0005358140594071753
2205.761,-0.0034412356981039,0.0004474385230451,0.0004023034160879263
2209.1240000000003,-0.0089056770794263,0.0004888705812258,0.0002675044610678725
2212.514,-0.0089056770794263,0.0005259147310566,0.0001313430565799158
2215.881,-0.003938003096406,0.000557801061125,-2.9737963060138424e-06
2219.238,-0.0066702237870672,0.0005845543869859,-0.00013481538482541702
2222.6109999999994,-0.0034412356981039,0.0006062413560425,-0.00026406610801610873
2225.988,-0.00493153789301,0.000622655227399,-0.00038914639565637153
2229.3609999999994,-0.00493153789301,0.0006337180278485,-0.0005087232742386355
2232.752,-0.003938003096406,0.0006394735435828,-0.0006225609435676687
2236.115,-0.0031928519989529,0.0006399152031714,-0.0007282426155864846
2247.489,0.0027683567806714,0.0006040416384076,-0.0010222097124041075
2250.851,0.0032651241789734,0.0005830744099396,-0.0010878822333892696
2254.21,0.0035135078781245,0.0005578139071006,-0.0011429707810284954
2257.578,0.0027683567806714,0.00052843847171,-0.0011873214246828179
2260.957,0.0020232056832184,0.0004952047888537,-0.0012206396283301853
2264.355,0.0047554263738796,0.0004583238032152,-0.0012427315887682453
2267.737,0.0047554263738796,0.0004185317332493,-0.00125333433194822
2271.115,0.0045070426747285,0.0003760927677143,-0.001252667158911709
2274.496,0.0042586589755775,0.0003313130881863,-0.0012409131047641266
2277.8429999999994,0.0097231003568999,0.0002851116854568,-0.0012186224802033323
2281.21,0.0062457285687857,0.0002371614937529,-0.0011858628149750679
2284.574,0.010468251454353,0.0001881901553406,-0.0011432250387365902
2287.936,0.0087295655602958,0.0001385980888657,-0.0010912439946133335
2299.224,0.0102198677552019,-2.7349644640469194e-05,-0.0008565354592762523
2302.59,0.0047554263738796,-7.513410681530873e-05,-0.0007714604768486841
2305.976,0.0052521937721816,-0.0001217394559956,-0.0006803610233832467
2309.353,0.0124553210475611,-0.0001664078701307,-0.0005848795083164642
2312.212,0.011213402551806,-0.0002025634180617,-0.0005011130041916134
2315.649,0.0119585536492591,-0.0002437325767825,-0.0003976992528265368
2319.11,0.0064941122679367,-0.0002823695893147,-0.0002915220532383362
2322.511,0.0022715893823694,-0.0003173120713471,-0.0001861738946969362
2325.896,0.0035135078781245,-0.0003488795898214,-8.128310462741028e-05
2329.268,0.0045070426747285,-0.0003769419659713,2.231551196717345e-05
2332.636,-0.0007090150074427,-0.000401432590054,0.0001240063479120095
2335.9999999999995,0.0062457285687857,-0.0004222291888384,0.00022293033635574925
2339.386,0.0040102752764265,-0.0004393590514394,0.00031899314365343106
2351.791,0.0022715893823694,-0.0004687193199223,0.0006285486302939505
2355.1559999999995,-0.0009573987065938,-0.0004676546714683,0.0006981131902369034
2358.547,-0.0056766889904631,-0.0004627909782017,0.0007609351407278412
2361.896,0.0010296708866143,-0.0004543572813485,0.0008153700644719564
2365.252,0.0010296708866143,-0.0004424186626205,0.0008619725066472943
2368.65,-0.0026960846006509,-0.000426934613975,0.0009007622529004803
2372.005,-0.0069186074862182,-0.00040847694834,0.0009305620998656594
2375.369,-0.0007090150074427,-0.0003870127247465,0.000951830600279394
2378.7629999999995,-0.0026960846006509,-0.0003625849315741,0.0009644952065000857
2382.1469999999995,-0.0051799215921611,-0.0003357046108467,0.0009683522988705579
2385.511,-0.0091540607785773,-0.0003067457363627,0.0009636064388112018
2388.872,-0.0051799215921611,-0.0002758574057572,0.0009504942216390315
2392.234,-0.0076637585836712,-0.000243287480501,0.0009292506792102972
2403.426,-0.0089056770794263,-0.0001265792013763,0.0008044036302010423
2406.813,-0.00493153789301,-8.991533275312419e-05,0.0007519287578157056
2410.188,-0.0069186074862182,-5.3299374618493926e-05,0.0006937927209120209
2413.568,-0.0009573987065938,-1.684639381525327e-05,0.0006303263512318612
2416.9949999999994,-0.00493153789301,1.9591874206512047e-05,0.000561278673709014
2420.359,-0.0064218400879161,5.4565704513970034e-05,0.0004895747026041223
2423.7499999999995,-0.003938003096406,8.87502817133218e-05,0.00041406219047570306
2427.1069999999995,-0.004434770494708,0.0001212789453078,0.00033681773134603944
2430.481,-0.0054283052913121,0.0001524151022328,0.0002574085339562338
2433.872,-0.004683154193859,0.0001819090340968,0.00017654143950302027
2437.23,-0.0054283052913121,0.000209133471871,9.613930443954261e-05
2440.5929999999994,-0.0026960846006509,0.0002342365380384,1.6008371512141055e-05
2443.97,-0.0031928519989529,0.0002571021636352,-6.33608839770477e-05
2455.76,-0.0004606313082917,0.0003166746588043,-0.0003222838323121511
2459.177,0.0020232056832184,0.0003276698730534,-0.00038946857644165463
2462.564,-0.0004606313082917,0.000335689126696,-0.00045155393107661326
2465.943,0.0002845197891612,0.0003408183271504,-0.0005085365608658756
2469.313,0.0074876470645408,0.000343086718742,-0.0005600104575587855
2472.679,0.0027683567806714,0.0003425460177718,-0.000605712314001516
2476.079,0.0042586589755775,0.0003392074478329,-0.0006457617284863913
2479.436,0.0084811818611448,0.0003332331379419,-0.00067901906825228
2482.8160000000003,0.010716635153504,0.0003246258901517,-0.0007059959417218912
2486.189,0.0062457285687857,0.0003135590709261,-0.0007262692148121097
2489.559,0.0077360307636918,0.0003001637754995,-0.0007398157401972577
2492.945,0.0117101699501081,0.0002845018230716,-0.0007466566193181304
2496.315,0.0062457285687857,0.0002668864689065,-0.0007467706399134735
2507.19,0.0094747166577489,0.0001984394024621,-0.0007031646038695455
2510.55,0.010716635153504,0.0001744435330253,-0.0006769105713333487
2513.895,0.0102198677552019,0.0001495832939789,-0.0006452870809231064
2517.287,0.0099714840560509,0.0001236046751894,-0.0006079966535770574
2520.652,0.0099714840560509,9.728968711681175e-05,-0.0005662127292490574
2524.006,0.0099714840560509,7.074312275924675e-05,-0.0005202559801071274
2527.369,0.0087295655602958,4.402626536355643e-05,-0.0004703256011342653
2530.742,0.0010296708866143,1.734798071048638e-05,-0.0004168732754446619
2555.46,0.0042586589755775,-0.00015548028874,2.6515504653496515e-05
2558.828,0.0037618915772755,-0.0001736784469568,8.681737294203964e-05
2562.194,0.0027683567806714,-0.0001901445373158,0.00014539612216587938
2606.267,-0.0091540607785773,-0.0002231446259717,0.0005767785146100388
2609.657,-0.0089056770794263,-0.0002121788584289,0.0005759503063557057
2613.101,-0.0074153748845202,-0.0001994630047634,0.000569868093532333
2616.458,-0.0076637585836712,-0.0001856692064298,0.0005589874376910226
2619.847,-0.00493153789301,-0.0001704812321386,0.0005432183300028978
2623.231,-0.0064218400879161,-0.0001541955783173,0.0005228891648941002
2626.622,-0.0069186074862182,-0.0001369066633069,0.0004981759643364932
2629.9819999999995,-0.0056766889904631,-0.0001189743913848,0.0004696840568084387
2633.3659999999995,-0.0056766889904631,-0.0001002683496345,0.0004372750136075188
2636.7629999999995,-0.0019509335031978,-8.100336052066723e-05,0.00040134001462259077
2640.1379999999995,-0.0026960846006509,-6.154446901888706e-05,0.00036263211567364064
2643.5129999999995,-0.003689619397255,-4.193156159691261e-05,0.00032131705109840334
2646.878,3.6136090010265525e-05,-2.238417799809432e-05,0.0002779315504415992
2650.233,0.0027683567806714,-3.0588512426626737e-06,0.00023290771851298557
2662.384,0.0010296708866143,6.323696663243997e-05,6.170423773775115e-05
2665.764,0.0035135078781245,8.004581376597574e-05,1.3672579427103495e-05
2669.1199999999994,0.0030167404798224,9.57971766431208e-05,-3.340696806262273e-05
2672.5309999999995,0.0087295655602958,0.000110735502382,-8.021924085120961e-05
2675.894,0.0040102752764265,0.0001243053505176,-0.00012495403237602074
2679.262,0.0042586589755775,0.0001366531935836,-0.00016797002451893466
2682.6739999999995,0.0062457285687857,0.0001478153368595,-0.00020936709202142042
2686.041,0.0055005774713326,0.0001574349858571,-0.00024773644593819157
2689.422,0.0020232056832184,0.0001656462129636,-0.00028348158726155235
2692.777,0.0037618915772755,0.0001723191781338,-0.0003159247861753189
2696.157,0.0059973448696346,0.0001775279727115,-0.00034531967347245317
2699.528,0.0057489611704836,0.0001811941982796,-0.0003711392604958518
2702.893,0.0069908796662387,0.0001833286738571,-0.0003932563853906925
2713.8479999999995,0.0064941122679367,0.0001799210469154,-0.0004385193031696021
2717.2490000000003,0.0055005774713326,0.0001757711196761,-0.00044401278495295553
2720.6159999999995,0.0015264382849163,0.0001703111174581,-0.0004454454306686866
2723.9859999999994,0.0012780545857653,0.0001635677755294,-0.0004429369485143589
2727.3740000000003,0.0007812871874633,0.0001555769388179,-0.000436522740760888
2730.7580000000003,3.6136090010265525e-05,0.0001464694785634,-0.00042633721850531074
2734.128,0.0007812871874633,0.0001363747485222,-0.00041258813224691847
2737.538,0.0002845197891612,0.0001252210498042,-0.0003951937780651216
2740.925,0.0007812871874633,0.0001133148095937,-0.00037465732840300534
2744.3299999999995,0.0012780545857653,0.0001006268763768,-0.00035097296798691335
2747.703,-0.0009573987065938,8.74632504551646e-05,-0.00032476239950795664
2751.097,0.0027683567806714,7.373870352983067e-05,-0.00029590443689621776
2754.493,-0.0031928519989529,5.964607192079873e-05,-0.00026483133640710024
2766.5889999999995,-0.003689619397255,8.357131751573608e-06,-0.00014109384448375087
2769.9729999999995,-0.0054283052913121,-5.793714924709657e-06,-0.00010422917703532036
2773.377,3.6136090010265525e-05,-1.9726897747699917e-05,-6.678718356589128e-05
2776.743,0.0010296708866143,-3.310040198637724e-05,-2.974299912447692e-05
2780.108,-0.004683154193859,-4.596723892756151e-05,6.983471577124365e-06
2783.478,-0.004434770494708,-5.8254437804944914e-05,4.31385537661365e-05
2786.819,-0.0061734563887651,-6.97571798893243e-05,7.806039553930723e-05
2790.194,-0.004434770494708,-8.06096431522997e-05,0.0001121109355025613
2793.564,-0.0024477009014999,-9.060271888326737e-05,0.00014460085730296358
2796.939,-0.0004606313082917,-9.970003050476504e-05,0.00017536282566719643
2800.293,-0.0066702237870672,-0.0001077810663574,0.00020393101145466255
2803.657,-0.0019509335031978,-0.0001148770477824,0.0002303589831020867
2807.012,-0.0056766889904631,-0.0001209084015053,0.0002542999319032698
2819.2580000000003,0.0012780545857653,-0.0001336796538475,0.0003187259734780591
2822.642,3.6136090010265525e-05,-0.0001346111133278,0.00032967710137633263
2826.015,-0.0061734563887651,-0.0001344320827434,0.00033751204089372535
2829.372,-0.0031928519989529,-0.0001331769359378,0.0003422343583311461
2832.757,-0.00493153789301,-0.0001308529195713,0.00034389521633255646
2836.131,0.0027683567806714,-0.0001275163311992,0.0003424851278645004
2839.516,-0.0034412356981039,-0.0001231907771529,0.00033805481406371717
2842.896,-0.003689619397255,-0.0001179465560319,0.00033070282525028666
2846.259,0.0040102752764265,-0.0001118697797827,0.00032059297804863863
2849.615,0.0032651241789734,-0.0001050154116171,0.00030785612744407815
2852.998,-0.0014541661048958,-9.737681270689672e-05,0.00029249356297490043
2856.359,0.0002845197891612,-8.91370894378361e-05,0.00027489503608466796
2859.7490000000003,0.0037618915772755,-8.024822123206563e-05,0.0002549794190240526
2872.14,3.6136090010265525e-05,-4.417277001508176e-05,0.0001672075208091153
2875.519,0.0055005774713326,-3.3740395905187e-05,0.00014023784785181323
2878.882,-0.0002122476091407,-2.326888033823834e-05,0.00011257518791708036
2882.257,0.0015264382849163,-1.275768597482204e-05,8.42478683605219e-05
2885.63,0.0027683567806714,-2.33540755523294e-06,5.5629173235676806e-05
2889.02,0.0045070426747285,7.972457885333844e-06,2.681543305771567e-05
2892.3879999999995,0.0062457285687857,1.7967516124053244e-05,-1.6077262737281658e-06
2895.78,0.0097231003568999,2.770858739132581e-05,-2.9777701196755695e-05
2899.1599999999994,0.0099714840560509,3.701731333383193e-05,-5.715104890409919e-05
2902.543,0.0015264382849163,4.586780705383939e-05,-8.36196447619039e-05
2905.926,0.0057489611704836,5.418786337235975e-05,-0.00010893832586634051
2909.282,0.0025199730815204,6.185994379736659e-05,-0.00013271481578546487
2912.664,0.0045070426747285,6.895334327376967e-05,-0.00015513482501399548
2925.976,0.0012780545857653,8.985294469886513e-05,-0.0002252583819287585
2929.369,0.0052521937721816,9.324161562504832e-05,-0.0002378798776825295
2932.766,0.0035135078781245,9.580907847035084e-05,-0.00024819393349526125
2936.144,0.0022715893823694,9.75371113028367e-05,-0.0002560903400253949
2939.5259999999994,0.0012780545857653,9.844352532544884e-05,-0.00026160477784089464
2942.918,0.0047554263738796,9.853210203016676e-05,-0.00026472009683137454
2946.292,-0.0007090150074427,9.781875639097938e-05,-0.00026542859657254994
2949.658,0.0012780545857653,9.633048495985487e-05,-0.0002637902370199634
2953.05,-0.0002122476091407,9.407209757366826e-05,-0.0002598207150439693
2956.442,0.0030167404798224,9.10841341400892e-05,-0.0002535949999547493
2959.802,-0.0024477009014999,8.744185231390422e-05,-0.000245292454409748
2963.171,-0.0009573987065938,8.314935679174141e-05,-0.00023493971099645036
2974.23,-0.0034412356981039,6.514743302909639e-05,-0.00018829802138638183
2977.5839999999994,-0.0017025498040468,5.87042047782691e-05,-0.00017088653375010328
2980.954,-0.004186386795557,5.187146227637822e-05,-0.00015215913101873172
2984.351,0.0032651241789734,4.468237860168889e-05,-0.000132217322478078
2987.756,0.0037618915772755,3.7237001368903366e-05,-0.00011135144708133416
2991.112,0.0032651241789734,2.972817173936293e-05,-9.012231097117943e-05
2994.466,-0.004186386795557,2.21179753135916e-05,-6.844385610341126e-05
2997.847,-0.0004606313082917,1.440312018555393e-05,-4.632254517954513e-05
3001.229,0.0012780545857653,6.7057553253289485e-06,-2.412493038988592e-05
3004.591,-0.0076637585836712,-8.649008148615537e-07,-2.1851910091278475e-06
3007.9769999999994,0.0020232056832184,-8.347451564110543e-06,1.959037573606484e-05
3024.369,-0.003689619397255,-4.076075054157499e-05,0.00011463878978492082
3027.76,0.0005329034883123,-4.634869905286412e-05,0.0001310762090173057
3031.176,-0.0002122476091407,-5.149400222992072e-05,0.00014619631549413092
3034.532,-0.0012057824057448,-5.604318799256372e-05,0.00015953445046088425
3037.905,-0.0056766889904631,-6.008228974331663e-05,0.0001713307905626264
3041.288,-0.0014541661048958,-6.357320911450209e-05,0.0001814619730238354
3044.657,-0.0019509335031978,-6.647387157757834e-05,0.00018979602802563273
3048.0309999999995,-0.0021993172023488,-6.87896264735247e-05,0.00019634033761619963
3051.4059999999995,-0.0029444682998019,-7.050784660677212e-05,0.00020105230613372572
3054.766,-0.0021993172023488,-7.162080047035673e-05,0.00020390768518449822
3058.1289999999995,0.0010296708866143,-7.213922696741692e-05,0.0002049346436965826
3061.475,0.0012780545857653,-7.207003337123311e-05,0.0002041573563171164
3064.8389999999995,-0.0019509335031978,-7.142315449594635e-05,0.00020160138797178535
3079.0799999999995,0.0055005774713326,-6.270454756088525e-05,0.00017247624217584868
3082.478,0.0040102752764265,-5.933741884276392e-05,0.0001616201721483513
3085.85,0.0012780545857653,-5.5573623593587525e-05,0.00014958286207274573
3089.256,0.0025199730815204,-5.1383369316604966e-05,0.0001362737381448797
3092.628,0.0057489611704836,-4.689097095732818e-05,0.00012209319981333486
3095.99,0.0020232056832184,-4.211345714120094e-05,0.0001070999615876056
3099.3830000000003,0.0057489611704836,-3.703421399796179e-05,9.125021979104055e-05
3102.7490000000003,0.0005329034883123,-3.178499886115808e-05,7.49635886047711e-05
3106.103,0.0035135078781245,-2.639188603131126e-05,5.832831665521004e-05
3112.819,0.0072392633653897,-1.5289657099270502e-05,2.4404925206229506e-05
3128.943,0.0010296708866143,1.108241367964485e-05,-5.408238946849738e-05
3132.355,0.0077360307636918,1.6278164916466096e-05,-6.908270547312618e-05
3135.726,0.0032651241789734,2.118794675819531e-05,-8.306197618682348e-05
3139.114,3.6136090010265525e-05,2.586238981555301e-05,-9.615789317193539e-05
3142.519,0.0005329034883123,3.0263797414266144e-05,-0.00010825354117755345
3145.887,-0.0009573987065938,3.429464998631339e-05,-0.00011907627933504107
3149.259,0.0005329034883123,3.798174153002549e-05,-0.00012869637169843747
3152.628,-0.0019509335031978,4.129366356165654e-05,-0.00013702732277080093
3156.023,-0.0021993172023488,4.423465554217846e-05,-0.00014407328090253183
3159.386,-0.0031928519989529,4.673883733334008e-05,-0.00014967625560414097
3182.02,0.0005329034883123,5.2409601954239776e-05,-0.00015097645443275479
3185.387,-0.0051799215921611,5.159897031753704e-05,-0.00014597492563967756
3188.795,-0.0051799215921611,5.036943616851904e-05,-0.00013968436614733232
3192.18,-0.0034412356981039,4.875808261240119e-05,-0.0001322877860376167
3195.532,-0.0017025498040468,4.67990213589436e-05,-0.0001239174361496502
3198.893,-0.0026960846006509,4.449379825566838e-05,-0.0001145691888646434
3202.2580000000003,-0.0034412356981039,4.186843880645831e-05,-0.00010434806058844798
3205.615,-0.0061734563887651,3.895949452032453e-05,-9.339449888303756e-05
3235.182,0.0017748219840673,5.6288786718916265e-06,1.8237438911784828e-05
3238.5660000000003,0.0037618915772755,1.51902115751776e-06,3.070422999816759e-05
3241.965,0.0040102752764265,-2.548004470830909e-06,4.275822936858039e-05
3245.363,0.0037618915772755,-6.5204163861867735e-06,5.423931147956818e-05
3285.7319999999995,0.0042586589755775,-3.747420907898047e-05,0.00012195249129294452
3289.085,0.0010296708866143,-3.819304643116974e-05,0.00012081211164691827
3292.436,0.0015264382849163,-3.859367773222201e-05,0.000118637664809553
3295.818,0.0045070426747285,-3.867834347497046e-05,0.00011542960852959857
3299.181,0.0047554263738796,-3.844903674460271e-05,0.0001112735380938582
3302.534,0.0057489611704836,-3.791652033307894e-05,0.00010622180649925972
3305.878,0.0042586589755775,-3.7092770791091134e-05,0.00010033826379246734
3309.255,0.0015264382849163,-3.597618943475339e-05,9.360499261464332e-05
3339.14,0.0047554263738796,-1.638151289136686e-05,1.1955356041918677e-05
3342.585,0.0067424959670877,-1.3394749864335934e-05,1.6059601046068333e-06
3345.997,0.0074876470645408,-1.0378295955859955e-05,-8.499053187868336e-06
3349.354,0.0062457285687857,-7.379171510454831e-06,-1.8213470244154342e-05
3352.725,0.0050038100730306,-4.361213085674708e-06,-2.7658628723160934e-05
3390.462,-0.003689619397255,2.318325006039365e-05,-9.290818191128386e-05
3393.824,-0.0026960846006509,2.4602817319319767e-05,-9.400622095906696e-05
3397.226,-0.003689619397255,2.581242395620418e-05,-9.426166283361991e-05
3400.613,-0.0031928519989529,2.6784202830530047e-05,-9.367187252359486e-05
3403.961,-0.003689619397255,2.751306323681267e-05,-9.227898207365577e-05
3407.344,-0.0051799215921611,2.801372577445596e-05,-9.007861026915436e-05
3410.7319999999995,-0.0051799215921611,2.8277696733187648e-05,-8.710798128721868e-05
3414.0979999999995,-0.004683154193859,2.830669682722261e-05,-8.343433461808907e-05
3443.056,0.0040102752764265,1.9977879400743467e-05,-2.968474825640351e-05
3446.442,0.0037618915772755,1.8193981901197737e-05,-2.1875821223255715e-05
3449.824,0.0040102752764265,1.6295729722468895e-05,-1.4002252538593337e-05
3493.432,0.0074876470645408,-1.0607199061545046e-05,6.5584832348192e-05
3496.796,0.0002845197891612,-1.2282356500525764e-05,6.83118445534393e-05
3500.177,0.0047554263738796,-1.3836559350201776e-05,7.04065998353678e-05
3503.5439999999994,0.0040102752764265,-1.52451464220798e-05,7.184052541254834e-05
3506.927,0.0010296708866143,-1.651155041170691e-05,7.262317139812503e-05
3510.315,0.0010296708866143,-1.7622599519475657e-05,7.274909372519414e-05
3513.722,0.0017748219840673,-1.8574878348468782e-05,7.22209487107951e-05
3517.0979999999995,0.0005329034883123,-1.9350466928785485e-05,7.106460395351309e-05
3520.4819999999995,0.0045070426747285,-1.995668952206328e-05,6.929321324914737e-05
3523.838,0.0005329034883123,-2.0386745024363143e-05,6.695580819346454e-05
3527.201,0.0025199730815204,-2.064627498678417e-05,6.406289692370109e-05
3530.564,0.0007812871874633,-2.0735144167740968e-05,6.06525733605383e-05
3533.951,0.0005329034883123,-2.065448463882318e-05,5.673328369829825e-05
3537.353,0.0087295655602958,-2.0405281773288237e-05,5.234966729223254e-05
3549.572,-0.0019509335031978,-1.821026377260475e-05,3.364902459919781e-05
3552.9819999999995,3.6136090010265525e-05,-1.7268187936517194e-05,2.7827918711448757e-05
3556.377,3.6136090010265525e-05,-1.6205126903225475e-05,2.187298196810113e-05
3559.751,0.0007812871874633,-1.5035772089028292e-05,1.5852388415283518e-05
3563.123,-0.0021993172023488,-1.3766160577226568e-05,9.788040512615183e-06
3566.497,-0.0017025498040468,-1.2406854628466011e-05,3.727000287795484e-06
3569.842,0.0007812871874633,-1.0983788218457909e-05,-2.2225844266658676e-06
3573.199,-0.0029444682998019,-9.492856777563084e-06,-8.082895697084031e-06
3576.556,0.0007812871874633,-7.952096198215366e-06,-1.3782942098907164e-05
3579.9009999999994,-0.0019509335031978,-6.38042220293896e-06,-1.92561614026522e-05
3583.274,-0.0021993172023488,-4.772143386514913e-06,-2.4521444519692534e-05
3586.646,0.0022715893823694,-3.1541919599851395e-06,-2.948808949187197e-05
3590.0080000000003,-0.0007090150074427,-1.54412932559397e-06,-3.41052793786429e-05
3600.902,0.0025199730815204,3.4995927386683675e-06,-4.637174051380332e-05
3604.275,-0.0007090150074427,4.962878123588699e-06,-4.923420744908311e-05
3607.647,-0.0051799215921611,6.359704971823671e-06,-5.161777367661321e-05
3611.051,-0.0017025498040468,7.692525484453728e-06,-5.352525498316592e-05
3614.428,-0.003689619397255,8.928640067553013e-06,-5.4913294377365137e-05
3617.803,-0.0026960846006509,1.0069786744633696e-05,-5.57940936882477e-05
3621.173,-0.004186386795557,1.110768618774991e-05,-5.61684491076883e-05
3624.546,0.0005329034883123,1.203828934625827e-05,-5.6042162297452966e-05
3627.91,0.0010296708866143,1.285298842350306e-05,-5.542578741121887e-05
3631.268,-0.0034412356981039,1.3548719443521298e-05,-5.433493124900692e-05
3634.632,-0.0021993172023488,1.412444378361116e-05,-5.278256777605858e-05
3638.006,-0.0014541661048958,1.4577477072643478e-05,-5.0784343712052926e-05
3641.384,0.0042586589755775,1.4904775539368304e-05,-4.8365525903258945e-05
3653.42,-0.0034412356981039,1.504751343670618e-05,-3.6793145710795194e-05
3656.801,-0.004186386795557,1.480810057435637e-05,-3.285700426739842e-05
3660.173,-0.004186386795557,1.445364096255292e-05,-2.8701672352078457e-05
3663.539,-0.0002122476091407,1.398948822816188e-05,-2.4365041508002284e-05
3666.933,0.0007812871874633,1.3415648447775838e-05,-1.984309128146668e-05
3670.306,0.0012780545857653,1.2746580660700787e-05,-1.5242747651020493e-05
3673.693,0.0030167404798224,1.1982875424736438e-05,-1.0559222053726996e-05
3677.094,-0.0007090150074427,1.1131308173598984e-05,-5.8346277325375155e-06
3680.46,-0.0012057824057448,1.0213277925065717e-05,-1.1790806376888955e-06
3683.834,0.0012780545857653,9.22674781908938e-06,3.4262373249420868e-06
3687.199,-0.0012057824057448,8.185829064080514e-06,7.91867162978737e-06
3690.579,0.0020232056832184,7.092418768683766e-06,1.2291752417703681e-05
3693.948,0.0037618915772755,5.964505608585665e-06,1.647528317268305e-05
3705.036,0.0010296708866143,2.1060874408260644e-06,2.860006206037665e-05
3708.39,0.0037618915772755,9.314955475650149e-07,3.1663048660177116e-05
3711.755,0.0012780545857653,-2.336553798654467e-07,3.4411494742615324e-05
3715.126,0.0012780545857653,-1.3783648468668736e-06,3.6819672230782007e-05
3718.511,0.0067424959670877,-2.496233747595266e-06,3.887420209950103e-05
3721.872,-0.0004606313082917,-3.566426977784678e-06,4.054117619181511e-05
3725.221,0.0050038100730306,-4.585534515578015e-06,4.182364502258927e-05
3728.591,0.0040102752764265,-5.556014084345935e-06,4.2727265228087844e-05
3731.981,-0.0004606313082917,-6.4696485103072975e-06,4.324268271549016e-05
3735.375,-0.0009573987065938,-7.315109101084264e-06,4.336479088896965e-05
3738.759,-0.0009573987065938,-8.083432029949898e-06,4.3099103878282504e-05
3742.129,0.0062457285687857,-8.769598933736037e-06,4.2458312498342354e-05
3745.568,-0.0007090150074427,-9.38425516435873e-06,4.142923729142682e-05
3756.072,0.0010296708866143,-1.0693434004295089e-05,3.6115732724057334e-05
3759.46,-0.0014541661048958,-1.0926621467936542e-05,3.3775733852393486e-05
3762.845,0.0030167404798224,-1.106638128006602e-05,3.117370659074564e-05
3766.213,-0.0017025498040468,-1.111347034415322e-05,2.834969025549222e-05
3769.59,0.0012780545857653,-1.1069828819414044e-05,2.5311341638896676e-05
3772.959,-0.0014541661048958,-1.093759181825218e-05,2.210375707799841e-05
3776.349,0.0027683567806714,-1.0717773257176418e-05,1.872961397284227e-05
3779.718,0.0020232056832184,-1.0416396455369424e-05,1.526261708606742e-05
3783.08,-0.0034412356981039,-1.0037126991905258e-05,1.172196665235457e-05
3786.457,-0.0031928519989529,-9.58167489520139e-06,8.116756860665273e-06
3789.819,-0.004434770494708,-9.059055158528431e-06,4.51133004219293e-06
3793.209,0.0032651241789734,-8.467692237851629e-06,8.918572093002738e-07
3806.132,0.0005329034883123,-5.730895440426077e-06,-1.2203601030753092e-05
3809.521,-0.004186386795557,-4.91813198038319e-06,-1.5317478360106886e-05
3812.878,0.0010296708866143,-4.087661953360474e-06,-1.8220162742162687e-05
3816.237,-0.003689619397255,-3.238545491053047e-06,-2.0920791896936124e-05
3819.648,-0.0021993172023488,-2.365040078601506e-06,-2.3433547478475763e-05
3823.029,-0.00493153789301,-1.495310401711608e-06,-2.567713857978799e-05
3826.39,-0.0014541661048958,-6.3395416067423e-07,-2.764768705768197e-05
3829.766,-0.003689619397255,2.2107196916142585e-07,-2.935286524649574e-05
3833.144,-0.004434770494708,1.0596510543103104e-06,-3.0773200871204495e-05
3836.533,-0.0021993172023488,1.877376913210401e-06,-3.190261718210238e-05
3839.905,-0.003689619397255,2.6613604227491145e-06,-3.272713624273288e-05
3843.275,0.0012780545857653,3.4095185471640146e-06,-3.3250264445289094e-05
3859.761,-0.0002122476091407,6.394922032484326e-06,-3.1558574400363155e-05
3863.149,-0.0012057824057448,6.842043797209257e-06,-3.038789591840132e-05
3866.559,-0.0031928519989529,7.2276383026635905e-06,-2.89548416251771e-05
3869.95,-0.0017025498040468,7.544977237858686e-06,-2.7292987771459006e-05
3873.335,3.6136090010265525e-05,7.794585743113267e-06,-2.5417011411777462e-05
3876.742,-0.0021993172023488,7.977199279908872e-06,-2.3330115098841603e-05
3880.123,-0.0007090150074427,8.090093001536528e-06,-2.108357259592787e-05
3883.474,0.0007812871874633,8.135107093995929e-06,-1.8706675000305925e-05
3886.833,-0.0012057824057448,8.114226395983827e-06,-1.6197093223762512e-05
3890.204,0.0047554263738796,8.028176301159386e-06,-1.3574741283798228e-05
3893.576,0.0027683567806714,7.878708983886974e-06,-1.0872260983769305e-05
3896.942,0.0010296708866143,7.668598113867394e-06,-8.120397458353093e-06
3900.304,0.0032651241789734,7.400753291324407e-06,-5.342720351699117e-06
3910.54,0.0002845197891612,6.263346254127156e-06,3.038556882261346e-06
3913.944,0.0069908796662387,5.791234768677528e-06,5.718067226489132e-06
3917.341,-0.0017025498040468,5.280920952170125e-06,8.299449486814437e-06
3920.699,0.0032651241789734,4.742790197903597e-06,1.0739033650799827e-05
3924.07,0.0005329034883123,4.17385940741973e-06,1.3056060058736735e-05
3927.465,0.0012780545857653,3.5769657344204157e-06,1.5237314578885978e-05
3930.901,0.0032651241789734,2.953856662663941e-06,1.7271864025054907e-05
3934.272,-0.0002122476091407,2.329316586980445e-06,1.9083456266947137e-05
3937.676,0.0020232056832184,1.6907856753348323e-06,2.0713903612010368e-05
3941.072,0.0017748219840673,1.0512306947548605e-06,2.2129918565802565e-05
3944.48,-0.0002122476091407,4.122095802033356e-07,2.3329994872340762e-05
3947.87,-0.0034412356981039,-2.154881301007213e-07,2.429686129853183e-05
3951.247,-0.0029444682998019,-8.279337560356042e-07,2.5029952121763417e-05
3963.139,-0.0029444682998019,-2.815255637015545e-06,2.5759524877555514e-05
3966.563,-0.0002122476091407,-3.3208470627200444e-06,2.5442150507124512e-05
3969.952,-0.0026960846006509,-3.785075585978547e-06,2.4905181976153387e-05
3973.321,-0.0021993172023488,-4.207744053413439e-06,2.415978348873077e-05
3976.684,-0.0009573987065938,-4.588332569833236e-06,2.3215084863299453e-05
3980.039,0.0020232056832184,-4.924548073156256e-06,2.2084210168141304e-05
3983.421,0.0047554263738796,-5.217570943174398e-06,2.076670485284897e-05
3986.805,-0.0031928519989529,-5.463081153717547e-06,1.9284431270249066e-05
3990.17,-0.0002122476091407,-5.658772747652627e-06,1.7663344800554282e-05
3993.531,-0.0014541661048958,-5.805290394362746e-06,1.591419968638831e-05
3996.895,0.0035135078781245,-5.902645787127663e-06,1.405075485130329e-05
4000.25,-0.0012057824057448,-5.950709637981781e-06,1.2097943160509571e-05
4003.634,0.0022715893823694,-5.9500726218705175e-06,1.005159478098118e-05
4015.434,0.0020232056832184,-5.5778755755478e-06,2.591657727927402e-06
4018.795,-0.0034412356981039,-5.373544597915466e-06,4.539292372849357e-07
4022.175,-0.004186386795557,-5.128156337470975e-06,-1.6668428132854552e-06
4025.55,0.0025199730815204,-4.845896621482486e-06,-3.7371678680943018e-06
4028.926,-0.0059250726896141,-4.529278335095889e-06,-5.743236264232162e-06
4032.282,0.0017748219840673,-4.1836985610157045e-06,-7.656569409988762e-06
4035.637,-0.0002122476091407,-3.810804078806589e-06,-9.473259264497712e-06
4039.007,0.0040102752764265,-3.4121416858665e-06,-1.118686302369985e-05
4042.372,-0.0024477009014999,-2.993602196283216e-06,-1.277339572992151e-05
4045.749,0.0010296708866143,-2.556765414320015e-06,-1.4228379498422193e-05
4049.11,0.0050038100730306,-2.1090868517156824e-06,-1.5529349928339946e-05
4052.496,-0.0031928519989529,-1.6489358918636003e-06,-1.668230022149859e-05
4055.895,0.0015264382849163,-1.1817221661474176e-06,-1.767264530033973e-05
4068.282,-0.0014541661048958,5.039918293783453e-07,-1.9783084180053522e-05
4071.68,-0.0019509335031978,9.45444771366552e-07,-1.9940350438019778e-05
4075.042,0.0005329034883123,1.3668460950816887e-06,-1.9917881638076634e-05
4078.393,0.0010296708866143,1.768539952169759e-06,-1.9722131783350524e-05
4081.778,-0.0014541661048958,2.152788005789996e-06,-1.935311781185331e-05
4085.142,0.0042586589755775,2.510516135554178e-06,-1.8821696917072928e-05
4088.504,0.0037618915772755,2.8415346591519737e-06,-1.8133738386365798e-05
4091.872,0.0012780545857653,3.144382499742934e-06,-1.7295785702532274e-05
4095.251,-0.0009573987065938,3.417346424051324e-06,-1.6315175046267136e-05
4098.653,0.0025199730815204,3.659241812856984e-06,-1.5197270669671794e-05
4102.007,3.6136090010265525e-05,3.864019060916022e-06,-1.3978562109481224e-05
4105.388999999999,0.0064941122679367,4.0355488382821815e-06,-1.2645123869095631e-05
4108.761,-0.0002122476091407,4.170858818833362e-06,-1.1224437291050678e-05
4120.405000000001,0.0015264382849163,4.360010616086824e-06,-5.816845095938293e-06
4123.780000000001,0.0062457285687857,4.335013455172495e-06,-4.163663197157385e-06
4127.146999999999,0.0055005774713326,4.275521163842672e-06,-2.503081256817809e-06
4130.544,0.0020232056832184,4.18163135419112e-06,-8.312692759798685e-07
4133.928,-0.0012057824057448,4.055641747443909e-06,8.158308096549608e-07
4137.285,-0.0024477009014999,3.900226506535782e-06,2.417577038195908e-06
4140.65,0.0015264382849163,3.715815290768843e-06,3.977342496520623e-06
4144.023999999999,0.0005329034883123,3.504135748271097e-06,5.482200315813055e-06
4147.417,0.0002845197891612,3.266436009863602e-06,6.9233858494307725e-06
4150.812,-0.0017025498040468,3.006064099685968e-06,8.281273836718132e-06
4154.174999999999,0.0055005774713326,2.728416740012755e-06,9.53273204238677e-06
4157.551,-0.0017025498040468,2.432552069887415e-06,1.0685654666277406e-05
4160.912,-0.0031928519989529,2.123616393827584e-06,1.1722057463393943e-05
4173.710999999999,-0.0024477009014999,8.647293589635214e-07,1.4534884379916923e-05
4177.0830000000005,-0.0019509335031978,5.24395099239299e-07,1.4955801110827743e-05
4180.441999999999,-0.0007090150074427,1.8713967152754625e-07,1.5237586810090382e-05
4183.828,0.0012780545857653,-1.483236327800293e-07,1.5382366593641487e-05
4187.217999999999,0.0017748219840673,-4.770005313606479e-07,1.5388113835203117e-05
4190.584999999999,-0.0012057824057448,-7.938075218323173e-07,1.5258022276255629e-05
4193.9490000000005,-0.003689619397255,-1.098351518204667e-06,1.4996109358141508e-05
4197.342999999999,3.6136090010265525e-05,-1.3911983581457277e-06,1.4602606673885433e-05
4200.710999999999,-0.0024477009014999,-1.6653854901941167e-06,1.4089207611407302e-05
4204.081,-0.0024477009014999,-1.921437262175359e-06,1.3459371860944453e-05
4207.455,-0.0017025498040468,-2.157708757412641e-06,1.2719759672420557e-05
4210.829,-0.0031928519989529,-2.3723275747381896e-06,1.1879255772818656e-05
4214.214,-0.0034412356981039,-2.5645251142457344e-06,1.0943649396509159e-05
4225.957,-0.0024477009014999,-3.037362872267525e-06,7.123143707065655e-06
4229.347,-0.0034412356981039,-3.1151655054386745e-06,5.898603390056015e-06
4232.739,3.6136090010265525e-05,-3.1661458098036624e-06,4.639674307680113e-06
4236.101000000001,-0.0026960846006509,-3.1902142697978974e-06,3.3702067150091076e-06
4239.458999999999,-0.003938003096406,-3.1882285563200214e-06,2.0921752851109165e-06
4242.816000000001,-0.0004606313082917,-3.160719068209141e-06,8.157864624663718e-07
4246.182000000001,-0.0012057824057448,-3.108186051301263e-06,-4.515685612966027e-07
4249.529,-0.0019509335031978,-3.03203228730712e-06,-1.6885834717038137e-06
4252.924999999999,-0.0024477009014999,-2.9314434909106883e-06,-2.9093857494002696e-06
4256.280999999999,-0.0014541661048958,-2.8101744723495696e-06,-4.071736440521101e-06
4259.710999999999,-0.0019509335031978,-2.6651872307651697e-06,-5.204541657196333e-06
4263.107,-0.0017025498040468,-2.502234996857428e-06,-6.261946819300779e-06
4266.505999999999,-0.0007090150074427,-2.321496124702222e-06,-7.247840787913567e-06
4278.249,0.0022715893823694,-1.5872238869084713e-06,-9.995687108787773e-06
4281.655999999999,-0.0012057824057448,-1.350378870949785e-06,-1.0578427972799455e-05
4285.026,-0.0007090150074427,-1.1092968258347973e-06,-1.1052307540269937e-05
4288.388999999999,0.0057489611704836,-8.640312188939113e-07,-1.1420938120968309e-05
4291.767,-0.0019509335031978,-6.15034609309532e-07,-1.1684708444439389e-05
4295.126,0.0010296708866143,-3.6686125835174e-07,-1.184046979268509e-05
4298.492,0.0042586589755775,-1.1960645989885444e-07,-1.1890262419049618e-05
4301.851999999999,-0.0007090150074427,1.238148708509917e-07,-1.183503653967687e-05
4305.210999999999,0.0069908796662387,3.6188058097815253e-07,-1.1677125789949598e-05
4308.579,0.0035135078781245,5.934540540699239e-07,-1.141866118215138e-05
4311.996999999999,-0.0004606313082917,8.193780068014796e-07,-1.1057767523996364e-05
4315.352999999999,0.0010296708866143,1.0306485352673455e-06,-1.06114211417015e-05
4318.75,0.0005329034883123,1.2322972376644796e-06,-1.0072229806332092e-05
4330.297999999999,0.0025199730815204,1.8078391886112617e-06,-7.66982695456379e-06
4333.712,-0.0004606313082917,1.940984025043058e-06,-6.82080116441018e-06
4337.110999999999,0.0005329034883123,2.055193506586933e-06,-5.927389267974728e-06
4340.466999999999,0.0055005774713326,2.149394844814861e-06,-5.006731696040634e-06
4343.840999999999,0.0035135078781245,2.2250714601410804e-06,-4.05127117257185e-06
4347.251999999999,-0.0009573987065938,2.2819027338122294e-06,-3.0639510399355345e-06
4350.624,0.0005329034883123,2.318526262335481e-06,-2.0758029763539775e-06
4354.027,-0.0026960846006509,2.335820763947569e-06,-1.0754378143547699e-06
4379.709999999999,0.0020232056832184,1.8759015397088544e-06,5.696052675956012e-06
4383.081999999999,0.0055005774713326,1.749096749032832e-06,6.38097317968697e-06
4386.428,0.0050038100730306,1.611502145736093e-06,6.994620735096216e-06
4389.789999999999,0.0040102752764265,1.4627596147872005e-06,7.540619825916444e-06
4393.153999999999,0.0015264382849163,1.3047849326550734e-06,8.01243108145747e-06
4396.553,-0.0014541661048958,1.1373372913913118e-06,8.410397157685946e-06
4399.960999999999,-0.0026960846006509,9.630636266207664e-07,8.727601235714924e-06
4403.337,0.0010296708866143,7.856507453672483e-07,8.959496383138152e-06
4431.928,-0.0007090150074427,-6.98494768243996e-07,7.715920895431327e-06
4435.334999999999,-0.0009573987065938,-8.499507685754979e-07,7.227136155156771e-06
4438.761999999999,-0.0012057824057448,-9.924846304403434e-07,6.677540517069714e-06
4442.16,-0.0026960846006509,-1.123100957995266e-06,6.081028127997871e-06
4445.527,0.0042586589755775,-1.2411346850199485e-06,5.445357687674982e-06
4448.893,-0.003938003096406,-1.3470461001351525e-06,4.77178323764623e-06
4452.266,-0.0007090150074427,-1.440412094979763e-06,4.0651284363911925e-06
4455.703,-0.0017025498040468,-1.5218577504310924e-06,3.3193973543866984e-06
4459.091999999999,0.0059973448696346,-1.5882123867393009e-06,2.5657192540886136e-06
4462.485999999999,0.0050038100730306,-1.640480587161776e-06,1.7996999850275211e-06
4465.850999999999,-0.0004606313082917,-1.678115978003511e-06,1.0360339828552838e-06
4469.233999999999,0.0007812871874633,-1.7016593288416077e-06,2.7092953557394075e-07
4472.617,0.0055005774713326,-1.7109339816106327e-06,-4.847856259866854e-07
4476.004999999999,0.0052521937721816,-1.7061002897298802e-06,-1.2256293818374794e-06
4488.787999999999,-0.0014541661048958,-1.5669173263283876e-06,-3.7706249871088053e-06
4492.183999999999,0.0047554263738796,-1.50026605058865e-06,-4.3547264653719954e-06
4495.532999999999,-0.0014541661048958,-1.4236456893689778e-06,-4.883782341671247e-06
4498.92,0.0032651241789734,-1.3359772985999272e-06,-5.367421067355041e-06
4502.273999999999,-0.0004606313082917,-1.239954127165578e-06,-5.791962445077644e-06
4505.668,-0.0007090150074427,-1.1344104388576686e-06,-6.163527843143436e-06
4509.046999999999,0.0007812871874633,-1.0219666664949054e-06,-6.473068883633224e-06
4512.391,0.0047554263738796,-9.044762425349612e-07,-6.718305155514174e-06
4515.75,-0.0021993172023488,-7.812932232966782e-07,-6.902236488051173e-06
4519.103999999999,0.0035135078781245,-6.542032850310318e-07,-7.022840382303292e-06
4522.428,0.0040102752764265,-5.252891059248795e-07,-7.080112672859881e-06
4538.278999999999,-0.0026960846006509,9.71645911839094e-08,-6.529661100015896e-06
4541.661,0.0017748219840673,2.2479342720839785e-07,-6.248526646169163e-06
4545.042,0.0027683567806714,3.4829309468539085e-07,-5.916420924791996e-06
4548.414999999999,-0.0019509335031978,4.6649664532515997e-07,-5.537948742163754e-06
4551.767,0.0027683567806714,5.78153931518686e-07,-5.1191937501299734e-06
4555.147999999999,3.6136090010265525e-05,6.841049795161279e-07,-4.658131485605616e-06
4558.554,-0.0024477009014999,7.833137380622924e-07,-4.159113017030377e-06
4561.911,-0.0031928519989529,8.730398650653142e-07,-3.6382262217226863e-06
4565.290999999999,-0.0012057824057448,9.5471277869346e-07,-3.089715738441339e-06
4568.672999999999,-0.0017025498040468,1.0272201089719923e-06,-2.5219463481681813e-06
4572.072,-0.0019509335031978,1.0903756355233738e-06,-1.9376148062345426e-06
4575.430999999999,-0.0012057824057448,1.1428811768690528e-06,-1.3519797038659653e-06
4578.789999999999,-0.0017025498040468,1.185289587291985e-06,-7.634810119482739e-07
4582.155999999999,-0.0014541661048958,1.21749471012211e-06,-1.7609510146864749e-07
4595.338,-0.0034412356981039,1.2441373625331362e-06,2.0066724846783047e-06
4598.722,-0.0026960846006509,1.226032840509952e-06,2.5139704962577904e-06
4602.088,-0.0019509335031978,1.198437081192598e-06,2.9886764080262553e-06
4605.451999999999,0.0022715893823694,1.1616956767556606e-06,3.4295972412600567e-06
4608.819,0.0002845197891612,1.1162081691802582e-06,3.834012126685168e-06
4612.179999999999,-0.0026960846006509,1.0626266982593057e-06,4.197911677287632e-06
4615.518,0.0020232056832184,1.0018953976833352e-06,4.517420644864738e-06
4618.879999999999,0.0020232056832184,9.337778069371026e-07,4.794860825248859e-06
4622.236999999999,-0.0026960846006509,8.594698677643141e-07,5.02572290425076e-06
4625.617,-0.0012057824057448,7.790167491311467e-07,5.210232283904906e-06
4628.99,-0.0009573987065938,6.938419905656133e-07,5.345523196446111e-06
4632.388999999999,-0.0019509335031978,6.038580885938336e-07,5.4320561716135445e-06
4635.769999999999,0.0002845197891612,5.110190243566117e-07,5.468534729712393e-06
4647.537,0.0015264382849163,1.7363692535102088e-07,5.219830489221334e-06
4650.897999999999,-0.0019509335031978,7.650733153572857e-08,5.04718937046752e-06
4654.260999999999,-0.0012057824057448,-1.9580743027117263e-08,4.832848416763095e-06
4657.654999999999,-0.0024477009014999,-1.1467353433759926e-07,4.576905195850077e-06
4661.027,-0.0017025498040468,-2.0654427968109465e-07,4.286057409928063e-06
4664.395999999999,0.0012780545857653,-2.9504214956985416e-07,3.962197265078055e-06
4667.766,-0.0021993172023488,-3.796183267839484e-07,3.6083330387934213e-06
4671.153999999999,-0.003938003096406,-4.600467667451119e-07,3.226036356045841e-06
4674.532999999999,-0.0009573987065938,-5.350973980369272e-07,2.822035861284306e-06
4677.909,3.6136090010265525e-05,-6.044133072047384e-07,2.3996575090473796e-06
4681.270999999999,-0.0019509335031978,-6.673531586067728e-07,1.9644097097258964e-06
4684.636999999999,-0.0014541661048958,-7.238808152152116e-07,1.5180794349921797e-06
4688.039999999999,-0.0007090150074427,-7.740840129182385e-07,1.0602610581863265e-06
4699.628999999999,0.0030167404798224,-8.892987225088928e-07,-4.92104190905708e-07
4702.992999999999,-0.0002122476091407,-9.060352878732254e-07,-9.249288657393309e-07
4706.366,0.0010296708866143,-9.15198204734424e-07,-1.3440997251127307e-06
4709.75,3.6136090010265525e-05,-9.16786307014334e-07,-1.746246557164585e-06
4713.100999999999,0.0059973448696346,-9.109728109541056e-07,-2.123094646844011e-06
4716.455,0.0022715893823694,-8.979707151410254e-07,-2.4760080500048267e-06
4719.813999999999,-0.0009573987065938,-8.779776525534762e-07,-2.802396884446067e-06
4723.186,-0.0017025498040468,-8.511752351907875e-07,-3.1003640888251907e-06
4726.555999999999,-0.0026960846006509,-8.179850710233439e-07,-3.366274478082599e-06
4729.938,0.0055005774713326,-7.786246322593376e-07,-3.5992264802572906e-06
4733.308999999999,-0.0021993172023488,-7.337836492454212e-07,-3.7960894932219797e-06
4736.664999999999,-0.0029444682998019,-6.840382064788493e-07,-3.955853038351216e-06
4740.034,-0.0002122476091407,-6.294701950091066e-07,-4.079032764608933e-06
4751.652,0.0027683567806714,-4.131778353503524e-07,-4.2136803828799954e-06
4755.01,-0.0014541661048958,-3.4482321818302255e-07,-4.169752014736597e-06
4758.370999999999,-0.0014541661048958,-2.748443907932164e-07,-4.089954208129903e-06
4761.745999999999,-0.0031928519989529,-2.035946168999678e-07,-3.975010932176523e-06
4765.179,0.0055005774713326,-1.3072611389202722e-07,-3.823902690288608e-06
4768.552,0.0055005774713326,-5.93388085049136e-08,-3.643701656412285e-06
4771.958999999999,-0.0029444682998019,1.1971062683242502e-08,-3.431876166303043e-06
4775.367,-0.0009573987065938,8.19277696324079e-08,-3.1923830141239655e-06
4778.748,-0.0012057824057448,1.494269906009208e-07,-2.9300519850804346e-06
4782.115,-0.0004606313082917,2.142501293673101e-07,-2.6470135600159546e-06
4785.519999999999,-0.0019509335031978,2.768815755606947e-07,-2.3415470112622104e-06
4788.902,-0.0014541661048958,3.357235239240085e-07,-2.0219947835569188e-06
4792.248,-0.0002122476091407,3.902253958438089e-07,-1.6930340779530236e-06
