xaxis0,yaxis,eq:p0*p1**x0*cos(p2*x0)_para:[-0.18273428  0.99754948  0.01875097]mse:0.0001440585584903722,eq:p0*p1**x0*cos(p2 + p3*x0)_para:[-0.16982957  0.99792434 -0.38966226  0.01957628]mse:8.478034902136378e-05
0.0,-0.2788360634812429,-0.1827342758169125,-0.15709870976188314
3.3700000000008004,-0.2487281604088304,-0.180867875423882,-0.15988651342612759
6.7370000000009895,-0.236286878147503,-0.1783063753487427,-0.16193549504354668
10.110000000000582,-0.2193667342720976,-0.1750637832624786,-0.16325144265350552
13.46600000000035,-0.2089160571725825,-0.1711894713137826,-0.1638334385919427
16.837999999999738,-0.1994606826539737,-0.1666719342201627,-0.16369513518251294
20.20600000000013,-0.1882635286187789,-0.1615630147845274,-0.16284414471655528
23.57099999999992,-0.181047584907209,-0.1558933400548594,-0.16129603285224448
37.98000000000138,-0.1482025997373045,-0.1260137828516034,-0.14721953920156414
41.35200000000077,-0.1414843073161877,-0.117908606537344,-0.1423111156779383
44.71700000000055,-0.1322777584428054,-0.109478962342577,-0.13686038394316086
48.08600000000115,-0.1205829531171575,-0.1007372901008331,-0.1308817628065982
51.46299999999974,-0.118094696664892,-0.091711889123963,-0.12439885812926597
54.82500000000073,-0.1098834503724159,-0.0825055027878228,-0.11749231039082313
58.19000000000051,-0.1049069374678849,-0.0731106543895498,-0.1101639707517696
61.53600000000006,-0.0939586090779168,-0.0636302898656247,-0.10250200658589674
64.90300000000025,-0.0914703526256513,-0.0539913714965778,-0.09445316427479578
68.28200000000106,-0.0795267216547769,-0.0442587573959037,-0.08607397295358685
71.65099999999984,-0.0733060805241132,-0.0345358728580184,-0.07745946856578313
75.0560000000005,-0.0621089264889184,-0.0247299958493209,-0.06853108916412982
88.8109999999997,-0.034738105513998,0.0138660639846881,-0.031074227135819962
92.22700000000076,-0.0260292079310688,0.0230085880646291,-0.021645719741678747
95.59200000000055,-0.0188132642194989,0.0317731277214244,-0.012392715247483383
98.95000000000071,-0.0128414487340617,0.0402492047259326,-0.0032332062683269867
102.32300000000032,-0.0053766793772652,0.0484616451083889,0.005853499180018009
105.6869999999999,0.0018392643343046,0.0563232222267409,0.014764500882032214
109.06500000000052,0.0070646028840622,0.0638605643414839,0.02352337872459485
112.4390000000003,0.0125387670790463,0.071007396824052,0.03204694077229045
115.79299999999968,0.0222429672428817,0.0777115393044624,0.04026331841903114
119.15700000000106,0.0284636083735454,0.0840143702789384,0.0482148946356762
122.51800000000004,0.034186598213756,0.089871884633332,0.055839522813427654
125.884,0.0401584136991932,0.0952813111937302,0.06312627830041731
129.25,0.0456325778941773,0.1002193622779927,0.07003666590257918
144.20600000000013,0.0660362808027544,0.1161933280934605,0.0955909613662227
147.59400000000096,0.0722569219334181,0.1184215212301464,0.10009968570575324
150.95399999999972,0.0732522245143243,0.1201190410973298,0.10407237876946882
154.32500000000073,0.0752428296761367,0.1213110354918247,0.10754847527799324
157.6959999999999,0.0782287374188553,0.1219947053325597,0.11050605157419087
161.0660000000007,0.0832052503233863,0.1221756556357228,0.11293874759049999
164.4449999999997,0.0827075990329332,0.121860182979661,0.11484855681855019
167.8109999999997,0.0834540759686128,0.1210606068348915,0.11622299419865646
171.1790000000001,0.0856935067756518,0.1197869137447647,0.11707210273683748
174.55199999999968,0.0854446811304252,0.1180494136851367,0.11739861727792626
177.92000000000007,0.0861911580661049,0.1158678080168916,0.11720741896546938
181.29100000000108,0.0896747170992765,0.1132534370068666,0.11650654893817361
196.53499999999983,0.0809658195163473,0.0965589682407117,0.10729623809440579
199.90400000000045,0.0779799117736287,0.0919192980132382,0.10401892555247118
203.27200000000084,0.0749940040309101,0.0869872944893791,0.10033413257000892
206.64199999999985,0.0742475270952305,0.0817831126872271,0.09626017715535386
210.00500000000105,0.0705151424168323,0.0763465210195402,0.09183188945091782
213.3690000000006,0.0672804090288871,0.0706910465224661,0.0870640325234774
216.737000000001,0.0632991987052623,0.064837465591248,0.0819771070600122
220.10100000000057,0.0637968499957154,0.0588262952810094,0.07660968517933994
223.46900000000096,0.0543414754771065,0.0526701208001218,0.07097641579221699
226.83700000000127,0.0503602651534818,0.0464030180074694,0.065111707537842
230.2070000000004,0.0481208343464428,0.0400482199727051,0.05904071278174789
233.5660000000007,0.0406560649896463,0.0336573770153205,0.052816826962168884
246.9920000000002,0.0147781978860852,0.0080707616641554,0.02680762691215768
250.3680000000004,0.0147781978860852,0.0017544332741234,0.020131557316058927
253.72400000000016,0.0053228233674763,-0.00442869392326,0.013499677796627408
257.10100000000057,-0.0006489921179608,-0.0105306719643452,0.006860027564914128
260.46900000000096,-0.0058743306677183,-0.0164741150991646,0.00030022972341510484
263.8370000000013,-0.0138367513149679,-0.0222538807775929,-0.006169705513213717
267.20700000000033,-0.0188132642194989,-0.0278526702054454,-0.012526525645148556
270.5670000000009,-0.0255315566406157,-0.0332317930459124,-0.01872201133964232
273.9290000000001,-0.029761592609467,-0.0383929303729302,-0.024753809662543074
277.3199999999997,-0.0357334080949042,-0.043357133757344,-0.03064376134756588
280.6990000000005,-0.0414563979351148,-0.0480464812438128,-0.0362960819419587
284.0560000000005,-0.0464329108396458,-0.0524363631629125,-0.04167572814549371
299.0660000000007,-0.060118321327106,-0.0684691619783626,-0.06235616800682644
302.4440000000013,-0.0663389624577698,-0.0712111444649735,-0.06615445399290723
305.8109999999997,-0.0683295676195822,-0.0736126508627387,-0.06959870964265291
309.1779999999999,-0.0675830906839025,-0.0756789161107122,-0.07269156639154435
312.54399999999987,-0.075047860040699,-0.0774066652145613,-0.07542366036783223
315.90300000000025,-0.0745502087502459,-0.0787926204210282,-0.07778451728138121
319.26800000000003,-0.0770384652025114,-0.0798422750058822,-0.0797782309514728
322.6419999999998,-0.077287290847738,-0.0805556429721359,-0.08140055596850909
326.0060000000012,-0.0767896395572848,-0.0809315368314517,-0.08264068285088813
329.3700000000008,-0.077287290847738,-0.0809765456010462,-0.083503810899635
332.7390000000014,-0.0767896395572848,-0.0806952494522639,-0.08399186262419965
336.1110000000008,-0.0760431626216052,-0.0800931475671312,-0.08410631678628737
349.987000000001,-0.0698225214909415,-0.0744238391104743,-0.08076558879618737
353.3720000000012,-0.0713154753623008,-0.0723164420415351,-0.07906484020924805
356.7390000000014,-0.0678319163291291,-0.0699632241004118,-0.07705094531754741
360.1110000000008,-0.0636018803602777,-0.067363318222616,-0.07472531868825368
363.46900000000096,-0.0653436598768636,-0.064546704324843,-0.07211665359240904
366.83700000000135,-0.0621089264889184,-0.0615087322198786,-0.06922229793363097
370.2080000000005,-0.0591230187461999,-0.0582702073710892,-0.06606316785717845
373.5789999999997,-0.0548929827773485,-0.0548500385425964,-0.06265917948645647
376.95200000000114,-0.0529023776155361,-0.051262813214378,-0.05902640257530546
380.353000000001,-0.0481746903562317,-0.0474961121021354,-0.055153147114352506
383.71900000000096,-0.0459352595491927,-0.043637720618888,-0.05113157408759466
387.0860000000012,-0.0419540492255679,-0.0396660408466832,-0.04694172639397561
401.77599999999984,-0.0257803822858422,-0.0214685320793517,-0.027224152348804577
405.1779999999999,-0.0230433001883502,-0.0171553399236728,-0.0224469127793848
408.54299999999967,-0.017071484702913,-0.0128899927601603,-0.017689213390391582
411.902,-0.0140855769601944,-0.0086502941398145,-0.012929024569767508
415.2690000000002,-0.0108508435722493,-0.0044353385263504,-0.008167414198715832
418.6419999999998,-0.0091090640556634,-0.0002642580249599,-0.0034279524724374873
422.005000000001,-0.0026395972797732,0.0038273676888781,0.0012467381075786568
425.3690000000006,0.0005951361081719,0.0078378562621818,0.005852484474602966
428.737000000001,0.0035810438508905,0.011755826783718,0.010374122678881612
432.1020000000008,0.0085575567554215,0.0155589593605636,0.014783766408271046
435.46900000000096,0.0122899414338197,0.0192394899231481,0.019070280955721317
438.83700000000135,0.0140317209504056,0.022783406734496,0.023215272293907113
452.23099999999977,0.0304542135353578,0.0352894505922233,0.03798220595933271
455.6140000000014,0.0321959930519437,0.0379972815491206,0.04120958164658491
458.97400000000016,0.0344354238589826,0.0404899804601627,0.04419085459149156
462.3410000000004,0.0369236803112481,0.0427843937496057,0.04694433163043497
465.70700000000033,0.0406560649896463,0.0448686487145945,0.04945410211790048
469.0789999999997,0.0423978445062322,0.0467416547480199,0.0517172528006415
472.4530000000013,0.0446372753132711,0.0483964030659396,0.053723800077135016
475.8170000000009,0.046379054829857,0.04982472883831,0.05546235754539278
479.1850000000013,0.0498626138630287,0.0510310521031608,0.05693691201890363
482.5910000000004,0.0488673112821225,0.0520221456567731,0.058154565911077455
485.9500000000007,0.0506090907987083,0.0527739252764773,0.0590844890099034
489.3220000000001,0.0506090907987083,0.0533039028556963,0.05974708766095856
503.3029999999999,0.0528485216057472,0.0531482279582331,0.059637552046259486
506.6810000000005,0.0528485216057472,0.0525616782055822,0.058940801842281246
510.0590000000011,0.0538438241866534,0.0517721204797114,0.05799502854369689
513.4330000000009,0.0523508703152941,0.0507873674576598,0.05680940040633221
516.7890000000007,0.0508579164439349,0.0496205445478469,0.0553996533047822
520.1509999999998,0.0498626138630287,0.0482720611729133,0.05376627878719104
523.5130000000008,0.0493649625725756,0.0467521835475069,0.05192176719408783
526.8790000000008,0.0473743574107632,0.04506771248869,0.04987452121380672
530.2309999999998,0.044139624022818,0.0432377396994363,0.04764799783824548
533.5930000000008,0.0419001932157791,0.0412592760228096,0.04523889211218801
536.9510000000009,0.0416513675705525,0.0391504178324162,0.04266964493010292
540.3240000000005,0.039163111118287,0.0369092710560477,0.03993843615336846
554.3970000000008,0.0297077365996782,0.0264797243773304,0.027234136221550357
557.7659999999996,0.0262241775665065,0.0237865013267451,0.023958727445999847
561.1310000000012,0.0272194801474127,0.0210449970458919,0.020628228667815496
564.4800000000014,0.0152758491765383,0.0182771969163912,0.017270241125086655
567.8460000000014,0.0160223261122179,0.0154675840345656,0.013866908494893207
571.2120000000014,0.0125387670790463,0.0126418609389506,0.010450407678897244
574.5570000000007,0.0112946388529135,0.0098292905294422,0.007057079753627023
577.9160000000011,0.0068157772388356,0.0070117988758851,0.0036661375065218356
581.3050000000003,0.0013416130438515,0.0041874271179497,0.0002764617997747992
584.7030000000013,-0.0011466434084139,0.0013852120361504,-0.003075836571077132
588.0840000000007,-0.0033860742154528,-0.0013626393503989,-0.006351174455675569
591.4500000000007,-0.0058743306677183,-0.0040479163732177,-0.0095388628247157
607.862000000001,-0.0203062180908582,-0.0161068421873016,-0.023631628099054936
611.2250000000004,-0.0245362540597095,-0.0183077354846563,-0.026147716168389113
614.5920000000006,-0.0282686387381077,-0.0204016117160634,-0.02851784051551678
617.9490000000005,-0.0317521977712794,-0.0223734767977526,-0.030724325837946175
621.3240000000005,-0.0334939772878653,-0.0242333083965999,-0.03277753560094785
624.6880000000001,-0.0382216645471697,-0.0259592950793353,-0.034652674347673024
628.0650000000005,-0.0357334080949042,-0.027558760425993,-0.036357131528567725
631.4440000000013,-0.0389681414828494,-0.0290213336974923,-0.0378791771165203
634.8109999999997,-0.039714618418529,-0.0303379369790672,-0.03920921823424518
638.1779999999999,-0.0412075722898883,-0.031511021301232,-0.04034977496957911
641.5429999999997,-0.0441934800326069,-0.0325376566654522,-0.041297999528477985
644.9030000000002,-0.0461840851944193,-0.0334156508873529,-0.042052177472687274
658.3140000000003,-0.0454376082587396,-0.0354426305847758,-0.043145356987963304
661.6959999999999,-0.0456864339039662,-0.0355827109807537,-0.04294438095077192
665.0550000000003,-0.0464329108396458,-0.0355767223981779,-0.04256050175860136
668.4269999999997,-0.0471793877753255,-0.0354276589356702,-0.04199467903003987
671.7939999999999,-0.0441934800326069,-0.0351387487329876,-0.041254262416423555
675.1570000000011,-0.0451887826135131,-0.0347139158310498,-0.0403453898992005
678.5200000000004,-0.04469113132306,-0.0341568319245714,-0.0392735879692331
681.8940000000002,-0.0422028748707945,-0.0334694505528128,-0.03804151729388964
685.2650000000012,-0.0441934800326069,-0.0326590413806627,-0.03666129434983746
688.6869999999999,-0.0427005261612476,-0.0317154124915178,-0.03511594623165947
692.0650000000005,-0.0394657927733025,-0.0306701691635466,-0.033456691323732066
695.4390000000003,-0.0374751876114901,-0.0295194507224232,-0.031675880050043174
711.3330000000005,-0.0282686387381077,-0.022864545803644,-0.021922391884979898
714.719000000001,-0.0257803822858422,-0.0212295574672143,-0.01962039998842914
718.0889999999999,-0.0235409514788033,-0.0195433495649946,-0.01727528210480836
721.4620000000014,-0.0213015206717644,-0.0178045351209784,-0.014885159109670183
724.8289999999997,-0.0180667872838192,-0.0160256473414388,-0.012467485204692865
728.1820000000007,-0.0203062180908582,-0.0142190986274026,-0.010039196319674136
731.5460000000003,-0.0158273564767803,-0.0123792963217024,-0.007593083115958883
734.9050000000007,-0.0115973205079289,-0.0105227183347437,-0.005151498978778415
738.2720000000008,-0.00935788970089,-0.0086499368684931,-0.0027156329240464534
741.6419999999998,-0.0063719819581714,-0.0067714027679359,-0.0002996306712829558
745.005000000001,-0.004381376796359,-0.0049002976435952,0.002079170620268245
748.3690000000006,-0.0021419459893201,-0.0030396157694369,0.004416599509801424
761.6000000000004,0.0100505106267808,0.0040351897415729,0.01302289436865451
764.9719999999998,0.011045813207687,0.0057431142050294,0.015024336215744673
768.3400000000001,0.0132852440147259,0.0073979252058307,0.016930002903924664
771.7039999999997,0.0152758491765383,0.0089939962371896,0.01873322048856834
775.0609999999997,0.0170176286931241,0.0105247254724245,0.02042643301873892
778.4350000000013,0.0195058851453896,0.0119956239395388,0.022015341445474634
781.7920000000013,0.0217453159524286,0.0133870973138925,0.023478609797679368
785.1580000000013,0.0234870954690144,0.0147057644285035,0.024823241646877735
788.523000000001,0.0224917928881082,0.0159433988451551,0.02604065522189784
791.9110000000001,0.0244823980499206,0.017104341078579,0.02713470061411864
795.2759999999998,0.0294589109544516,0.0181695611796115,0.028087583593036484
798.6419999999998,0.0292100853092251,0.019144665533983,0.02890510295387878
802.005000000001,0.0321959930519437,0.0200261445834779,0.029584732004399535
814.875,0.033688946923303,0.0225122151777139,0.030908198615945553
818.232,0.034186598213756,0.0229245389420906,0.03092226791590403
821.6090000000004,0.0354307264398888,0.023240100515143,0.030800963320399492
824.9680000000008,0.0344354238589826,0.0234556163347382,0.030547926823288066
828.3340000000007,0.0351819007946622,0.0235739188780161,0.030164869688114954
831.7010000000009,0.0297077365996782,0.0235955752859015,0.02965548293835907
835.0580000000009,0.033688946923303,0.0235223909980944,0.02902588959016749
838.4340000000011,0.0324448186971702,0.023355211900888,0.028274624607967157
841.7880000000005,0.0329424699876233,0.0230983797835838,0.027415845055483758
845.152,0.0321959930519437,0.0227524508237317,0.026447268016596765
848.5120000000006,0.0321959930519437,0.0223214558398299,0.025378327368235847
851.880000000001,0.031449516116264,0.0218068399664438,0.024211102463011558
855.2300000000014,0.0282147827283189,0.0212163321076071,0.02296138766068964
869.0130000000008,0.023735921114241,0.0180433229247358,0.017034830218065178
872.3829999999998,0.0212476646619755,0.0171075251464282,0.015431495311427736
875.7489999999998,0.0190082338549365,0.0161193928203902,0.01378501691571262
879.1080000000002,0.0147781978860852,0.0150848962064705,0.012104858290899122
882.4660000000003,0.0162711517574445,0.0140072902277374,0.010395958677473052
885.848,0.0122899414338197,0.0128831896515996,0.00865321653281189
889.2160000000003,0.0098016849815542,0.011730200763587,0.006904009682695701
892.6280000000006,0.0075622541745153,0.0105333365033528,0.005126054274197744
895.987000000001,0.0063181259483825,0.0093319820384915,0.0033777044637908252
899.3550000000014,0.0045763464317967,0.0081096484912442,0.00163428911462614
902.715,0.0018392643343046,0.0068776781308581,-8.795241522686026e-05
906.08,0.0008439617533984,0.0056364755506173,-0.0017884366047585508
920.5370000000004,-0.0103531922817962,0.0003398959508337,-0.008653392653614355
923.9050000000008,-0.0135879256697413,-0.0008586272955356,-0.010114509777420006
927.3170000000008,-0.0165738334124599,-0.0020492355870603,-0.011528976855728299
930.6810000000004,-0.0168226590576865,-0.0031954814496571,-0.012853527767471862
934.0580000000008,-0.0165738334124599,-0.0043143806310256,-0.01410841323961837
937.4320000000008,-0.0195597411551785,-0.0053965015053659,-0.015282907385905905
940.7880000000004,-0.0232921258335767,-0.006433621766422,-0.01636852469834502
944.1499999999996,-0.0282686387381077,-0.007429848046372,-0.017369890541067835
947.5130000000008,-0.0237897771240298,-0.008380272971263,-0.018282089272105784
950.8790000000008,-0.0262780335762953,-0.0092823182125832,-0.019102772464576284
954.2309999999998,-0.0257803822858422,-0.0101288741531332,-0.019825970976038484
957.5950000000012,-0.0285174643833343,-0.010924002961455,-0.02045553639921325
970.581,-0.0282686387381077,-0.0134430730778629,-0.0219616992381386
973.9240000000008,-0.0337428029330918,-0.0139423236804643,-0.02211029338687811
977.304,-0.0312545464808263,-0.0143826688507493,-0.022161802202872023
980.669,-0.0282686387381077,-0.0147559956365614,-0.02211561438451779
984.0370000000004,-0.0322498490617325,-0.0150642116639377,-0.02197356013738354
987.411,-0.032001023416506,-0.0153071621952475,-0.02173708696657127
990.785,-0.0307568951903732,-0.0154843406861846,-0.021408710808902064
994.1760000000012,-0.0317521977712794,-0.0155965104948193,-0.02098882469187928
997.536,-0.0302592438999201,-0.0156431121698089,-0.02048698783505648
1000.9030000000002,-0.0275221618024281,-0.0156262332406238,-0.019901829317767645
1004.268,-0.0272733361572015,-0.0155468860403888,-0.019238419988043046
1007.6380000000008,-0.0265268592215219,-0.015406167337205,-0.01849926738295869
1011.0020000000004,-0.024785079704936,-0.0152061297840485,-0.0176910712392729
1024.4210000000005,-0.0205550437360847,-0.013854208002783,-0.0138601734851266
1027.828000000001,-0.0215503463169909,-0.0133813818228979,-0.012758343752919704
1031.1820000000007,-0.0190620898647254,-0.0128697650768993,-0.011633110613750393
1034.5460000000005,-0.0180667872838192,-0.0123134511507175,-0.010469600934228787
1037.9040000000005,-0.0155785308315537,-0.0117179366089013,-0.009278813802869174
1041.2720000000008,-0.012094971798382,-0.0110833677920543,-0.008060628888369541
1044.6419999999998,-0.0135879256697413,-0.0104142172241098,-0.006823460869309917
1048.005000000001,-0.00935788970089,-0.0097155905997968,-0.005576291030442841
1051.3690000000006,-0.0108508435722493,-0.0089892187991571,-0.00432179383418531
1054.7250000000004,-0.0068696332486245,-0.0082404814440957,-0.003068880678536476
1058.1010000000006,-0.004381376796359,-0.0074664250492575,-0.001812602799748973
1061.469000000001,-0.0048790280868121,-0.0066768081598999,-0.0005688180642107193
1075.679,0.0043275207865701,-0.0032329156977135,0.0044560009428084215
1079.063,0.0065669515936091,-0.0024046163411776,0.0055729276370384915
1082.437,0.0070646028840622,-0.0015826221380808,0.006646588165747124
1085.804,0.0080599054649684,-0.0007694184595948,0.007674103931322655
1089.16,0.0098016849815542,3.094920746843369e-05,0.00865075434248975
1092.5330000000013,0.0125387670790463,0.0008220695335866,0.00958094834696463
1095.898000000001,0.0145293722408587,0.0015950711856856,0.010454252080442846
1099.303,0.0135340696599525,0.0023578461641558,0.011279225652365785
1102.6679999999997,0.0162711517574445,0.0030897322815794,0.012033708644292719
1106.036,0.0175152799835772,0.003797847046171,0.01272588164341117
1109.3999999999996,0.0180129312740303,0.004478288156018,0.013352194553544736
1112.7650000000012,0.0197547107906162,0.00512980951003,0.013911839133821659
1124.3240000000003,0.0229894441785613,0.0071178105087982,0.015306775198716264
1127.706,0.0205011877262958,0.0076190597775514,0.0155571616094983
1131.094000000001,0.0239847467594675,0.0080819459988433,0.015735853018552907
1134.4610000000011,0.0219941415976551,0.0085018189976624,0.015842121048214364
1137.8250000000007,0.0234870954690144,0.0088803193966697,0.015877819337023487
1141.1810000000005,0.0239847467594675,0.0092162410419489,0.015844059097894846
1144.541000000001,0.0217453159524286,0.0095101960352747,0.015741952776878947
1147.9040000000005,0.0227406185333348,0.0097614804596904,0.015572710241771655
1151.2659999999996,0.0239847467594675,0.0099694527525163,0.015338138879843359
1154.6370000000006,0.0219941415976551,0.0101344503960866,0.015039244193285211
1157.9950000000008,0.0222429672428817,0.010255523867949,0.014680266573000639
1161.3630000000012,0.0219941415976551,0.0103337839359125,0.014261249760172262
1164.7110000000011,0.0205011877262958,0.0103691146955782,0.013788806245926264
1179.035,0.016519977402671,0.0100582031271511,0.011207972128651877
1182.425000000001,0.0145293722408587,0.0098803358549202,0.010482774380359251
1185.7929999999997,0.0142805465956321,0.0096666601893147,0.009726427952483822
1189.1550000000009,0.0127875927242728,0.0094180825801385,0.008939578998827111
1192.5190000000002,0.011045813207687,0.0091356500942977,0.008124281527686293
1195.902,0.0100505106267808,0.0088193217856474,0.00728013112911879
1199.312,0.0095528593363277,0.0084695289140785,0.006408743413006565
1202.6760000000013,0.0035810438508905,0.0080959217699087,0.005533017337238197
1206.054,0.0068157772388356,0.0076942301987865,0.004641646457055235
1209.4260000000013,0.0033322182056639,0.0072687909423929,0.0037439273525982225
1212.7929999999997,0.0005951361081719,0.0068217090612018,0.0028436610926093095
1216.1530000000002,0.0008439617533984,0.006355523634188,0.0019453701728477635
1228.447,-0.0023907716345466,0.0045148353912712,-0.0012786214144913143
1231.835000000001,-0.0073672845390776,0.0039803526760892,-0.002133300345466211
1235.259,-0.0081137614747572,0.0034326948120161,-0.0029753378125042633
1238.6290000000008,-0.0098555409913431,0.0028886407261417,-0.0037793943011602453
1241.9930000000004,-0.0096067153461165,0.0023428524751391,-0.004554400591392556
1245.3590000000004,-0.0130902743792882,0.0017962748196945,-0.005299252949881693
1248.7270000000008,-0.0160761821220068,0.0012511122028584,-0.006011073081769026
1252.1010000000006,-0.0150808795411006,0.0007088940651668,-0.006687938106372871
1255.469000000001,-0.0175691359933661,0.0001736648613244,-0.007324990650654089
1258.8370000000014,-0.0180667872838192,-0.0003534897873952,-0.007921223443789779
1262.206,-0.0183156129290458,-0.0008707339028825,-0.008474759682154168
1265.5660000000007,-0.022047997607444,-0.0013746610580206,-0.008982297016732475
1268.9260000000013,-0.0215503463169909,-0.0018648450652617,-0.009443784289825462
1283.8670000000002,-0.0227944745431236,-0.0038349965560172,-0.010907739674065733
1287.268,-0.0232921258335767,-0.0042268678377086,-0.011102342998255597
1290.6380000000008,-0.024785079704936,-0.0045916763158741,-0.011243752069600347
1294.0020000000004,-0.0225456488978971,-0.0049314288380297,-0.011333954327666325
1297.389000000001,-0.0235409514788033,-0.0052478923788083,-0.011373658817061715
1300.7540000000008,-0.0222968232526705,-0.0055359996653329,-0.011362849418807977
1304.1450000000004,-0.0210526950265378,-0.005799074174937,-0.011302037130069893
1307.4750000000004,-0.0198085668004051,-0.0060301870004721,-0.011194486996278721
1310.835000000001,-0.0222968232526705,-0.0062355516533094,-0.011039062837658431
1314.2039999999995,-0.0227944745431236,-0.0064130335998384,-0.010837248953620888
1317.5650000000005,-0.0210526950265378,-0.0065614784759097,-0.010591556538210319
1320.925000000001,-0.0200573924456316,-0.0066811831784368,-0.010303334507318301
1332.255000000001,-0.0158273564767803,-0.0068740990352376,-0.009042936286792187
1335.6540000000005,-0.0165738334124599,-0.0068695326516574,-0.008586612335045735
1339.023000000001,-0.014334402605421,-0.006837313511343,-0.00810296659036944
1342.3900000000012,-0.0133391000245148,-0.0067781502623152,-0.007590975527051386
1345.7540000000008,-0.0133391000245148,-0.006692799006545,-0.00705348182337069
1349.1200000000008,-0.0123437974436086,-0.0065819175282388,-0.006492402125228868
1352.4800000000014,-0.0101043666365696,-0.0064466746910684,-0.0059118706936550115
1355.8460000000014,-0.00935788970089,-0.006287533736795,-0.005312629779580195
1359.2120000000014,-0.0076161101843041,-0.0061057416736702,-0.004698556261342469
1362.5660000000007,-0.0073672845390776,-0.0059031616888456,-0.00407478237640282
1365.923000000001,-0.0051278537320386,-0.0056801345774234,-0.0034414382085657157
1369.303,-0.0041325511511324,-0.0054363331888332,-0.002797551656712989
1372.6670000000013,-0.001644294698867,-0.0051758018785053,-0.0021534178501152494
1386.9040000000005,0.0030833925604374,-0.0039072096025918,0.0005442584504433013
1390.282000000001,0.0023369156247577,-0.003574648697561,0.0011627228326424799
1393.6509999999998,0.0055716490127029,-0.0032340134313315,0.0017658711746396352
1397.0200000000004,0.0070646028840622,-0.0028859485743322,0.002352923409567273
1400.3870000000006,0.0078110798197418,-0.0025321882451409,0.0029212083217461755
1403.7839999999997,0.0083087311101949,-0.0021708403223213,0.0034736371843731386
1407.157000000001,0.0098016849815542,-0.0018091647051735,0.003999249349167378
1410.5169999999998,0.0117922901433666,-0.0014475281510778,0.004498161351508969
1413.8829999999998,0.0107969875624604,-0.0010853663356163,0.004971437707432625
1417.2350000000006,0.013782895305179,-0.0007262717219891,0.005414680477827861
1420.603000000001,0.0132852440147259,-0.0003684513230941,0.005830287410536698
1423.960000000001,0.0117922901433666,-1.615985860823193e-05,0.006213471921752018
1435.2470000000012,0.0150270235313117,0.0011192253378976,0.0072594505422404745
1438.616,0.0162711517574445,0.001438625962088,0.007495784879730129
1441.9760000000006,0.0155246748217648,0.0017461920873333,0.007695616497925481
1445.3420000000006,0.0170176286931241,0.0020422552680427,0.007859512773351344
1448.7080000000003,0.0157735004669914,0.0023252644097531,0.007986874869473198
1452.0789999999995,0.0172664543383507,0.0025946852655251,0.008077762801364862
1455.4520000000011,0.0167688030478976,0.0028493784147433,0.008132094656829215
1458.8160000000007,0.0155246748217648,0.0030877805682811,0.008150077595413903
1462.184000000001,0.0172664543383507,0.0033101443266371,0.008132286697901132
1465.545,0.0147781978860852,0.0035151412132286,0.008079400866945377
1468.9060000000009,0.0162711517574445,0.0037027057148961,0.007992136697509913
1472.2720000000008,0.01875940820971,0.0038726105971505,0.007871146070979666
1475.6409999999996,0.0150270235313117,0.0040243020645925,0.007717376643508543
1487.2900000000009,0.011045813207687,0.0044035664627084,0.006950606795658122
1490.6810000000005,0.011045813207687,0.0044710922172547,0.006664539236178073
1494.0560000000005,0.0058204746579294,0.0045190938450592,0.006354521326843038
1497.428,0.0085575567554215,0.0045480389752779,0.006021282122383321
1500.7830000000013,0.0073134285292887,0.0045581696316611,0.005668182288018051
1504.1470000000008,0.0053228233674763,0.0045498964203477,0.005294401041562741
1507.5330000000013,0.0055716490127029,0.0045232711768763,0.004900143355769394
1510.9009999999998,0.003829869496117,0.0044789819176147,0.00449200289277234
1514.2659999999996,0.0025857412699843,0.0044174668861224,0.004070313951100885
1517.6370000000006,0.0025857412699843,0.0043390699478363,0.003635967362946508
1520.9950000000008,0.0020880899795312,0.0042448718892182,0.003193497093915928
1524.362000000001,0.001092787398625,0.0041349275832781,0.0027420895520182194
1527.7110000000011,-0.0006489921179608,0.0040108694255566,0.0022874500968971816
1544.17,-0.0078649358295307,0.003213975015617,3.9047891102260646e-05
1547.544,-0.007118458893851,0.0030180217116681,-0.00041117493310392674
1550.9050000000009,-0.0086114127652103,0.0028139101512074,-0.0008516426879724392
1554.2700000000004,-0.00935788970089,0.0026016100825665,-0.0012828060225590434
1557.6409999999996,-0.0110996692174758,0.0023819452590482,-0.0017031307385243697
1561.0020000000004,-0.0135879256697413,0.0021569644630773,-0.00210897661897439
1564.3690000000006,-0.0130902743792882,0.0019266101593221,-0.0025007120720746193
1567.7350000000006,-0.0138367513149679,0.0016923565048106,-0.002875989182517922
1571.1010000000006,-0.0138367513149679,0.0014551417960787,-0.0032335178083223257
1574.4660000000003,-0.014334402605421,0.001216038719223,-0.0035718885085984776
1577.8370000000014,-0.0145832282506475,0.0009755408766716,-0.0038905491755516232
1581.2039999999995,-0.0185644385742723,0.0007353430038444,-0.004187429268265731
1596.4680000000008,-0.017071484702913,-0.0003275380516074,-0.005240488117930773
1599.8410000000003,-0.0175691359933661,-0.0005512199141935,-0.005404338861085003
1603.2350000000006,-0.0163250077672334,-0.0007703422508874,-0.0055430319736550476
1606.5960000000014,-0.0188132642194989,-0.0009806696248459,-0.005654257254832529
1610.0040000000008,-0.0183156129290458,-0.0011864113086656,-0.005740372134181641
1613.3690000000006,-0.017071484702913,-0.0013814190733329,-0.005799048675955004
1616.7360000000008,-0.017071484702913,-0.0015677951389758,-0.005831660482561312
1620.1010000000006,-0.0160761821220068,-0.0017447131044949,-0.005838389049390814
1623.469000000001,-0.0163250077672334,-0.0019118734107126,-0.005819563193698954
1626.8370000000014,-0.0155785308315537,-0.0020686043629638,-0.005775602992678232
1630.206,-0.014334402605421,-0.0022144881944166,-0.005707025674124394
1633.5660000000007,-0.014334402605421,-0.0023487242208461,-0.005614760656592132
1648.0770000000011,-0.0076161101843041,-0.0027918235310672,-0.004961958429121038
1651.482,-0.0106020179270227,-0.0028624358158676,-0.004754409393045889
1654.8410000000003,-0.0101043666365696,-0.0029194195738379,-0.004531739461293665
1658.2120000000014,-0.0088602384104369,-0.0029639284269837,-0.0042916022637901115
1661.5660000000007,-0.0073672845390776,-0.0029956363724376,-0.0040373695061054924
1664.923000000001,-0.0068696332486245,-0.0030148896941215,-0.003768936872093032
1668.303,-0.0051278537320386,-0.0030217864877895,-0.0034859166452788225
1671.6670000000013,-0.0076161101843041,-0.0030163846732077,-0.0031929416862589793
1675.036,-0.0038837255059059,-0.0029989336038926,-0.00288967649683174
1678.3999999999996,-0.0023907716345466,-0.0029697520234246,-0.002578477871273747
1681.7659999999996,-0.0026395972797732,-0.0029291048335467,-0.0022601829085983106
1685.130000000001,-0.0004001664727342,-0.0028773907691253,-0.0019366513471022135
1700.0380000000005,0.003829869496117,-0.0025255899008477,-0.0004757427474712354
1703.4130000000005,0.0043275207865701,-0.0024209837727683,-0.00014737537330911286
1706.8100000000013,0.006069300303156,-0.002307558879615,0.00017916345554304416
1710.1760000000013,0.0065669515936091,-0.0021877049008061,0.0004974272005035857
1713.562,0.0063181259483825,-0.002060254070888,0.0008109315917561925
1716.923000000001,0.0078110798197418,-0.001927537557219,0.0011142551857071244
1720.303,0.0105481619172339,-0.0017884753966106,0.0014101648974519246
1723.666000000001,0.0085575567554215,-0.0016451921080133,0.0016943410495555253
1727.036,0.0100505106267808,-0.0014973455836369,0.001967756677212424
1730.3999999999996,0.0065669515936091,-0.0013461669853818,0.002228319564069622
1733.7650000000012,0.0117922901433666,-0.0011920158979342,0.0024756354869445263
1737.130000000001,0.011045813207687,-0.0010356035965093,0.0027087328099948335
1750.0470000000005,0.0115434644981401,-0.0004261442151119,0.0034576733705105125
1753.455,0.0142805465956321,-0.0002660588818265,0.00361368820369883
1756.8070000000007,0.0125387670790463,-0.0001101218258888,0.0037492519053903793
1760.1630000000005,0.0140317209504056,4.389208738979036e-05,0.003866862737569134
1763.5240000000013,0.0117922901433666,0.0001954383384952,0.003966223699778546
1766.889000000001,0.0122899414338197,0.0003438972209385,0.004047054870482549
1770.2579999999998,0.0135340696599525,0.0004887136320974,0.004109196586903828
1773.625,0.0145293722408587,0.000629106900926,0.004152511463273009
1776.9840000000004,0.0107969875624604,0.0007643549138121,0.004177077679369189
1780.3320000000003,0.0107969875624604,0.0008939175155947,0.004183181884126222
1783.6980000000003,0.0115434644981401,0.001018466140365,0.004171048998154665
1787.054,0.0078110798197418,0.0011365407791123,0.004141020000238782
1790.428,0.0095528593363277,0.0012487287163688,0.00409316239035373
1804.6140000000007,0.0055716490127029,0.001641697649674,0.0037096686754763907
1808.0300000000009,0.0030833925604374,0.0017159177814363,0.0035767605357786146
1811.393,0.0043275207865701,0.001780847765383,0.0034320570081687696
1814.811,0.0033322182056639,0.0018384327361914,0.0032717482523513153
1818.1760000000013,0.0020880899795312,0.0018867515154921,0.0031017663707695207
1821.539000000001,0.0028345669152108,0.0019266828253499,0.0029207439207526616
1824.902,0.0013416130438515,0.0019582345003084,0.002729525573090129
1828.269,-0.0004001664727342,0.0019814397714219,0.0025288413171985526
1831.641,-0.0001513408275077,0.0019963162060059,0.002319600530171352
1835.0040000000008,-0.0006489921179608,0.002002893860082,0.002103711364192131
1838.3690000000008,-0.0026395972797732,0.0020013288453516,0.0018815314244790848
1841.737000000001,-0.0028884229249997,0.0019917424813948,0.0016540359145910289
1855.419,-0.0081137614747572,0.0018742802661729,0.0006993445553258433
1858.789000000001,-0.0068696332486245,0.001827233162089,0.0004621010759663492
1862.151,-0.0061231563129448,0.0017737348549707,0.00022669580150905974
1865.5130000000008,-0.0088602384104369,0.0017140033570114,-6.429199660956712e-06
1868.8790000000008,-0.0086114127652103,0.0016482985963252,-0.00023656299540974977
1872.231,-0.014334402605421,0.0015773560015252,-0.0004615394419614446
1875.5930000000008,-0.0115973205079289,0.0015010523984683,-0.0006820560665560495
1878.951000000001,-0.0108508435722493,0.0014200806995499,-0.0008962960693921568
1882.3240000000003,-0.0118461461531555,0.0013343642723395,-0.0011045887076024407
1885.6900000000005,-0.0113484948627024,0.0012448622828648,-0.0013047398210025252
1889.0650000000005,-0.0115973205079289,0.0011515725353666,-0.0014969242293828373
1892.445,-0.014334402605421,0.0010550194228542,-0.0016801363446703591
1907.4500000000007,-0.0130902743792882,0.0006001524511845,-0.0023653208755142255
1910.8360000000007,-0.0140855769601944,0.0004942006591838,-0.002487930921248779
1914.1990000000003,-0.012094971798382,0.0003887072887042,-0.002597151648756695
1917.5910000000003,-0.0135879256697413,0.0002824755071086,-0.002694331210015496
1920.9480000000003,-0.0133391000245148,0.0001779304538968,-0.0027774281007829195
1924.3240000000003,-0.0130902743792882,7.380002428254629e-05,-0.0028476899540528905
1927.688,-0.0108508435722493,-2.8555647225990694e-05,-0.002904309088855107
1931.0650000000005,-0.0118461461531555,-0.0001295056580204,-0.0029476389007921113
1934.438,-0.0133391000245148,-0.0002281574082716,-0.0029774058075646296
1937.8060000000005,-0.0118461461531555,-0.000324128996406,-0.00299371252689768
1941.1620000000005,-0.0118461461531555,-0.0004168976850519,-0.0029967409987884867
1944.523000000001,-0.00935788970089,-0.0005066172542092,-0.0029867182011181245
1958.2440000000008,-0.0086114127652103,-0.0008336535755312,-0.002815823560188942
1961.648000000001,-0.0088602384104369,-0.0009036825003629,-0.002742954376949346
1965.009,-0.0061231563129448,-0.0009680472158099,-0.002660012220127502
1968.376,-0.0103531922817962,-0.0010275833756592,-0.0025664848234775123
1971.741,-0.0076161101843041,-0.0010819827520857,-0.0024631279457438884
1975.1100000000008,-0.004381376796359,-0.0011312025934,-0.0023503373468604506
1978.4670000000008,-0.0028884229249997,-0.001174916525444,-0.002229299531140368
1981.837000000001,-0.0026395972797732,-0.0012133592458834,-0.0020997589657024856
1985.204,0.0043275207865701,-0.0012462588237735,-0.001962970878111872
1988.5660000000007,-0.0006489921179608,-0.0012735734158125,-0.0018197398708139204
1991.923000000001,0.0005951361081719,-0.0012953087775847,-0.0016708089311885232
1995.303,-0.0021419459893201,-0.0013116052112037,-0.0015156253074796791
2009.4400000000005,0.0023369156247577,-0.0013199723233817,-0.0008266491962963408
2012.8250000000007,0.0050739977222498,-0.0013080939288219,-0.0006562395898718512
2016.1890000000003,0.0050739977222498,-0.0012912180719925,-0.00048637808229946074
2019.5860000000007,0.006069300303156,-0.0012692001888711,-0.00031509686357291083
2022.942000000001,0.0040786951413436,-0.0012427058528849,-0.0001468641027955701
2026.3160000000007,0.0068157772388356,-0.001211503321519,2.0562475068862098e-05
2029.6810000000005,0.0075622541745153,-0.0011760238128378,0.0001851315611151218
2033.058000000001,0.0065669515936091,-0.001136255418717,0.0003471784270826587
2036.428,0.0078110798197418,-0.0010926408386534,0.0005051202417795435
2039.794,0.0107969875624604,-0.0010454000868978,0.0006584792821601285
2043.1560000000009,0.0093040336911011,-0.0009947958030437,0.0008066648416078985
2046.519,0.008806382400648,-0.0009410162698084,0.0009493282717234715
2059.705,0.008806382400648,-0.0007048451084612,0.0014451281524685002
2063.1140000000014,0.0100505106267808,-0.0006386236120549,0.0015545739044983665
2066.4770000000008,0.0085575567554215,-0.0005717926533961,0.001654226320443846
2069.8430000000008,0.0080599054649684,-0.0005037014705504,0.0017453755174816853
2073.211000000001,0.0070646028840622,-0.0004346610602983,0.0018276971656766726
2076.5570000000007,0.0080599054649684,-0.0003654605057682,0.001900450631202743
2079.9170000000013,0.008806382400648,-0.0002956448996547,0.0019642601023441898
2083.286,0.0078110798197418,-0.0002256005904494,0.002018786422175477
2086.653,0.0073134285292887,-0.0001558381541285,0.0020637158435351907
2090.023000000001,0.0063181259483825,-8.653108248648853e-05,0.0020990476170668335
2093.3870000000006,0.0078110798197418,-1.8133404214801903e-05,0.002124680034235697
2096.7530000000006,0.0055716490127029,4.925691674742823e-05,0.002140713326829094
2100.1180000000004,0.0053228233674763,0.0001153259937881,0.002147192579612089
2113.2610000000004,0.0035810438508905,0.0003564563150839,0.002083531647752498
2116.640000000001,0.0023369156247577,0.0004130406040894,0.0020452381983022327
2120.005000000001,0.0018392643343046,0.000466804326231,0.0019987059836602994
2123.388000000001,-0.0001513408275077,0.0005180786126589,0.0019438001655730129
2126.7530000000006,0.0015904386890781,0.0005661574766318,0.001881456407158382
2130.117,-0.0011466434084139,0.0006111630542001,0.0018118042089261366
2133.479000000001,-0.0006489921179608,0.0006529556768574,0.0017352786043183005
2136.842000000001,-0.0028884229249997,0.0006914585990208,0.001652243383034056
2140.2120000000014,-0.0023907716345466,0.0007266280143036,0.001562980254574853
2143.559000000001,-0.0033860742154528,0.0007580906407523,0.00146879492267349
2146.9210000000003,-0.0033860742154528,0.0007861466964764,0.001369125020352627
2150.291000000001,-0.0038837255059059,0.0008106469109876,0.0012646313250516835
2153.661,-0.0041325511511324,0.0008314810881794,0.0011560655570335113
2165.992,-0.0068696332486245,0.000876245686077,0.0007327231950265492
2169.3860000000004,-0.007118458893851,0.0008799421997021,0.0006114268100553761
2172.765000000001,-0.0081137614747572,0.0008799917692655,0.0004896617638910434
2176.131000000001,-0.0088602384104369,0.0008764984702015,0.00036791420330918497
2179.473,-0.0063719819581714,0.0008696030294826,0.0002471200297289035
2182.8340000000007,-0.0108508435722493,0.0008593083330741,0.0001262493813803945
2186.201000000001,-0.0101043666365696,0.0008457131617585,6.2941006353560515e-06
2189.5640000000003,-0.0110996692174758,0.0008289631473798,-0.0001118825072184578
2192.9220000000005,-0.0133391000245148,0.0008091947432429,-0.00022776150889646397
2196.303,-0.0101043666365696,0.0007863490311291,-0.00034181255178613
2199.6670000000013,-0.0101043666365696,0.0007608280241704,-0.00045221981491066327
2203.036,-0.0103531922817962,0.0007326283509375,-0.0005592816734298364
2206.409,-0.012094971798382,0.0007019048770141,-0.0006625329286138943
2221.611000000001,-0.0110996692174758,0.0005370966156151,-0.0010688947958827015
2225.0370000000003,-0.0103531922817962,0.0004951042177834,-0.0011451563263177788
2228.425000000001,-0.0125926230888351,0.0004522393231702,-0.0012144280975622927
2231.790000000001,-0.0148320538958741,0.0004085428029425,-0.0012769633776210203
2235.153,-0.0083625871199838,0.0003639484288728,-0.0013330362050478868
2238.513000000001,-0.00935788970089,0.0003186651824808,-0.0013824896135677155
2241.880000000001,-0.0063719819581714,0.0002727509606771,-0.0014253348086665208
2245.231,-0.0083625871199838,0.0002267130999628,-0.001461213330777434
2248.5930000000008,-0.0081137614747572,0.0001803717270066,-0.0014903672290599542
2251.9490000000005,-0.0056255050224917,0.0001341482286357,-0.0015126022859734973
2255.3240000000005,-0.0073672845390776,8.788451236883677e-05,-0.001528042863151806
2258.688,-0.0066208076033979,4.217435924046032e-05,-0.0015365558944207935
2272.036,-0.0023907716345466,-0.0001318459630799,-0.0015042205236919476
2275.4230000000007,-0.0041325511511324,-0.0001733243049369,-0.0014798544462941237
2278.791000000001,-0.0021419459893201,-0.0002131932631528,-0.00144948647676255
2282.152,-0.0011466434084139,-0.0002514732119139,-0.0014132965123536604
2285.515000000001,-0.0018931203440935,-0.0002881410737594,-0.0013714400089860307
2288.8820000000014,-0.0038837255059059,-0.0003230937691387,-0.001324137969958063
2292.2350000000006,-0.0028884229249997,-0.0003560414954839,-0.001271946335174557
2295.595000000001,-0.0004001664727342,-0.0003870948418876,-0.0012148516619184739
2298.954,0.0023369156247577,-0.0004160825614779,-0.0011532911873427208
2302.3240000000005,0.001092787398625,-0.0004430161694052,-0.0010873563174120043
2305.696,0.0008439617533984,-0.000467738150767,-0.0010175451930447615
2309.0660000000007,0.0023369156247577,-0.0004901561620139,-0.0009442989471736776
2323.351000000001,0.006069300303156,-0.000558746138034,-0.0006038770666541329
2326.793,0.0045763464317967,-0.0005687325187817,-0.0005167703701348058
2330.157000000001,0.006069300303156,-0.000576022948241,-0.00043055443649204583
2333.517,0.0048251720770232,-0.0005808784337168,-0.0003437644967791171
2336.883,0.0055716490127029,-0.0005833315504595,-0.00025652938760225565
2340.2350000000006,0.0043275207865701,-0.0005834057374207,-0.0001697495993920225
2343.603000000001,0.0048251720770232,-0.0005811381936207,-8.302618703008932e-05
2346.9590000000007,0.0068157772388356,-0.0005765908189247,2.550140335531527e-06
2350.327000000001,0.0053228233674763,-0.000569786984887,8.722937382067717e-05
2353.6940000000013,0.0055716490127029,-0.0005608060191344,0.00017032659955153767
2357.067000000001,0.0070646028840622,-0.0005496964404384,0.000251669179270479
2360.443000000001,0.0065669515936091,-0.0005365392813639,0.00033084729636628877
2373.236000000001,0.0068157772388356,-0.000469776573756,0.0006052402418406439
2376.6090000000004,0.0065669515936091,-0.0004481841821843,0.0006695509632996075
2379.983,0.0075622541745153,-0.0004251313056993,0.0007300533713003324
2383.338,0.0065669515936091,-0.0004008819156106,0.0007862099039973091
2386.704,0.0053228233674763,-0.0003753432297886,0.0008383476555753154
2390.061,0.0013416130438515,-0.0003487876297293,0.0008859853214122618
2393.436,0.0033322182056639,-0.0003211223105615,0.0009293407249729883
2396.790000000001,0.0045763464317967,-0.0002927942357307,0.0009677939517476305
2400.153,0.0043275207865701,-0.0002636819649967,0.0010016105690547907
2403.513000000001,0.0040786951413436,-0.0002340155083444,0.0010305761702598672
2406.880000000001,0.0035810438508905,-0.0002038342993742,0.001054709123061759
2410.2300000000014,0.0005951361081719,-0.0001734829548358,0.0010738223344540147
2413.5930000000008,0.0020880899795312,-0.0001428173792001,0.0010880806249603653
2426.9930000000004,0.0013416130438515,-2.1143808144412867e-05,0.0010962922369261272
2430.42,-0.0008978177631873,9.226166261344843e-06,0.0010862151538005942
2433.790000000001,-0.0004001664727342,3.856029666488619e-05,0.001071658683329401
2437.153,-0.0011466434084139,6.719917721278876e-05,0.0010526665875870017
2440.513000000001,-0.0048790280868121,9.5075323127104e-05,0.0010293805816088703
2443.880000000001,-0.0031372485702263,0.000122170437148,0.001001885211751609
2447.231,-0.0063719819581714,0.0001482085343299,0.0009705610757364799
2450.594000000001,-0.0038837255059059,0.0001733195506458,0.0009353450237076126
2453.9500000000007,-0.004381376796359,0.0001972757938851,0.0008966323431662666
2457.3240000000005,-0.004381376796359,0.0002201718003329,0.0008543365054508877
2460.688,-0.0038837255059059,0.000241741017996,0.0008090272047190784
2464.0640000000003,-0.0048790280868121,0.0002620569224274,0.0007606479069338389
2475.617,-0.007118458893851,0.0003207290733989,0.0005765623828748795
2478.983,-0.0048790280868121,0.0003344833705358,0.0005186029751529752
2482.338,-0.0066208076033979,0.0003466314371374,0.0004593844322539644
2485.704,-0.007118458893851,0.0003572297368847,0.0003987968628118462
2489.059000000001,-0.0083625871199838,0.0003661926234413,0.0003375147193861273
2492.4350000000013,-0.0083625871199838,0.0003735886238295,0.00027523070899067753
2495.7890000000007,-0.0086114127652103,0.0003793211603807,0.00021301622189555565
2499.152,-0.0096067153461165,0.0003834560398012,0.0001505740225672465
2502.5120000000006,-0.007118458893851,0.000385984023436,8.839860159813371e-05
2505.880000000001,-0.0086114127652103,0.0003869259693301,2.6555243367909706e-05
2509.231,-0.0128414487340617,0.000386303369716,-3.423835331774277e-05
2512.5930000000008,-0.0083625871199838,0.0003841432778451,-9.423773479805086e-05
2515.9490000000005,-0.0081137614747572,0.0003804868678602,-0.00015289127934361746
2530.710000000001,-0.0073672845390776,0.0003477089970867,-0.0003903928693304902
2534.108,-0.0083625871199838,0.0003366175119621,-0.00043912035473389627
2537.4590000000007,-0.0076161101843041,0.0003245092407367,-0.00048459534897792007
2540.8100000000013,-0.00935788970089,0.0003113063779015,-0.0005273479536417426
2544.177,-0.0068696332486245,0.0002970090738212,-0.0005674144485302428
2547.541000000001,-0.0058743306677183,0.00028176620723,-0.0006044179459625461
2550.9040000000005,-0.0063719819581714,0.0002656472473205,-0.0006382667787548052
2554.267,-0.0048790280868121,0.0002487268501283,-0.000668868748423054
2557.638000000001,-0.0058743306677183,0.0002310432261306,-0.0006961965931484781
2560.996000000001,-0.0058743306677183,0.0002127906165977,-0.0007200152221270414
2564.3640000000014,-0.0061231563129448,0.0001939287901047,-0.0007404357068588825
2567.719000000001,-0.0058743306677183,0.0001746715813159,-0.0007572827263046417
2579.786,-0.0028884229249997,0.0001028501723856,-0.0007888183094172272
2583.168,-0.0011466434084139,8.236753163614149e-05,-0.0007895448395306005
2586.5390000000007,-0.0026395972797732,6.195450077158457e-05,-0.000786801697457624
2589.902,-0.0026395972797732,4.167481699385593e-05,-0.0007806756474089414
2593.269,-0.0013954690536404,2.1536137731499323e-05,-0.0007712247292503109
2596.642,-0.0004001664727342,1.605701438081181e-06,-0.000758516141149748
2600.005000000001,-0.0006489921179608,-1.7946458100363294e-05,-0.0007427160918414191
2603.3690000000006,0.0005951361081719,-3.711227309481259e-05,-0.0007238977286167588
2606.737000000001,0.0013416130438515,-5.583733514220518e-05,-0.0007021615790170438
2610.1020000000008,0.0035810438508905,-7.40149487375649e-05,-0.0006776863781718396
2613.4680000000008,0.0030833925604374,-9.160284964812454e-05,-0.0006505905165992429
2616.8370000000014,0.0025857412699843,-0.0001085494312316,-0.00062100788498358
2620.206,0.0028345669152108,-0.0001247813216715,-0.000589124914691356
2634.8550000000014,0.0043275207865701,-0.0001858145694717,-0.0004280913973104604
2638.263000000001,0.0050739977222498,-0.0001975430706245,-0.0003864810214533811
2641.6320000000014,0.0035810438508905,-0.0002081467891906,-0.000344224011751225
2644.996000000001,0.0048251720770232,-0.0002177255293646,-0.0003011160974727343
2648.361000000001,0.0068157772388356,-0.000226276228537,-0.00025728257537855086
2651.7180000000008,0.0065669515936091,-0.0002337618624771,-0.00021304285665371428
2655.0820000000003,0.0040786951413436,-0.0002402034238942,-0.0001683992775194217
2658.4590000000007,0.0055716490127029,-0.0002455944092549,-0.0001234693895868152
2661.809000000001,0.0073134285292887,-0.0002498736090588,-7.898164477049376e-05
2665.177,0.0045763464317967,-0.0002531031411227,-3.453144670990439e-05
2668.540000000001,0.0085575567554215,-0.0002552593617519,9.38678528214837e-06
2671.9040000000005,0.0048251720770232,-0.0002563568607891,5.266741931887647e-05
2686.1850000000013,0.0050739977222498,-0.000249593464087,0.0002251217010777993
2689.543,0.0075622541745153,-0.0002454435484354,0.0002621398602332812
2692.901,0.0020880899795312,-0.0002403801269961,0.000297507835849443
2696.267,0.0030833925604374,-0.0002344231991599,0.0003311728575940718
2699.6370000000006,0.0023369156247577,-0.0002276135693091,0.0003629633107435845
2703.001,0.0015904386890781,-0.0002200133428051,0.0003926747204473771
2706.3680000000004,0.001092787398625,-0.0002116469818137,0.0004202877543666319
2709.7250000000004,0.0030833925604374,-0.0002025949675324,0.0004456120423883226
2713.101000000001,0.0020880899795312,-0.0001928245478734,0.00046877730135188174
2716.4680000000008,0.0003463104629453,-0.0001824639293068,0.0004895122427430602
2719.8370000000014,0.0003463104629453,-0.0001715330153184,0.0005078343077384629
2723.2070000000003,9.748481771884036e-05,-0.0001600875573527,0.00052368852831682
2737.617,-0.0013954690536404,-0.0001066805010299,0.0005629759022946197
2740.9940000000006,-0.0023907716345466,-9.34289633756729e-05,0.000565473101533658
2744.361000000001,-0.0051278537320386,-8.005733790599417e-05,0.0005654584133976202
2747.7180000000008,-0.0018931203440935,-6.662314577090415e-05,0.0005629887605680583
2751.085000000001,-0.0038837255059059,-5.310205608888167e-05,0.0005580943853444207
2754.460000000001,-0.0028884229249997,-3.955702736471532e-05,0.0005508139683372812
2757.8100000000013,-0.0041325511511324,-2.6174227688897407e-05,0.0005413006690609129
2761.178,-0.0006489921179608,-1.2834577131117972e-05,0.0005295130114195631
2764.541000000001,-0.0046302024415855,3.1863414863067093e-07,0.000515600678648439
2767.9040000000005,-0.0073672845390776,1.325528888047468e-05,0.0004996380437891766
2771.267,-0.0056255050224917,2.592705492341954e-05,0.000481723014889646
2774.638000000001,-0.0051278537320386,3.831644964105578e-05,0.0004619115098718312
2787.9310000000005,-0.0076161101843041,8.328970407594474e-05,0.0003679504937981659
2791.3150000000005,-0.0061231563129448,9.35569745933504e-05,0.0003406161293673512
2794.678,-0.0063719819581714,0.0001032167612188,0.00031234268673566325
2798.0560000000005,-0.007118458893851,0.0001123437537763,0.0002829702500329395
2801.428,-0.0063719819581714,0.0001208516044439,0.00025281939021289243
2804.794,-0.0096067153461165,0.0001287191783548,0.00022203758658311234
2808.1580000000013,-0.0088602384104369,0.0001359366878265,0.00019073429683858105
2811.5210000000006,-0.0068696332486245,0.000142488750751,0.00015904465979071374
2814.889000000001,-0.0046302024415855,0.0001483704107854,0.00012705520785296276
2818.258,-0.0061231563129448,0.0001535603661177,9.49463789471669e-05
2821.629000000001,-0.0076161101843041,0.0001580497075649,6.285036616494636e-05
2824.9930000000004,-0.007118458893851,0.0001618214992382,3.0992100421173456e-05
2828.3590000000004,-0.0088602384104369,0.0001648838524588,-5.774651342510876e-07
2842.4770000000008,-0.007118458893851,0.0001700102276602,-0.00012671062393467252
2845.8590000000004,-0.0058743306677183,0.0001694236523733,-0.00015476109231826567
2849.2300000000014,-0.0051278537320386,0.0001681648638102,-0.0001816532249791916
2852.595000000001,-0.0066208076033979,0.0001662531632186,-0.00020733244678622842
2855.954,-0.0048790280868121,0.0001637103953612,-0.0002317095360365253
2859.326000000001,-0.0026395972797732,0.0001605408865801,-0.00025482935827922783
2862.696,-0.0038837255059059,0.0001567785848127,-0.00027650036266826684
2866.0660000000007,-0.0031372485702263,0.00015244669092,-0.0002966619419961861
2869.445,-0.0023907716345466,0.0001475582697003,-0.00031529446861510026
2872.8100000000013,-0.0021419459893201,0.0001421763226258,-0.0003322153879321416
2876.178,-0.0018931203440935,0.0001363062710492,-0.00034746697446901915
2879.541000000001,-0.0073672845390776,0.0001299939276681,-0.0003609714949632433
2892.347,0.0003463104629453,0.0001024245816253,-0.00039610524430505465
2895.7210000000014,-0.0001513408275077,9.439361240879424e-05,-0.00040099544780563157
2899.101000000001,0.0003463104629453,8.609859691062858e-05,-0.0004040652759851284
2902.467000000001,0.0018392643343046,7.762690722417604e-05,-0.00040531499069621803
2905.836000000001,0.0008439617533984,6.89743854171601e-05,-0.0004047794190417746
2909.2030000000013,0.001092787398625,6.019140650038109e-05,-0.00040248570918745584
2912.567000000001,-0.0011466434084139,5.131835181786392e-05,-0.0003984728350721763
2915.924000000001,0.0015904386890781,4.240328194675026e-05,-0.0003927944401637132
2919.3010000000013,0.0025857412699843,3.341117793591009e-05,-0.0003854434616566267
2922.6620000000003,0.001092787398625,2.4474219464412985e-05,-0.00037654992599356693
2926.032000000001,0.0020880899795312,1.5561713434512126e-05,-0.0003661134746300299
2929.397000000001,0.0035810438508905,6.745738192874115e-06,-0.00035424127287311916
2932.7620000000006,0.0030833925604374,-1.952943473994493e-06,-0.0003409908016208073
2945.523000000001,0.0045763464317967,-3.3310373339683913e-05,-0.00027962031051862455
2948.9230000000007,0.0075622541745153,-4.108888841014695e-05,-0.0002607076878842553
2952.3140000000003,0.0030833925604374,-4.85509176127858e-05,-0.0002409545884018641
2955.679,0.0033322182056639,-5.5638405753611874e-05,-0.00022057229100261013
2959.0550000000003,0.0028345669152108,-6.240792613536913e-05,-0.0001994423370610346
2962.428,0.0035810438508905,-6.88085113906611e-05,-0.00017775180395009787
2965.793,0.0040786951413436,-7.481266218078643e-05,-0.00015563825444270867
2969.157000000001,0.0035810438508905,-8.041652277908185e-05,-0.00013316052455064248
2972.517,0.0028345669152108,-8.560005455340466e-05,-0.00011044227649905602
2975.883,0.0023369156247577,-9.03642753581104e-05,-8.751840822016718e-05
2979.2340000000004,0.0028345669152108,-9.46691712835784e-05,-6.463392185312452e-05
2982.597,-0.0006489921179608,-9.85399242767743e-05,-4.170504829893787e-05
2985.954,0.0018392643343046,-0.0001019464997565,-1.8953412158751152e-05
3002.108,0.0003463104629453,-0.0001118138077075,8.562798769864112e-05
3005.460000000001,9.748481771884036e-05,-0.0001125040200255,0.00010572861513073353
3008.827000000001,-0.0008978177631873,-0.0001127347690024,0.00012517905035960193
3012.1820000000007,-0.0004001664727342,-0.0001125102024861,0.0001437484040871444
3015.5460000000003,-0.0008978177631873,-0.0001118378790847,0.00016148437975706766
3018.9050000000007,-0.0004001664727342,-0.0001107297919068,0.00017824688745641466
3022.272000000001,0.0003463104629453,-0.0001091926912903,0.0001940396009590637
3025.641,-0.0018931203440935,-0.0001072405943621,0.0002087750329105428
3029.005000000001,-0.0008978177631873,-0.0001048927141701,0.0002223746256685708
3032.3690000000006,-0.0021419459893201,-0.0001021623998694,0.00023481729828321276
3035.737000000001,-0.0026395972797732,-9.906297679593662e-05,0.00024607759067676
3039.124,-0.0026395972797732,-9.559553796954068e-05,0.0002561605598780386
3052.157000000001,-0.0076161101843041,-7.934846951874166e-05,0.00028293824141962566
3055.526,-0.0041325511511324,-7.450251218056906e-05,0.0002866971011618617
3058.891,-0.0046302024415855,-6.944232507802802e-05,0.0002891497004594435
3062.256000000001,-0.0046302024415855,-6.41862105278519e-05,0.00029030865935369477
3065.629000000001,-0.0046302024415855,-5.874539043938256e-05,0.0002901850912700002
3068.988000000001,-0.004381376796359,-5.3180381153869686e-05,0.00028880152368308094
3072.345000000001,-0.0046302024415855,-4.749701353858847e-05,0.00028618545488466693
3075.7080000000005,-0.0058743306677183,-4.170630887494103e-05,0.000282356968454922
3079.0750000000007,-0.0058743306677183,-3.583612966281708e-05,0.0002773464414622885
3082.4480000000003,-0.0048790280868121,-2.9907522211905984e-05,0.0002711839841502965
3085.817000000001,-0.0078649358295307,-2.396265548083479e-05,0.00026392962820074233
3089.183000000001,-0.0073672845390776,-1.802411296959792e-05,0.00025563153310910805
3092.545,-0.0078649358295307,-1.2117450266763976e-05,0.00024634609133414564
3108.236000000001,-0.0076161101843041,1.4454508214584097e-05,0.00019150862137316582
3111.606,-0.0056255050224917,1.9812509359149568e-05,0.00017765594947801973
3114.9620000000014,-0.0048790280868121,2.498166624531265e-05,0.00016328081694342306
3118.335000000001,-0.0061231563129448,2.9991384874370117e-05,0.00014832071471841614
3121.6990000000005,-0.0053766793772652,3.478534768315112e-05,0.0001329612879903391
3125.059000000001,-0.0046302024415855,3.9355945623466336e-05,0.00011725511407724646
3128.433000000001,-0.0056255050224917,4.371183492484429e-05,0.0001011902857784204
3131.790000000001,-0.0046302024415855,4.779971528017588e-05,8.498845490598122e-05
3135.151,-0.0063719819581714,5.163421449153273e-05,6.862307291148968e-05
3138.523000000001,-0.0083625871199838,5.5210395032662914e-05,5.2132622018026504e-05
3141.9,-0.0046302024415855,5.850998396843088e-05,3.561918431304078e-05
3145.313,-0.0058743306677183,6.154924955517605e-05,1.900500823881245e-05
3159.717000000001,-0.0046302024415855,7.095538014920838e-05,-4.86389170814184e-05
3163.0870000000014,-0.0041325511511324,7.233638057354306e-05,-6.352508713735037e-05
3166.4620000000014,-0.0036348998606793,7.340480640230523e-05,-7.794767036450652e-05
3169.8240000000005,-0.0004001664727342,7.415692624872671e-05,-9.177546401381704e-05
3173.1890000000003,-0.0023907716345466,7.45998010743374e-05,-0.00010502386293171052
3176.5330000000013,-0.0018931203440935,7.473601354248373e-05,-0.00011755419774115579
3179.9,-0.0021419459893201,7.457153828482377e-05,-0.00012948493892555286
3183.266,-0.0018931203440935,7.411019512197182e-05,-0.00014068196757716894
3186.638000000001,0.0015904386890781,7.335710222976134e-05,-0.000151128148607737
3190.001,0.0030833925604374,7.232376928738673e-05,-0.00016074327290733123
3193.3680000000004,0.0013416130438515,7.101561483979679e-05,-0.00016953550060193014
3196.7250000000004,-0.0004001664727342,6.944849580721579e-05,-0.00017744390982870706
3210.143,0.0018392643343046,6.078644502404802e-05,-0.00020011504624388725
3213.486000000001,0.0015904386890781,5.809337310374398e-05,-0.00020347811020398916
3216.880000000001,0.0015904386890781,5.516861502257506e-05,-0.00020595002454119397
3220.2340000000004,0.0048251720770232,5.210438355624221e-05,-0.0002074622240686491
3223.595000000001,0.0025857412699843,4.887546351529141e-05,-0.00020805591429732913
3226.9530000000013,0.0020880899795312,4.550666819874764e-05,-0.00020773787760805244
3230.3240000000005,0.0025857412699843,4.1997226055507136e-05,-0.00020651663140751385
3233.6890000000003,0.0045763464317967,3.838268386306381e-05,-0.00020441408080605202
3237.0640000000003,0.0023369156247577,3.466208865415048e-05,-0.00020144019912464464
3240.438,0.0055716490127029,3.086375409628716e-05,-0.0001976262792806138
3243.793,0.0018392643343046,2.7025099384883288e-05,-0.00019302824584464443
3247.1850000000013,0.0023369156247577,2.309824145500336e-05,-0.00018759457745289864
3261.976000000001,0.0023369156247577,5.84712440997682e-06,-0.00015560218077428524
3265.363000000001,-0.0008978177631873,1.9592547022768987e-06,-0.00014661532070531919
3268.7120000000014,0.0008439617533984,-1.8298763136821116e-06,-0.00013721642970852393
3272.079,0.0030833925604374,-5.569752512616022e-06,-0.00012730119004847042
3275.4500000000007,-0.0001513408275077,-9.230246501928647e-06,-0.00011695601418776413
3278.8160000000007,0.0003463104629453,-1.2788291820133786e-05,-0.00010625959533389981
3282.1810000000005,0.0020880899795312,-1.6235671343896042e-05,-9.525191013203076e-05
3285.543,0.0028345669152108,-1.9558504039212635e-05,-8.399229810765052e-05
3288.902,-0.0018931203440935,-2.274579972286965e-05,-7.253398030287591e-05
3292.269,0.0013416130438515,-2.579706614066982e-05,-6.08918418904797e-05
3295.641,0.0005951361081719,-2.8698825070771323e-05,-4.912840397339333e-05
3299.004000000001,-0.001644294698867,-3.1430183242230955e-05,-3.734531182912643e-05
3312.429,-0.0078649358295307,-4.056233182212765e-05,9.177675547324103e-06
3315.799000000001,-0.0018931203440935,-4.237883540689676e-05,2.0478511839427422e-05
3319.157000000001,-0.0011466434084139,-4.398950606489792e-05,3.149384531738288e-05
3322.5200000000004,-0.0006489921179608,-4.539992094196635e-05,4.2235640770394066e-05
3325.889000000001,-0.0013954690536404,-4.660716198511792e-05,5.2662840510568634e-05
3329.259,-0.0033860742154528,-4.7607313885102175e-05,6.271804561774352e-05
3332.629000000001,-0.0031372485702263,-4.839936316425141e-05,7.235939459000676e-05
3335.9930000000004,-0.0028884229249997,-4.898267770128236e-05,8.153457569947469e-05
3339.3590000000004,-0.0028884229249997,-4.936006671420874e-05,9.023243487471852e-05
3342.7270000000008,-0.0026395972797732,-4.953302832948431e-05,9.842088047509498e-05
3346.112000000001,-0.0041325511511324,-4.950328311097763e-05,0.00010610318399156238
3349.4980000000014,-0.0031372485702263,-4.927282636539454e-05,0.00011321249884319098
3363.657000000001,-0.0021419459893201,-4.624187493528712e-05,0.00013624039248291448
3367.058000000001,-0.004381376796359,-4.504932286435036e-05,0.000140077484721127
3370.429,-0.0048790280868121,-4.370444389366715e-05,0.00014321255441457185
3373.785,-0.0038837255059059,-4.221253919475658e-05,0.00014566845340833272
3377.147000000001,-0.0046302024415855,-4.057337989688648e-05,0.00014746176718486792
3380.499,-0.0048790280868121,-3.880390784564373e-05,0.00014858660492673292
3383.8680000000004,-0.0046302024415855,-3.689879339605069e-05,0.00014905429048065456
3387.231,-0.0048790280868121,-3.488012340481535e-05,0.00014886554740247223
3390.595000000001,-0.0066208076033979,-3.2753975365273767e-05,0.00014803136645064467
3393.954,-0.0041325511511324,-3.053458397624603e-05,0.0001465669421705561
3397.3250000000007,-0.0046302024415855,-2.822094260402692e-05,0.00014447809870646652
3400.696,-0.0036348998606793,-2.5831554172636288e-05,0.00014178670561739042
3414.961000000001,-0.0038837255059059,-1.5133047630344532e-05,0.0001242319979636161
3418.344000000001,-0.0058743306677183,-1.2516330299956428e-05,0.00011874605431229725
3421.7090000000007,-0.0053766793772652,-9.905871528398758e-06,0.00011284657918272184
3425.076000000001,-0.0041325511511324,-7.296846565604064e-06,0.00010653358367804928
3428.4480000000003,-0.0031372485702263,-4.69740453492232e-06,9.98334798905954e-05
3431.8160000000007,-0.0033860742154528,-2.1247206347308656e-06,9.279845873435823e-05
3435.1800000000003,-0.0036348998606793,4.113477614430928e-07,8.546513989968305e-05
3438.544,-0.0033860742154528,2.904245547733316e-06,7.786154509388507e-05
3441.9040000000005,-0.0028884229249997,5.341809869807022e-06,7.003397180611782e-05
3445.272000000001,-0.0008978177631873,7.723708951453448e-06,6.199145188431196e-05
3448.6550000000007,-0.0038837255059059,1.004562865840434e-05,5.375336395547255e-05
3452.088,-0.0033860742154528,1.2321077352198244e-05,4.52693474745476e-05
3465.594000000001,-0.0006489921179608,2.0334474369911006e-05,1.144476112637024e-05
3468.9840000000004,0.0003463104629453,2.2078034844200185e-05,3.031731016620472e-06
3472.339,-0.0006489921179608,2.368672368095293e-05,-5.191882955655236e-06
3475.704,-0.0013954690536404,2.5178859981150143e-05,-1.3303022356975852e-05
3479.062,-0.0033860742154528,2.6542762067313826e-05,-2.1227258248223054e-05
3482.438,-0.0011466434084139,2.778452258495017e-05,-2.899039000533617e-05
3485.793,0.0025857412699843,2.888712119577313e-05,-3.647222191726385e-05
3489.157000000001,-0.0008978177631873,2.985884490590316e-05,-4.371151698620532e-05
3492.518,-0.0018931203440935,3.069416888470257e-05,-5.065395295242846e-05
3495.884,0.0005951361081719,3.139382731735342e-05,-5.728957174476397e-05
3499.2350000000006,0.001092787398625,3.1953710601103713e-05,-6.35560535572098e-05
3502.603000000001,-0.0001513408275077,3.237903739398869e-05,-6.949030694818428e-05
3505.960000000001,-0.0001513408275077,3.2666447888972243e-05,-7.50213601122681e-05
3520.863000000001,-0.0008978177631873,3.2336114951321245e-05,-9.451016508973507e-05
3524.231,-0.0008978177631873,3.191262023638418e-05,-9.769216362377906e-05
3527.594000000001,0.0025857412699843,3.136861395085092e-05,-0.00010039994379846595
3530.9490000000005,0.0013416130438515,3.070942928783512e-05,-0.00010262855728103353
3534.322,0.0008439617533984,2.9934015285419423e-05,-0.00010439001345026093
3537.6850000000013,0.0008439617533984,2.9053355156451785e-05,-0.00010566697144798351
3541.0640000000003,0.0005951361081719,2.8065692872478013e-05,-0.00010646911673405546
3544.438,0.0015904386890781,2.698233328883746e-05,-0.00010679230122593454
3547.8050000000003,0.0013416130438515,2.5810383237718387e-05,-0.00010664409263593738
3551.161,0.0015904386890781,2.455812686320513e-05,-0.00010603557583633346
3554.571,0.0003463104629453,2.320625540652501e-05,-0.00010495535828822323
3557.9260000000013,0.0013416130438515,2.1804680923828874e-05,-0.00010344916315118088
3570.643,0.001092787398625,1.5968415006708266e-05,-9.398872144771005e-05
3574.026,0.0013416130438515,1.4309201974533142e-05,-9.05492558207107e-05
3577.392,0.0008439617533984,1.2627800395982653e-05,-8.677903087059494e-05
3580.7570000000014,0.0043275207865701,1.0923723840769331e-05,-8.268419216785401e-05
3584.121000000001,9.748481771884036e-05,9.2042107190728e-06,-7.828738029806548e-05
3587.4770000000008,-0.0026395972797732,7.480032963508654e-06,-7.362221031991508e-05
3590.844000000001,-0.0021419459893201,5.748493396138833e-06,-6.868613118819003e-05
3593.746000000001,-0.0001513408275077,4.260059968243208e-06,-6.424547392066388e-05
3597.112000000001,-0.0008978177631873,2.5443388462966776e-06,-5.890159113031426e-05
3600.4680000000008,-0.0011466434084139,8.515138713201138e-07,-5.339186333710754e-05
3603.837000000002,-0.0021419459893201,-8.23470415250057e-07,-4.770488668069145e-05
3607.204,-0.0008978177631873,-2.4667120789457195e-06,-4.189215817272066e-05
3610.5660000000007,-0.0013954690536404,-4.070756728683179e-06,-3.598633561698355e-05
3625.134,-0.0018931203440935,-1.0460297099525205e-05,-9.879895531608674e-06
3628.517,-0.0004001664727342,-1.178487913630317e-05,-3.848666322549746e-06
3631.881000000001,-0.0028884229249997,-1.303298845681742e-05,2.082049919038363e-06
3635.2350000000006,-0.0021419459893201,-1.4204987495954756e-05,7.904170852287105e-06
3638.596000000002,-0.0026395972797732,-1.5303402203092262e-05,1.3623273053072035e-05
3641.954,-0.0013954690536404,-1.632168161756086e-05,1.9198933723277748e-05
3645.326000000001,0.0005951361081719,-1.726179137972679e-05,2.4636251164888657e-05
3648.696,-0.0018931203440935,-1.8116402128050498e-05,2.9887085304337223e-05
3652.08,-0.0051278537320386,-1.888705284372605e-05,3.4954833766465514e-05
3655.460000000001,-0.0033860742154528,-1.9567577773247347e-05,3.9792243587996685e-05
3658.868,-0.0051278537320386,-2.0162157785231567e-05,4.4424302940851156e-05
3662.231,-0.0056255050224917,-2.06578410159066e-05,4.873685148078864e-05
3675.697,-0.0041325511511324,-2.1731908126217565e-05,6.314957754167911e-05
3679.078000000001,-0.0041325511511324,-2.177474961706968e-05,6.59919620231476e-05
3682.451000000001,-0.0033860742154528,-2.1728848411143175e-05,6.84989380284386e-05
3685.817000000001,-0.0046302024415855,-2.1596414737054068e-05,7.066705360381075e-05
3689.183000000001,-0.004381376796359,-2.137939411092396e-05,7.249703359299882e-05
3692.546,-0.0013954690536404,-2.108034672241649e-05,7.398442440316611e-05
3695.9050000000007,-0.0046302024415855,-2.070215740649361e-05,7.512810835982681e-05
3699.272000000001,-0.0038837255059059,-2.024615826668053e-05,7.593133215778178e-05
3702.642,-0.0011466434084139,-1.9715746823591582e-05,7.639249332458963e-05
3706.005000000001,-0.0038837255059059,-1.911596499730998e-05,7.651357594218514e-05
3709.3690000000006,-0.0013954690536404,-1.844913619813487e-05,7.629995454306605e-05
3712.737000000001,-0.0048790280868121,-1.7718295051858826e-05,7.575628179767897e-05
3716.101000000001,-0.0041325511511324,-1.692914356871343e-05,7.489079025705299e-05
3728.236000000001,-0.0008978177631873,-1.3656666103302342e-05,6.923113013275786e-05
3731.641,-0.0031372485702263,-1.263813351148683e-05,6.697739650404447e-05
3735.004000000001,0.0005951361081719,-1.1597720135147014e-05,6.448927446163597e-05
3738.3690000000006,-0.0036348998606793,-1.0527183780981875e-05,6.175339380038215e-05
3741.737000000001,-0.004381376796359,-9.430928726196175e-06,5.878375362430918e-05
3745.101000000001,-0.0036348998606793,-8.316047705611691e-06,5.560276472150795e-05
3748.469000000001,-0.0018931203440935,-7.184701167034864e-06,5.2219735501143025e-05
3751.836000000001,-0.0026395972797732,-6.0433424432156285e-06,4.865692749580142e-05
3755.212000000002,-0.0056255050224917,-4.8933258477485066e-06,4.4921255023619436e-05
3758.567000000001,-0.0033860742154528,-3.749582091167798e-06,4.1065213099849426e-05
3761.945,-0.0018931203440935,-2.601756794227496e-06,3.705705689978638e-05
3765.321,-0.0018931203440935,-1.46294635194097e-06,3.2944565914127234e-05
3768.687,-0.0021419459893201,-3.4024672269176415e-07,2.8757469241882956e-05
3785.532000000001,9.748481771884036e-05,4.941372744091939e-06,7.183054405342331e-06
3788.902,-0.0038837255059059,5.903697864120255e-06,2.877580348046742e-06
3792.304,0.0025857412699843,6.835030394176322e-06,-1.4207391223655829e-06
3795.669,0.0003463104629453,7.713487237743169e-06,-5.606793039623305e-06
3799.036,-0.0021419459893201,8.547070985367301e-06,-9.712704580076415e-06
3802.403,0.001092787398625,9.332640032870324e-06,-1.3719205823577806e-05
3805.767,-0.001644294698867,1.0067191562583974e-05,-1.7606793543772567e-05
3809.133,0.0008439617533984,1.074971293872598e-05,-2.1365951738120707e-05
3812.4850000000006,9.748481771884036e-05,1.1375372463888916e-05,-2.4965054142869545e-05
3815.841,0.0005951361081719,1.194615252345773e-05,-2.8410460610513605e-05
3819.212000000002,0.0005951361081719,1.2462070138874718e-05,-3.1699282419047596e-05
3831.607,0.0013416130438515,1.3848632976248734e-05,-4.212596884487082e-05
3835.0,0.0048251720770232,1.4085855892474998e-05,-4.448039799978296e-05
3838.388000000001,0.001092787398625,1.4261455256836555e-05,-4.6601914959363004e-05
3841.751,0.0015904386890781,1.4375496657650272e-05,-4.847495035222559e-05
3845.1100000000006,0.0015904386890781,1.4429995416619236e-05,-5.010927294745078e-05
3848.465,-0.0026395972797732,1.4425914722179015e-05,-5.150191533638626e-05
3851.837000000002,0.0003463104629453,1.436386923165342e-05,-5.2657460300713636e-05
3855.2090000000007,-0.0013954690536404,1.4244934893432504e-05,-5.356658972282541e-05
3858.585000000001,0.0013416130438515,1.4070285540597723e-05,-5.422939470002612e-05
3861.976000000001,0.0033322182056639,1.3840514398811388e-05,-5.464649114127796e-05
3865.344000000001,-0.0028884229249997,1.356019839792257e-05,-5.481570235497786e-05
3868.708000000001,0.0015904386890781,1.3230360068677387e-05,-5.474357927370896e-05
3872.074000000001,0.0003463104629453,1.2852597903302028e-05,-5.443387307047672e-05
3888.098,-0.001644294698867,1.0474684654946118e-05,-4.9872147771545976e-05
3891.484,-0.0013954690536404,9.867116583643954e-06,-4.8302614752294385e-05
3894.832,-0.0011466434084139,9.2367638585573e-06,-4.65627555242175e-05
3898.195,-0.0006489921179608,8.576973339145005e-06,-4.4637168250538135e-05
3901.563,-0.001644294698867,7.89255554649845e-06,-4.2540857208610066e-05
3904.925000000001,-0.0008978177631873,7.188885120770249e-06,-4.029218354762493e-05
3908.301000000001,-0.0006489921179608,6.464883638504106e-06,-3.788925317261855e-05
3911.666000000001,-0.0006489921179608,5.729077959965228e-06,-3.536213404298616e-05
3915.036,-0.0038837255059059,4.981205111179113e-06,-3.271205066805712e-05
3918.402,-0.0013954690536404,4.226440562847429e-06,-2.995922962384655e-05
3921.766,-0.0004001664727342,3.467513822044832e-06,-2.711577745389527e-05
3925.1320000000014,-0.0023907716345466,2.7066470815050854e-06,-2.419199038045169e-05
3937.9770000000008,-0.0033860742154528,-1.5646478795785912e-07,-1.2558948667032597e-05
3941.348,-0.0041325511511324,-8.835761432100947e-07,-9.44628551533589e-06
3944.706,-0.0021419459893201,-1.5924876089488227e-06,-6.3476015545473395e-06
3948.079,-0.0033860742154528,-2.2864888202684427e-06,-3.250603206154696e-06
3951.452000000001,-0.0038837255059059,-2.9598745255701998e-06,-1.8248531988506843e-07
3954.818000000001,-0.0026395972797732,-3.608942439004913e-06,2.8374973917201905e-06
3958.208000000001,-0.0036348998606793,-4.237233328735399e-06,5.824084093128267e-06
3961.57,-0.004381376796359,-4.833052383166108e-06,8.719343480713158e-06
3964.960000000001,-0.0036348998606793,-5.404345549231714e-06,1.155962110359158e-05
3968.335000000001,-0.0048790280868121,-5.941877515789867e-06,1.4297113382235421e-05
3971.699000000001,-0.0041325511511324,-6.444993810289886e-06,1.6925410789428923e-05
3975.058000000001,-0.0006489921179608,-6.913342027086287e-06,1.943987889589462e-05
3978.431000000001,-0.0033860742154528,-7.348105927072682e-06,2.1844830302552556e-05
3994.982,-0.0056255050224917,-8.931870959103129e-06,3.163077689192769e-05
3998.351000000001,-0.0036348998606793,-9.137845899984198e-06,3.3166959404339516e-05
4001.717000000001,-0.0033860742154528,-9.303540466643393e-06,3.453581680310649e-05
4005.083000000001,-0.0041325511511324,-9.42914682884145e-06,3.573512740423592e-05
4008.4590000000007,-0.0048790280868121,-9.515012396918798e-06,3.676481044869803e-05
4011.810000000001,-0.0033860742154528,-9.560822150298107e-06,3.7613274053017015e-05
4015.177,-0.0026395972797732,-9.567758609512891e-06,3.829031031221565e-05
4018.5390000000007,-0.0028884229249997,-9.536198596464575e-06,3.879033040295377e-05
4021.904000000001,-0.0041325511511324,-9.46685867376843e-06,3.911494754177576e-05
4025.27,-0.0023907716345466,-9.36060989916742e-06,3.9264684565992375e-05
4028.642,-0.0026395972797732,-9.21821383497191e-06,3.9241001960925636e-05
4032.002,-0.0013954690536404,-9.04168284875651e-06,3.904699371171983e-05
4043.451000000001,-0.0001513408275077,-8.198629608701726e-06,3.715742284686539e-05
4046.83,-0.0006489921179608,-7.884473888522064e-06,3.625534615012803e-05
4050.185000000001,-0.0008978177631873,-7.546078407758531e-06,3.521455273325756e-05
4053.545,0.0020880899795312,-7.182533050081439e-06,3.403381969579161e-05
4056.906000000001,-0.0013954690536404,-6.79606326755283e-06,3.272123104025325e-05
4060.275,-0.0026395972797732,-6.387701869324391e-06,3.128108537551358e-05
4063.644,-0.0026395972797732,-5.960329929914454e-06,2.972437345400181e-05
4067.034,-0.0021419459893201,-5.513160315425149e-06,2.8048814718297597e-05
4070.401,-0.0021419459893201,-5.0540873056863496e-06,2.6285063465932528e-05
4073.764000000001,-0.0001513408275077,-4.5827890229463244e-06,2.4433433501756564e-05
4077.1320000000014,-0.0006489921179608,-4.10010385352474e-06,2.249826280960792e-05
4080.4850000000006,9.748481771884036e-05,-3.611043980396287e-06,2.050088812885399e-05
4083.841,-0.0013954690536404,-3.1151245608180176e-06,1.844061369917021e-05
4097.589,-0.0004001664727342,-1.0604028984156672e-06,9.570808889718316e-06
4100.962000000001,0.0048251720770232,-5.611459489024555e-07,7.340642185662281e-06
4104.347,0.0005951361081719,-6.607866085541098e-08,5.1014606984304415e-06
4107.706,-0.0008978177631873,4.173945005168292e-07,2.8881435512729e-06
4111.078000000001,0.0013416130438515,8.931073848115426e-07,6.845220814390645e-07
4114.452000000001,0.0045763464317967,1.357684764242924e-06,-1.4927105835519456e-06
4117.817000000001,-0.0001513408275077,1.8079684494045725e-06,-3.6274393524443537e-06
4121.186,-0.0028884229249997,2.2441279176150003e-06,-5.719175771566035e-06
4124.546,0.0005951361081719,2.663005990992699e-06,-7.751494296702159e-06
4127.906000000001,0.0003463104629453,3.064374539887781e-06,-9.721965959194404e-06
4131.272000000001,0.0005951361081719,3.447578759842389e-06,-1.1626217909046622e-05
4134.641,0.0013416130438515,3.810970298099083e-06,-1.3454935110856058e-05
4147.980000000001,9.748481771884036e-05,5.03124813054637e-06,-1.9808902427557253e-05
4151.365,9.748481771884036e-05,5.281107356906285e-06,-2.1167821327791422e-05
4154.720000000001,-0.0033860742154528,5.5035224354327086e-06,-2.2403909406345156e-05
4158.078000000001,9.748481771884036e-05,5.700505305625496e-06,-2.3526816388882255e-05
4161.451000000001,-0.0008978177631873,5.872182204359392e-06,-2.4536322503319338e-05
4164.804,-0.001644294698867,6.016571341012538e-06,-2.541948284997421e-05
4168.17,-0.0028884229249997,6.135026503040096e-06,-2.618318712958377e-05
4171.533000000001,-0.0001513408275077,6.226825709022392e-06,-2.682164384506936e-05
4174.899000000001,-0.0048790280868121,6.292199105892722e-06,-2.733494012515005e-05
4178.266,-0.0013954690536404,6.331232475331675e-06,-2.772205675800388e-05
4181.638000000001,-0.001644294698867,6.344177561831674e-06,-2.798318344958123e-05
4185.002,-0.0011466434084139,6.331394692066801e-06,-2.8118099419126117e-05
4188.369000000001,-0.0051278537320386,6.293371958956609e-06,-2.8128682461151396e-05
4202.088,-0.0001513408275077,5.890786619953013e-06,-2.6927976216985048e-05
4205.465,-0.0018931203440935,5.734733967266816e-06,-2.6341229102948537e-05
4208.837000000001,-0.0018931203440935,5.558334767511496e-06,-2.5648200280245895e-05
4212.204,-0.0031372485702263,5.362726683557083e-06,-2.4853877043594797e-05
4215.566000000001,-0.0018931203440935,5.149098947456751e-06,-2.3963588687301462e-05
