xaxis0,yaxis,eq:p0*p1**x0*cos(p2*x0)_para:[-0.15518698  0.99788488  0.01920322]mse:9.838666417433038e-05,eq:p0*p1**x0*cos(p2 + p3*x0)_para:[-0.14646794  0.99812803 -0.33354154  0.01982224]mse:6.215500628793391e-05
0.0,-0.221356750430989,-0.1551869791409798,-0.13839591294000048
3.363000000000284,-0.2106557190088197,-0.1537646604422191,-0.14039529237976178
6.708999999999833,-0.1999546875866505,-0.1517300750549154,-0.14173915942218324
10.038000000000466,-0.1904979621438033,-0.1491096368452471,-0.14243940008869024
13.384000000000016,-0.1860184606182441,-0.1458958779029099,-0.14250803812884083
16.728000000000065,-0.1693447604953292,-0.1421245983132625,-0.1419480239835079
20.065999999999804,-0.1690958992994648,-0.1378257297273393,-0.14077254046575094
23.41800000000057,-0.1621277858152616,-0.1329970422270838,-0.13898524838795365
26.76900000000024,-0.1526710603724144,-0.1276844428810037,-0.13660608562650833
30.114000000000487,-0.1434631961254316,-0.1219262248227653,-0.13365831154375715
33.462000000000444,-0.138734833404008,-0.1157378405350768,-0.13015492891189617
47.28999999999997,-0.1088714899002799,-0.0863785753644007,-0.11034220961069784
50.63799999999992,-0.1011567928284834,-0.0785301597061101,-0.10439471450978388
54.00200000000041,-0.0994147644574326,-0.0704271158798895,-0.0980294014228615
57.34799999999996,-0.0849808150972974,-0.0621881649673648,-0.0913438306271868
60.7440000000006,-0.0792570075924162,-0.0536810556807692,-0.08423190858328294
64.08300000000054,-0.0740309224792638,-0.0452113522227556,-0.07695389348251985
67.4409999999998,-0.0660673642116029,-0.0366251101182869,-0.06938504140060693
70.78800000000047,-0.0588503895315353,-0.0280353417455453,-0.06162853046546817
74.14199999999983,-0.0511356924597389,-0.0194321813064618,-0.05368007135618021
77.48800000000028,-0.0434209953879425,-0.0108897120366611,-0.04561251046110021
80.83500000000004,-0.0376971878830613,-0.002419745841592,-0.03744191882128653
84.17500000000018,-0.0289870460278073,0.0059237109347202,-0.029225249687371724
87.53200000000015,-0.023263238522926,0.0141668340172025,-0.020940430341485745
103.29799999999976,0.0088398557435815,0.0500332235668451,0.017231480198635685
106.64699999999992,0.0133193572691407,0.056865887922729,0.024960702241271077
109.9960000000001,0.020287470753344,0.0633660418235312,0.032483278622663064
113.34500000000024,0.0270067230416828,0.0695113578076316,0.039768560249461266
116.6869999999999,0.0304907797837844,0.0752696418743703,0.04677295536836668
120.03099999999996,0.0369611708762588,0.0806386320190401,0.05348836722140353
123.38100000000033,0.0436804231645976,0.0856065702690471,0.05989577567411138
126.72699999999986,0.046417896319106,0.0901434355207035,0.06595151408186929
130.0650000000005,0.0518928426281228,0.0942332980376503,0.0716278639809955
133.41700000000037,0.0553768993702245,0.0978910765607578,0.07694070261565275
136.76800000000003,0.0583632337205973,0.1010889256136845,0.08184537543193156
140.11099999999988,0.0630915964420209,0.1038152004178827,0.08631672701617654
155.46300000000065,0.0752857950393765,0.1103006441475521,0.10108908970362672
158.84100000000035,0.0767789622145629,0.1104022072643463,0.10301653559765019
162.20899999999983,0.0780232681938849,0.1100373978539256,0.1044532938893151
165.5659999999998,0.0787698517814781,0.1092187563576937,0.10540312079958174
168.91100000000006,0.0790187129773425,0.1079609683002384,0.10587247084258812
172.2550000000001,0.0782721293897493,0.1062738991294591,0.10586953140844375
175.59699999999975,0.0782721293897493,0.1041716479833407,0.10540082413171156
178.96500000000017,0.0795164353690713,0.1016468672503263,0.10446536670843552
182.29799999999972,0.0780232681938849,0.0987629414840182,0.10309174757988561
185.64100000000053,0.0765301010186985,0.095502661480915,0.10127809652332471
188.98599999999988,0.0730460442765969,0.0918905268045571,0.09903982515553363
192.33600000000024,0.0732949054724613,0.0879421467655231,0.09638877538722136
205.84500000000023,0.0615984292668345,0.0691052700858899,0.08190698388928043
209.2070000000004,0.0608518456792413,0.0638099237474639,0.07746248810334136
212.5610000000006,0.0561234829578177,0.058335498426785,0.07274042998393598
215.9110000000001,0.051395120236394,0.0527019724422271,0.06776120145171773
219.2539999999999,0.0469156187108348,0.0469408715316074,0.06255574966174704
222.598,0.04268497838114,0.0410646262021178,0.05713813891224531
225.9440000000004,0.03646344848453,0.0350972923034853,0.05153297305879941
229.29300000000052,0.0317350857631064,0.0290629117563426,0.045765213419018576
232.63500000000025,0.0257624170623608,0.0230054503021956,0.03987969285698964
235.98500000000053,0.0195408871657508,0.0169234007144868,0.03387757823522555
239.3330000000005,0.0140659408567339,0.0108602731958258,0.027804265399596947
242.6760000000004,0.0103330229187679,0.0048463533021633,0.02169310162559745
246.01900000000023,0.0031160482387003,-0.0011030953398211,0.015562545210849613
262.03000000000065,-0.022018932543604,-0.0279813264429058,-0.01322688718138212
265.4719999999997,-0.0277427400484853,-0.0332645422547858,-0.01911695800506117
268.8209999999999,-0.0334665475533665,-0.0381916863448292,-0.02469005143295722
272.1770000000006,-0.0384437714706545,-0.0429003211802926,-0.03009565863471061
275.5330000000004,-0.0429232729962137,-0.0473635061020946,-0.03530022495160333
278.8780000000006,-0.0436698565838069,-0.0515527479776814,-0.04026722979409287
282.223,-0.0503891088721457,-0.0554693609542763,-0.04499492826650555
285.5799999999999,-0.0531265820266541,-0.0591134450791592,-0.04948102403816092
288.9290000000001,-0.0551174715935693,-0.0624516781755302,-0.05368175009930268
292.27500000000055,-0.0605924179025861,-0.0654808228817847,-0.057589609747476816
295.6220000000003,-0.0625833074695013,-0.0681965079319169,-0.06119589320784588
298.9499999999998,-0.0643253358405522,-0.0705782607747378,-0.06446947839767186
311.89100000000053,-0.076021812046179,-0.0767403300527308,-0.07406589946872225
315.2480000000005,-0.0737820612833994,-0.0775240603009661,-0.07570891629265651
318.6000000000004,-0.0732843388916706,-0.077972638835587,-0.07699375169390937
321.9470000000001,-0.0732843388916706,-0.0780903882894259,-0.0779207501673333
325.2960000000003,-0.0732843388916706,-0.0778821594884522,-0.07849267260904443
328.6390000000001,-0.0725377553040774,-0.0773544723739163,-0.07871069309496449
331.9890000000005,-0.074777506066857,-0.0765118377308596,-0.07857894607306548
335.33100000000013,-0.0727866164999418,-0.0753660577575769,-0.07810310906994448
338.6770000000006,-0.0700491433454334,-0.0739226171856047,-0.07728848469583148
342.02000000000044,-0.0695514209537046,-0.0721945406683704,-0.07614441841176951
345.366,-0.0670628089950605,-0.070189920860059,-0.07467801844641944
348.71300000000065,-0.0663162254074674,-0.0679216517181699,-0.07290005888553282
352.03800000000047,-0.0623344462736369,-0.0654207473315584,-0.07083725785034878
365.47400000000016,-0.0538731656142473,-0.0530945089710293,-0.059767338839835565
368.8519999999999,-0.0501402476762813,-0.0495156330339252,-0.056373259659397136
372.201,-0.0479004969135017,-0.0458109816194484,-0.052800355052615065
375.5569999999998,-0.0449141625631289,-0.0419599777853757,-0.04903075126549281
378.9040000000005,-0.0441675789755357,-0.0379990311510292,-0.04510156918910959
382.2520000000004,-0.0381949102747901,-0.0339348938543085,-0.041021151450608535
385.59500000000025,-0.0362040207078749,-0.0297932938818096,-0.03681690625089457
388.9290000000001,-0.0334665475533665,-0.0255979509511245,-0.03251470939007775
392.27599999999984,-0.0279916012443497,-0.0213393970069184,-0.028106325859566045
395.6220000000003,-0.0250052668939768,-0.01705349437976,-0.023630241490499485
398.9490000000005,-0.0165439862345872,-0.0127815487521349,-0.019131536486822785
402.2970000000005,-0.017041708626316,-0.0084900926201959,-0.014576557576381745
415.6840000000002,-0.002110036874452,0.008246663802081,0.0035115479220796894
419.0479999999998,0.0038626318262935,0.0122622401518781,0.007926366077931894
422.3919999999998,0.0058535213932087,0.0161467279437391,0.012225150628909743
425.7460000000001,0.0098353005270391,0.0199207575438825,0.016428920499912663
429.08399999999983,0.0163056916195136,0.0235415309371524,0.020488271094816598
432.4400000000005,0.0180477199905644,0.0270326035976352,0.024427980802072497
435.7849999999999,0.0160568304236492,0.0303509830975815,0.028197984846006982
439.1280000000006,0.0135682184650051,0.0334950448535653,0.031794677339060246
442.4750000000004,0.026509000649954,0.0364596558418188,0.03521062689289209
445.8230000000003,0.0280021678251404,0.0392320228879637,0.038429593304909124
449.1819999999998,0.0337259753300216,0.0418105419810869,0.041448316448511484
452.53700000000026,0.0334771141341572,0.0441751831092279,0.044241921017376895
455.8829999999998,0.0382054768555808,0.0463167876012799,0.04679795513211163
471.66100000000006,0.0486576470818856,0.0533513376187623,0.05553353907062801
475.0169999999998,0.0461690351232416,0.054176513588833,0.05665315725979541
478.366,0.046417896319106,0.054763010647018,0.057506003612392616
481.70899999999983,0.0481599246901568,0.0551132753710123,0.05809339876745151
485.03700000000026,0.050150814257072,0.0552304139745128,0.05841693422513627
488.384,0.0469156187108348,0.0551179910038812,0.05848128513181707
491.72600000000057,0.0523905650198517,0.0547790672688942,0.05828731795237066
495.0640000000003,0.050150814257072,0.0542190334069886,0.05784007398199936
498.41300000000047,0.0518928426281228,0.0534401299752346,0.0571418908078784
501.7610000000004,0.0491553694736144,0.0524504635033354,0.056200343142118137
505.1019999999999,0.0469156187108348,0.0512596162109685,0.05502515597245702
508.4549999999999,0.0441781455563264,0.0498681933045986,0.0536172704950163
522.1670000000004,0.0416895335976824,0.0423229150635311,0.045683408597977024
525.5150000000003,0.0409429500100892,0.040080028218551,0.04327240984734257
528.8670000000002,0.0357168648969368,0.0376993553758713,0.040697292408989005
532.2150000000001,0.0342236977217504,0.0351983632702196,0.03797757580991233
535.5709999999999,0.035219142505208,0.0325800438381336,0.035117159083844114
538.9070000000002,0.0307396409796488,0.0298791910276788,0.032154824188167445
542.2550000000001,0.0287487514127336,0.0270828663996363,0.029077164252241872
545.598,0.0260112782582252,0.0242177717039236,0.02591431310085347
548.9459999999999,0.0260112782582252,0.021288265625565,0.022671895373956565
552.2930000000006,0.0150613856401916,0.0183124896330986,0.019370818536927306
555.6370000000006,0.0168034140112424,0.0153053001315647,0.016028444586067257
558.9859999999999,0.015310246836056,0.0122724491323566,0.012652053951432258
562.335,0.0115773288980899,0.0092313114249369,0.009261890297630743
574.9490000000005,-0.0011145920909944,-0.0020800318050399,-0.003372050401931336
578.3020000000006,-0.004598648833096,-0.0049928388857922,-0.006627674819218798
581.6490000000003,-0.0085804279669264,-0.0078387434813333,-0.009807674180344339
584.9980000000005,-0.0065895384000112,-0.0106136958855235,-0.012906592357065547
588.3460000000005,-0.0143042354718076,-0.0133046783623489,-0.015908973330280997
591.6750000000002,-0.0152996802552652,-0.0158880640159503,-0.01878759200341303
595.0200000000004,-0.0192814593890956,-0.0183817199914261,-0.021561492591260535
598.366,-0.0215212101518752,-0.0207647974004706,-0.024206600889538847
601.71,-0.0255029892857057,-0.0230269012194915,-0.026710568481009746
605.0380000000005,-0.0260007116774345,-0.0251518982791751,-0.029054826217154193
608.384,-0.0304802132029937,-0.0271543472323532,-0.031254695028822436
611.7269999999999,-0.0317245191823157,-0.0290143862140207,-0.03328760188885975
615.0650000000005,-0.0349597147285529,-0.0307256947771764,-0.03514604485401833
627.344,-0.0399369386458409,-0.0356917024165748,-0.04041957616735179
630.7040000000006,-0.0419278282127561,-0.0366712718923054,-0.041416451597473966
634.0460000000003,-0.0496425252845525,-0.0374797202278373,-0.04221296158590925
637.3919999999998,-0.0461584685424509,-0.0381223857130016,-0.0428144864050015
640.7440000000006,-0.0444164401714001,-0.038598585767005,-0.04322029742697408
644.0820000000003,-0.0434209953879425,-0.0389064572894342,-0.043429334231905356
647.4409999999998,-0.0446653013672645,-0.0390497774677331,-0.04344469678301712
650.7880000000005,-0.0461584685424509,-0.0390282143242698,-0.04326780920824706
654.1419999999998,-0.0464073297383153,-0.0388444242705325,-0.04290128537810613
657.4880000000003,-0.0456607461507221,-0.0385023418762807,-0.04235081905542295
660.835,-0.0441675789755357,-0.0380051990271318,-0.04162024252139115
664.1750000000002,-0.0444164401714001,-0.0373588279337815,-0.0407172300474707
667.5349999999999,-0.0429232729962137,-0.0365619608763404,-0.03963966566894709
682.2800000000007,-0.0379460490789257,-0.0314730237919404,-0.033092162182317114
685.6210000000001,-0.0379460490789257,-0.0299977819900775,-0.03124535543466912
688.9499999999998,-0.0349597147285529,-0.0284250542929091,-0.02929141303071175
692.2970000000005,-0.0329688251616377,-0.0267483713577961,-0.02722246531578481
695.6390000000001,-0.0307290743988581,-0.024986967368282,-0.025062507075409142
698.9850000000006,-0.0289870460278073,-0.0231446743903357,-0.022816463332185094
702.3339999999998,-0.0267472952650277,-0.021230557352126,-0.020495700882834183
705.6810000000005,-0.0255029892857057,-0.0192563724417653,-0.0181147942420168
709.0219999999999,-0.022018932543604,-0.0172337250091412,-0.01568804480699858
712.3690000000006,-0.0200280429766888,-0.0151644801592092,-0.013218070843076902
715.7120000000004,-0.0162951250387228,-0.0130639495026948,-0.01072356705228872
719.0370000000003,-0.0160462638428584,-0.0109503470733771,-0.008226464441457759
734.3559999999998,-0.003354342853774,-0.0011525091196702,0.003173131683192539
737.7040000000006,-0.0001191473075368,0.0009477014768875,0.005575490742217572
741.0430000000006,0.0008762974759207,0.0030089066202076,0.007917055953349723
744.3900000000003,0.0028671870428359,0.0050335268249833,0.010200116419232538
747.7399999999998,0.0058535213932087,0.0070105085101006,0.012411665739319554
751.0799999999999,0.0073466885683951,0.0089248549502164,0.014534546986352658
754.4380000000001,0.0095864393311747,0.0107852166280995,0.016577864176960052
757.7860000000001,0.0130704960732763,0.0125690397821287,0.018516379391706386
761.1280000000006,0.015310246836056,0.0142725684686211,0.02034580363569013
764.4780000000001,0.0155591080319204,0.0158968733237274,0.022066938813214844
767.8220000000001,0.0200386095574796,0.0174295357163609,0.02366631721350714
771.1720000000005,0.0210340543409372,0.0188709326962105,0.025144089910614925
785.7610000000004,0.0267578618458184,0.023945610253951,0.030017340885412577
789.143,0.0262601394540896,0.0248234334321902,0.030765565334483675
792.4899999999998,0.0284998902168692,0.025576332917864,0.03136034677458253
795.8370000000004,0.03024191858792,0.0262124862899112,0.03180936448873025
799.1750000000002,0.0304907797837844,0.026729660789048,0.032111834815461114
802.531,0.031486224567242,0.0271310686019232,0.03227009838746802
805.8770000000004,0.028997612608598,0.0274129396260702,0.032283431198044665
809.2219999999998,0.0324816693506996,0.0275771084171859,0.032154319894206945
812.5799999999999,0.0332282529382928,0.0276246093845948,0.031883817168593
815.9279999999999,0.0319839469589708,0.0275564114072883,0.03147653368322442
819.2700000000004,0.0294953350003268,0.0273751631241888,0.030936470030576833
822.616,0.0317350857631064,0.0270827692170396,0.03026617687948726
837.2240000000002,0.0280021678251404,0.0245834690078279,0.025944730154724316
840.5810000000001,0.0270067230416828,0.0237497756658637,0.024664088385071305
843.9279999999999,0.026509000649954,0.0228315619714427,0.02329422366486324
847.2750000000005,0.0260112782582252,0.0218315125038565,0.021838668042443284
850.6199999999999,0.0235226662995812,0.0207555945927806,0.020305849288159053
853.9480000000003,0.0182965811864288,0.0196147679420211,0.018710962120806727
857.2939999999999,0.0195408871657508,0.018402732604103,0.017045113182656443
860.6410000000005,0.0180477199905644,0.0171310299005484,0.015324348520835883
863.9859999999999,0.0185454423822932,0.0158069317038338,0.013558494766175986
867.335,0.0145636632484627,0.0144342665053854,0.011752718402748216
870.6770000000006,0.0130704960732763,0.01302394494664,0.009921413503788393
874.0340000000006,0.0133193572691407,0.0115729994430925,0.00806091405775426
888.8760000000002,-0.0031054816579096,0.0049141110174664,-0.00019979638410283363
892.25,-0.0011145920909944,0.0033829731872129,-0.002037333167939215
895.6260000000002,-0.0016123144827232,0.0018583899324109,-0.0038437086072598925
898.9760000000006,-0.0031054816579096,0.0003591677924078,-0.005596691573384888
902.33,-0.0075849831834688,-0.0011221819696249,-0.007305077393432223
905.6590000000006,-0.009575872750384,-0.0025672212451213,-0.008947644781391501
909.0060000000004,-0.0128110682966212,-0.0039890447058055,-0.010539183568164376
912.353,-0.0143042354718076,-0.0053743021010954,-0.012064389864384129
915.6980000000004,-0.0130599294924856,-0.0067169694857121,-0.013516516284746921
919.0430000000006,-0.017041708626316,-0.008012907435958,-0.014890994764190145
922.3900000000004,-0.0192814593890956,-0.009258128857431,-0.01618348273544763
925.7420000000002,-0.0222677937394684,-0.0104491339033354,-0.017390197628128816
939.5500000000002,-0.0250052668939768,-0.0146792386459276,-0.021352147661008736
942.9139999999998,-0.0269961564608921,-0.0155274344704895,-0.02205546429138666
946.2560000000004,-0.0297336296154005,-0.0162937476593503,-0.022648134223065896
949.6000000000004,-0.0292359072236717,-0.0169822568268885,-0.023134068431369545
952.947,-0.0307290743988581,-0.0175912382156384,-0.02351236505814544
956.2960000000004,-0.0307290743988581,-0.0181189302097473,-0.02378234751387531
959.639,-0.0317245191823157,-0.0185631794896917,-0.023943726142567224
962.9890000000004,-0.0312267967905869,-0.0189249928246151,-0.02399771741431506
966.331,-0.0284893236360785,-0.0192024603138536,-0.023945228874791266
969.6770000000006,-0.0329688251616377,-0.0193967516881188,-0.02378782041036954
973.0200000000004,-0.0349597147285529,-0.0195077920465905,-0.023527771669795347
976.362,-0.0304802132029937,-0.0195365041361104,-0.023167534280722185
991.1280000000006,-0.0292359072236717,-0.0187119450566919,-0.020456826964541788
994.4840000000004,-0.0279916012443497,-0.0183190780778522,-0.019608582330442242
997.8370000000004,-0.0289870460278073,-0.0178557623471497,-0.018684827985872926
1001.178,-0.0260007116774345,-0.0173266248755653,-0.0176935644463962
1004.5320000000002,-0.0262495728732989,-0.0167308366162116,-0.016632623141624732
1007.88,-0.0230143773270616,-0.016074950820437,-0.015513306820883628
1011.2219999999998,-0.0217700713477396,-0.0153628702300183,-0.014341615507410527
1014.5820000000004,-0.0212723489560108,-0.0145929633086407,-0.013114732800189533
1017.928,-0.0185348758015024,-0.0137764138198762,-0.01185026701875603
1021.2750000000004,-0.0175394310180448,-0.012913946103407,-0.010548915863934352
1024.62,-0.014553096667672,-0.0120105710496764,-0.009218050916686616
1027.9490000000003,-0.014553096667672,-0.0110746935389666,-0.007869674501953675
1038.571,-0.009575872750384,-0.007893812398775,-0.003479608522917927
1041.9310000000005,-0.0075849831834688,-0.0068423422723782,-0.002085668809199288
1045.2759999999998,-0.0073361219876044,-0.0057818883354178,-0.0007060575165167482
1048.6220000000003,-0.0001191473075368,-0.0047120612104727,0.0006598846808886302
1051.9740000000002,-0.002110036874452,-0.0036358132670238,0.0020082891915191594
1055.326,0.0026183258469715,-0.0025595997739025,0.0033309755033663914
1058.6639999999998,0.0008762974759207,-0.0014923607528979,0.004617090670367369
1062.0100000000002,0.0036137706304291,-0.000431418287849,0.005869906042488651
1065.3559999999998,0.0056046601973443,0.0006163867409781,0.007081230065364358
1068.7020000000002,0.0043603542180223,0.0016468930278174,0.008246239021673103
1072.04,0.0083421333518527,0.0026536852663068,0.009357773831852363
1075.389,0.0100841617229035,0.003638580870043,0.010417815927992792
1078.727,0.0108307453104967,0.0045913995535437,0.01141543698907999
1094.794,0.0175499975988356,0.0086683340364415,0.015288030208940834
1098.1550000000009,0.0168034140112424,0.0093947884353503,0.015885621452902465
1101.518,0.0192920259698864,0.0100720470822418,0.01640535181553333
1104.8649999999998,0.0200386095574796,0.0106946775150123,0.016843603780480592
1108.215,0.0205363319492084,0.0112646449873792,0.017202370844837542
1111.5680000000002,0.0200386095574796,0.0117801846217346,0.017480849069410633
1114.906,0.0212829155368016,0.0122374623658676,0.017677751306257507
1118.2510000000002,0.020287470753344,0.0126385830884422,0.01779479690118732
1121.5960000000005,0.0225272215161236,0.0129816701387522,0.017831973924600782
1124.928,0.0217806379285304,0.0132651261167995,0.01779042775866067
1128.2740000000003,0.0217806379285304,0.0134908677968709,0.017670951602764478
1131.6190000000006,0.0212829155368016,0.0136574342915678,0.017475122763609633
1146.5240000000003,0.0205363319492084,0.0136903653954187,0.01572835510732317
1149.8820000000003,0.0197897483616152,0.0135425129616575,0.015153122853921161
1153.2210000000005,0.0175499975988356,0.0133414689260146,0.014521552663370662
1156.58,0.0182965811864288,0.0130864681018981,0.013829798152619349
1159.928,0.0163056916195136,0.0127814508133276,0.013087768154636033
1163.2700000000004,0.0158079692277848,0.0124283251876833,0.012298674855815619
1166.6149999999998,0.0143148020525983,0.012028354881786,0.011464540051186217
1169.9589999999998,0.0128216348774119,0.0115842872803604,0.010590545920928729
1173.3060000000005,0.0115773288980899,0.0110980172177464,0.009679966886198016
1176.6570000000002,0.0130704960732763,0.0105718799841146,0.008736890599864764
1180.0300000000009,0.0098353005270391,0.0100053661017325,0.007760500922435324
1183.38,0.0093375781353103,0.0094089206065992,0.00676848359724439
1199.4009999999998,0.0008762974759207,0.0061855684097147,0.0018632706891129668
1202.755,-0.0028566204620452,0.0054537450906647,0.0008330611921678122
1206.1000000000004,-0.002110036874452,0.0047115240894488,-0.00018524761324877618
1209.4540000000006,-0.0038520652455028,0.0039581807542629,-0.0011927365380376424
1212.8020000000006,-0.003354342853774,0.0032003269434656,-0.0021806058805842864
1216.1540000000005,-0.0090781503586552,0.0024389428979416,-0.00314767194152966
1219.5020000000004,-0.0085804279669264,0.0016790439198503,-0.004087632544922922
1222.8379999999995,-0.0100735951421128,0.000925569896504,-0.00499462497548078
1226.179,-0.0105713175338416,0.0001777364750212,-0.005869741980712506
1229.5329999999994,-0.009575872750384,-0.0005631748942157,-0.006711354365124753
1232.8809999999994,-0.0140553742759432,-0.0012900007858642,-0.007511327441256144
1236.223,-0.0150508190594008,-0.0019999784172502,-0.008266853415530219
1250.598,-0.0190325981932312,-0.0048139177279817,-0.010964583212492794
1253.9760000000006,-0.020774626564282,-0.0054051629715487,-0.011456449480145844
1257.3289999999995,-0.0227655161311972,-0.0059611368174784,-0.011887651232841964
1260.6530000000002,-0.0217700713477396,-0.0064800620701358,-0.012257861211056275
1264.0010000000002,-0.023263238522926,-0.0069685828035541,-0.012572191707196487
1267.348,-0.0235120997187904,-0.0074211574070281,-0.012827039033229366
1270.683000000001,-0.0230143773270616,-0.0078351409486171,-0.013021529277099585
1274.0280000000002,-0.0247564056981124,-0.0082121012267125,-0.01315688317973157
1277.3819999999996,-0.0240098221105192,-0.008550571636974,-0.013232700323315494
1280.7270000000008,-0.0240098221105192,-0.0088478878858983,-0.013248984736453
1284.08,-0.0237609609146548,-0.0091049083385912,-0.013206515608327887
1287.4390000000003,-0.0235120997187904,-0.0093207298653576,-0.013105875269418503
1302.0210000000006,-0.0210234877601464,-0.0097702372042804,-0.0120284160691573
1305.3760000000002,-0.0205257653684176,-0.0097624472957637,-0.011643221683179678
1308.7270000000008,-0.0210234877601464,-0.0097141383695908,-0.011211771317896937
1312.0650000000005,-0.015797402646994,-0.0096265144395122,-0.010738052344116658
1315.4169999999997,-0.0197791817808244,-0.009499772323436,-0.010220860729397345
1318.768,-0.020774626564282,-0.0093353266017534,-0.009665071540047032
1322.1139999999996,-0.0167928474304516,-0.0091346874520617,-0.009074385718690976
1325.460999999999,-0.0177882922139092,-0.0088989062945983,-0.008450860416405899
1328.813,-0.0150508190594008,-0.0086290832802752,-0.007796828912646259
1332.1720000000005,-0.0123133459048924,-0.0083264801598307,-0.007115016377637328
1335.5280000000002,-0.0110690399255704,-0.0079936566788072,-0.006410757855745588
1338.8739999999998,-0.0113179011214348,-0.007633293330772,-0.0056890500560218245
1350.3320000000003,-0.005842954812418,-0.0062101032607987,-0.00311692075717621
1353.6800000000003,-0.0075849831834688,-0.0057472327833803,-0.00234977074495861
1357.0220000000008,-0.002110036874452,-0.0052678862358059,-0.0015831880950414332
1360.366,-0.002110036874452,-0.0047731774824717,-0.0008187268083315831
1363.710999999999,0.0003785750841919,-0.0042654965497386,-5.995447815328075e-05
1367.035,0.0016228810635139,-0.0037505557114376,0.0006849594262659442
1370.3819999999996,0.0016228810635139,-0.0032238162162116,0.0014226915708883644
1373.7260000000006,0.0031160482387003,-0.0026915894461066,0.0021443124055984903
1377.0650000000005,0.0033649094345647,-0.0021564982316713,0.002846467456530613
1380.414000000001,0.0053557990014799,-0.0016184056575173,0.0035293982244890927
1383.7669999999998,0.0073466885683951,-0.0010805253198926,0.004188994114360636
1387.1100000000006,0.0085909945477171,-0.0005473160567484,0.00481996253574453
1390.4770000000008,0.0075955497642595,-1.5569536930923194e-05,0.0054260728318739765
1406.326999999999,0.0125727736815475,0.002353363257102,0.00781789679334284
1409.6859999999997,0.0140659408567339,0.002814521126604,0.00821543811819987
1413.0290000000005,0.0120750512898187,0.0032553372594787,0.008569907809855493
1416.3809999999994,0.0145636632484627,0.0036775842000457,0.00888303046970008
1419.7250000000004,0.0143148020525983,0.0040776405551293,0.009152346909666828
1423.0640000000003,0.0158079692277848,0.0044546312911187,0.009377700267084793
1426.414000000001,0.0163056916195136,0.0048090522266541,0.009559601860144342
1429.7669999999998,0.0158079692277848,0.0051387694501198,0.009697088425433716
1433.1100000000006,0.0160568304236492,0.0054415682971032,0.009789714750739807
1436.4580000000003,0.0138170796608695,0.0057179725448732,0.009838141541179155
1439.8019999999997,0.0155591080319204,0.0059664596009299,0.00984255731571634
1443.1530000000002,0.0163056916195136,0.0061871652354777,0.009803447287896658
1458.103000000001,0.015310246836056,0.0068159417887316,0.009120874725072824
1461.4490000000003,0.0130704960732763,0.0068760298390868,0.00886140567578009
1464.7929999999997,0.0105818841146323,0.0069067420700462,0.008566286723852913
1468.1450000000004,0.0113284677022255,0.0069083778559939,0.008236292358510517
1471.4899999999998,0.0110796065063611,0.0068813195174633,0.007874762507128222
1474.831,0.0098353005270391,0.0068261986275314,0.007483522711599272
1478.183000000001,0.0090887169394459,0.0067433058125432,0.0070628298181979465
1481.5380000000005,0.0080932721559883,0.0066334009998662,0.00661572623191652
1484.8829999999998,0.0093375781353103,0.0064978279127905,0.006146319779372734
1488.2520000000004,0.0056046601973443,0.0063359853734197,0.00565208652949117
1491.594000000001,0.0068489661766663,0.0061513796040721,0.0051429740133922515
1494.987000000001,0.0038626318262935,0.0059405767210734,0.004609445616818442
1509.9570000000003,-0.00086573089513,0.0047623286146728,0.0021227728191865764
1513.308000000001,-0.0001191473075368,0.0044512579322033,0.001551725160435209
1516.657000000001,-0.002110036874452,0.0041262501709811,0.0009812818465468243
1520.009,-0.0048475100289604,0.0037883659359337,0.00041311225435149444
1523.3549999999996,-0.005842954812418,0.0034401076293084,-0.0001487914376746238
1526.701999999999,-0.0075849831834688,0.0030823719450217,-0.0007032016694995504
1530.041000000001,-0.008331566771062,0.0027177596255039,-0.0012463117988934258
1533.3899999999994,-0.0085804279669264,0.0023459227960355,-0.0017787657564277395
1536.7399999999998,-0.0090781503586552,0.001969461348097,-0.0022968747478063363
1540.08,-0.0113179011214348,0.0015912493608946,-0.002796898757895907
1543.4390000000003,-0.0128110682966212,0.00120961315244,-0.0032810983072788557
1546.7870000000005,-0.0130599294924856,0.0008295572708911,-0.003743180105349815
1560.8340000000007,-0.015797402646994,-0.0007265697429411,-0.005420516775142473
1564.178,-0.0167928474304516,-0.0010799395003021,-0.005749807955626056
1567.532000000001,-0.0167928474304516,-0.0014248794039994,-0.006050529292975046
1570.880000000001,-0.017041708626316,-0.0017584289408693,-0.0063202349811594585
1574.223,-0.0175394310180448,-0.0020795097524044,-0.006558346391435059
1577.581,-0.0162951250387228,-0.0023888176027877,-0.0067654823472542095
1580.928,-0.0180371534097736,-0.002682837111394,-0.006939467534541796
1584.2749999999996,-0.0200280429766888,-0.0029615840503512,-0.007080669763806456
1587.6200000000008,-0.018286014605638,-0.0032239646110271,-0.00718881993830543
1590.9879999999994,-0.0180371534097736,-0.0034709160944719,-0.0072643486069708324
1594.34,-0.0177882922139092,-0.0036987410022666,-0.007306358901373885
1597.7080000000003,-0.0177882922139092,-0.0039089111500127,-0.007315481281631497
1612.4490000000003,-0.0130599294924856,-0.0045942156583884,-0.006977477140203827
1615.8449999999991,-0.0155485414511296,-0.0046958219506698,-0.006816705838857494
1619.192000000001,-0.01330879068835,-0.0047749133499933,-0.0066299481124356555
1622.5470000000005,-0.0138065130800788,-0.0048331881739709,-0.006415727366374956
1625.9009999999998,-0.0150508190594008,-0.004870477978911,-0.006175819540997127
1629.2520000000004,-0.0128110682966212,-0.0048869380330963,-0.005911795971498521
1632.5949999999991,-0.0128110682966212,-0.004882869516391,-0.005625635260826934
1635.929,-0.0110690399255704,-0.0048587328876568,-0.005319132497045365
1639.2720000000008,-0.0103224563379772,-0.0048147805772228,-0.004992245785082146
1642.6190000000006,-0.0088292891627908,-0.0047514236818249,-0.004647034593811924
1645.964,-0.0068383995958756,-0.0046692931144759,-0.004285845706345658
1649.298000000001,-0.0080827055751976,-0.004569320772223,-0.003911527759594398
1661.1900000000005,-0.003354342853774,-0.0040761090902235,-0.002487710891031463
1664.571,-0.002110036874452,-0.0039003808615907,-0.0020657152830352763
1667.928,-0.005842954812418,-0.003712027618013,-0.0016427673462592407
1671.2749999999996,-0.00086573089513,-0.0035114524874911,-0.0012190832971643543
1674.6200000000008,0.0011251586717851,-0.0032992566908824,-0.0007955549531913772
1677.9480000000003,-0.0006168696992656,-0.003077526801783,-0.00037593286581235
1681.294,0.0021206034552427,-0.0028449964581267,4.236557302732549e-05
1684.6380000000008,0.0033649094345647,-0.002604083475734,0.0004550201010213397
1687.9860000000008,0.0051069378056155,-0.0023554684924941,0.0008610120338245443
1691.335000000001,0.0056046601973443,-0.0021004947296693,0.0012582584275809704
1694.6650000000009,0.0048580766097511,-0.0018418714189361,0.0016428314372143719
1698.049000000001,0.0078444109601239,-0.0015750182123393,0.002021396734101841
1701.3960000000006,0.0070978273725307,-0.0013082408410541,0.0023821695109485235
1716.625,0.0098353005270391,-9.009642231528868e-05,0.0038150898475349544
1719.9750000000004,0.0103330229187679,0.0001720932292696,0.004077272281988401
1723.3289999999995,0.0110796065063611,0.0004301788712312,0.004318438891119329
1726.6530000000002,0.0105818841146323,0.000680599050054,0.004535603627836359
1730.0,0.0125727736815475,0.0009263979911101,0.004731611715047152
1733.3459999999995,0.0113284677022255,0.0011648227174254,0.0049042545142858876
1736.674000000001,0.0123239124856831,0.0013938462529158,0.005052386653336218
1740.0190000000002,0.0125727736815475,0.0016150451231261,0.005177218033281713
1743.3649999999998,0.0118261900939543,0.0018264994381183,0.005277708004222461
1746.7090000000007,0.0103330229187679,0.0020272858548839,0.005353638313415302
1750.0370000000005,0.0113284677022255,0.0022159708437112,0.005404859286801385
1753.384,0.0108307453104967,0.0023938974846738,0.005431955217759151
1766.5679999999993,0.0105818841146323,0.0029691583530365,0.005305531864808933
1769.956,0.0083421333518527,0.0030825372846403,0.005215159582519813
1773.3050000000003,0.0085909945477171,0.0031801424821779,0.005103778247808581
1776.6579999999994,0.0083421333518527,0.0032632492333633,0.004971072634708149
1780.0079999999998,0.0070978273725307,0.0033315378117997,0.0048181608915462875
1783.3520000000008,0.0066001049808019,0.003384930285506,0.004646188217594928
1786.6990000000003,0.0041114930221579,0.0034235765404803,0.004455717892531117
1790.0400000000009,0.0043603542180223,0.0034474402605168,0.00424835192469039
1793.389000000001,0.0041114930221579,0.0034567165981951,0.0040243373444798025
1796.7119999999995,0.0006274362800563,0.0034515945221637,0.0037872516025430525
1800.054,0.0021206034552427,0.0034322731885573,0.0035351604091577913
1803.414000000001,-0.0001191473075368,0.0033988044538271,0.0032692014543845983
1806.767,-0.0001191473075368,0.0033517054399166,0.002992624085703323
1821.848,-0.0041009264413672,0.0029822191056623,0.0016477295113296092
1825.2000000000007,-0.003354342853774,0.0028681415364309,0.0013348057165467663
1828.5560000000005,-0.005842954812418,0.0027435782952134,0.0010195054714675885
1831.9050000000009,-0.0055940936165536,0.0026096146076728,0.000704282433668403
1835.251,-0.0073361219876044,0.002466825574292,0.00039016091506517166
1838.597,-0.0078338443793332,0.0023158134738255,7.823334496311726e-05
1841.9429999999995,-0.008331566771062,0.0021573203766332,-0.00023015232602928147
1845.291000000001,-0.0110690399255704,0.0019920083367057,-0.0005338602780061139
1848.635,-0.012064484709028,0.001820958968166,-0.00083107362765677
1851.9850000000008,-0.0098247339462484,0.00164445039827,-0.0011214385924449852
1855.3340000000007,-0.0105713175338416,0.0014636455190951,-0.001403142182871504
1858.678,-0.0125622071007568,0.0012795823438417,-0.0016747366150917345
1872.74,-0.0140553742759432,0.0004853437378072,-0.0026876560487611397
1876.0830000000003,-0.0128110682966212,0.0002960386532209,-0.0028928678805418117
1879.4390000000003,-0.0138065130800788,0.0001074421087062,-0.003083500898952664
1882.786,-0.0140553742759432,-7.844521253993346e-05,-0.003257629028627209
1886.1380000000008,-0.0160462638428584,-0.0002616615849352,-0.0034154381015529985
1889.487000000001,-0.014553096667672,-0.0004410475562059,-0.003556046546984567
1892.8320000000003,-0.0135576518842144,-0.0006158685626269,-0.003679058181949341
1896.173000000001,-0.015797402646994,-0.0007854778361502,-0.003784210975967092
1899.527,-0.0135576518842144,-0.0009500822395465,-0.0038717245630480917
1902.929,-0.0138065130800788,-0.0011106230471763,-0.003941851623436247
1906.274,-0.0130599294924856,-0.0012615956670772,-0.0039924224722528365
1909.622,-0.0148019578635364,-0.0014053403692002,-0.004024792106016793
1923.666000000001,-0.0113179011214348,-0.001917677203424,-0.003964997378187701
1927.015,-0.0103224563379772,-0.0020161596396391,-0.0039056285698975944
1930.348,-0.009575872750384,-0.0021044773092459,-0.003830150432422329
1933.683000000001,-0.0105713175338416,-0.002182939605506,-0.0037387931323200076
1937.027,-0.0093270115545196,-0.0022514769756252,-0.0036318862621062104
1940.382,-0.0085804279669264,-0.0023098974505622,-0.003509893497600356
1943.7270000000008,-0.0110690399255704,-0.002357733895241,-0.0033742922601876645
1947.067000000001,-0.0073361219876044,-0.0023950757079048,-0.0032257436355015738
1950.417,-0.0065895384000112,-0.0024220590784085,-0.003064371901991447
1953.769,-0.0048475100289604,-0.002438598830378,-0.002891363843930606
1957.1110000000008,-0.0050963712248248,-0.002444751313376,-0.00270828454765462
1960.461,-0.0031054816579096,-0.002440679185433,-0.0025150993387740165
1971.007,-0.0003680085034012,-0.0023629693780116,-0.0018548093270685023
1974.3860000000004,-0.0013634532868588,-0.0023181067762506,-0.0016301942111464315
1977.7260000000008,-0.00086573089513,-0.002264751116101,-0.0014037419255352956
1981.0660000000007,-0.0001191473075368,-0.0022027844769731,-0.0011739393620884744
1984.414000000001,-0.0011145920909944,-0.0021324061961777,-0.000941279924146245
1987.767,0.0021206034552427,-0.0020540407246799,-0.0007070165074362203
1991.1100000000008,0.0026183258469715,-0.0019684912595511,-0.00047324654556326246
1994.460000000001,0.0013740198676495,-0.0018757932824146,-0.00023981792147619057
1997.804,0.0028671870428359,-0.0017767851695513,-8.654063239577153e-06
2001.153,0.0051069378056155,-0.0016716469739493,0.00022000793472150458
2004.506,0.0048580766097511,-0.0015609080361428,0.00044511223833459403
2007.8780000000008,0.0061023825890731,-0.0014445604069259,0.0006666681556965355
2011.222,0.0066001049808019,-0.0013247970657867,0.0008806913581475741
2024.4760000000008,0.0031160482387003,-0.0008182079818148,0.0016567302082801892
2027.8250000000007,0.0046092154138867,-0.0006849643899061,0.0018307705428853664
2031.1820000000007,0.0083421333518527,-0.0005504296148513,0.001994932461191729
2034.535,0.0088398557435815,-0.0004156565620757,0.0021480128468718508
2037.882,0.0098353005270391,-0.0002812927393896,0.002289428671573122
2041.223,0.0078444109601239,-0.0001478910458063,0.0024187603626369797
2044.581,0.0088398557435815,-1.5083627085261686e-05,0.00253641414839622
2047.928,0.0075955497642595,0.0001154860413986,0.0026410109868063984
2051.275,0.0070978273725307,0.0002437388144061,0.0027326529357206623
2054.6190000000006,0.0085909945477171,0.0003690639830359,0.0028110328363845556
2057.954,0.0085909945477171,0.0004907743300253,0.0028759006039525943
2061.300000000001,0.0073466885683951,0.0006091380049194,0.002927513305553122
2064.648000000001,0.0046092154138867,0.0007233766564571,0.0029655941670326392
2079.766,0.0031160482387003,0.0011763376965761,0.0029700446259206398
2083.143,0.0016228810635139,0.0012613728587741,0.0029345492614843097
2086.489,0.0053557990014799,0.0013391814854734,0.0028868213577031543
2089.836,0.0016228810635139,0.0014103609087204,0.0028269405165071058
2093.174000000001,0.0023694646511071,0.0014745215080487,0.002755542512496215
2096.5300000000007,0.0011251586717851,0.0015319836399251,0.002672465791945862
2099.875,0.0008762974759207,0.0015820897337843,0.0025788989760055967
2103.237000000001,0.0021206034552427,0.0016251317445123,0.0024745817066435835
2106.5840000000007,-0.0001191473075368,0.0016606177055059,0.0023610852085491174
2109.954,-0.0023588980703164,0.0016888795898114,0.0022377157142489186
2113.3009999999995,-0.0043497876372316,0.0017095190866136,0.0021068136586119162
2116.6489999999994,-0.0023588980703164,0.0017227759124225,0.0019682062658141364
2132.313,-0.0048475100289604,0.0016888788652574,0.0012393272465815917
2135.6620000000003,-0.0078338443793332,0.0016619501082796,0.001071096057790135
2139.0059999999994,-0.0075849831834688,0.0016285494176642,0.0009004887751605606
2142.353000000001,-0.00708726079174,0.0015888330935358,0.0007278852855660926
2145.6980000000003,-0.00708726079174,0.0015431106375437,0.0005543259670710347
2149.043,-0.0098247339462484,0.0014916344937364,0.0003804861058426562
2152.391,-0.0090781503586552,0.0014346455565894,0.00020698017576092193
2155.742,-0.009575872750384,0.0013724432112742,3.457030170821791e-05
2159.08,-0.0110690399255704,0.0013056766217022,-0.00013518461754471713
2162.4410000000007,-0.0098247339462484,0.0012339518287329,-0.0003033761383589847
2165.7870000000003,-0.0090781503586552,0.0011584238884754,-0.0004673864691258485
2169.141,-0.0088292891627908,0.0010789599030655,-0.0006276692869585386
2182.861000000001,-0.0110690399255704,0.0007230007421165,-0.0012269649628079912
2186.2250000000004,-0.0105713175338416,0.0006302270841396,-0.0013570803547739282
2189.579,-0.010820178729706,0.0005364047934487,-0.001479165931041331
2192.928,-0.0123133459048924,0.0004418118298361,-0.0015930101270213517
2196.272000000001,-0.0123133459048924,0.0003468572308794,-0.0016982474890991982
2199.6180000000004,-0.0103224563379772,0.0002517439960216,-0.0017947506338949842
2202.964,-0.012064484709028,0.0001569247564111,-0.0018821382279916195
2206.2980000000007,-0.01330879068835,6.312460285155054e-05,-0.001959875883238703
2209.6540000000005,-0.0113179011214348,-3.022816622142574e-05,-0.0020284867480571934
2213.019,-0.0068383995958756,-0.0001223816940565,-0.0020873873753415478
2216.353000000001,-0.0103224563379772,-0.0002118951329493,-0.0021358382680494543
2219.7000000000007,-0.009575872750384,-0.0002996171452439,-0.002174468427834422
2233.7029999999995,-0.0055940936165536,-0.0006361848172679,-0.002227116047739376
2237.040000000001,-0.0073361219876044,-0.0007075862748785,-0.0022140785324941755
2240.392,-0.005842954812418,-0.0007753607076102,-0.0021913706655896153
2243.746000000001,-0.0073361219876044,-0.0008389889615475,-0.002159228019636823
2247.085000000001,-0.004598648833096,-0.0008979684262481,-0.0021181260981045272
2250.4410000000007,-0.0043497876372316,-0.0009526759609673,-0.002067959397758419
2253.7880000000005,-0.0006168696992656,-0.0010025088791661,-0.002009416202144885
2257.141,-0.002110036874452,-0.0010475559067651,-0.001942611314017609
2260.4879999999994,-0.0038520652455028,-0.0010875374523965,-0.0018681799968638657
2263.835000000001,-0.0013634532868588,-0.0011224426789498,-0.001786434707311284
2267.174000000001,-0.0016123144827232,-0.0011521332238656,-0.0016980468365653588
2270.531000000001,-0.0023588980703164,-0.0011767659895405,-0.001602775454575111
2280.874,0.0003785750841919,-0.0012195834907834,-0.0012743130461067148
2284.259,-0.0003680085034012,-0.0012228062239133,-0.0011572510836705603
2287.595,-0.0003680085034012,-0.0012208587454242,-0.001038215861528496
2290.928,0.0016228810635139,-0.0012139132226597,-0.0009162202417825302
2294.2710000000006,0.0023694646511071,-0.0012020260117412,-0.0007913538241805765
2297.6180000000004,0.0011251586717851,-0.0011853061652261,-0.0006644064575220709
2300.963,0.0036137706304291,-0.0011639163815784,-0.0005361872480313433
2304.2980000000007,0.0036137706304291,-0.001138086616833,-0.00040758879128798036
2307.639000000001,0.0056046601973443,-0.0011078712800516,-0.00027857069220527325
2310.9840000000004,0.0041114930221579,-0.0010734552428509,-0.00014977973881195563
2314.3629999999994,-0.0016123144827232,-0.0010346636309063,-2.0640415466581706e-05
2317.7090000000007,0.0066001049808019,-0.0009924807308557,0.00010572973680176418
2321.035,0.0053557990014799,-0.0009470578543582,0.00022932301994423604
2324.383,0.0066001049808019,-0.0008980564503168,0.00035117756052966125
2339.407000000001,0.0058535213932087,-0.0006445128947055,0.0008534429702252527
2342.782000000001,0.0061023825890731,-0.0005816119494627,0.0009535755969219278
2346.125,0.0048580766097511,-0.0005177669466751,0.0010473027125323293
2349.474,0.0073466885683951,-0.0004525578481358,0.0011354061222374244
2352.8189999999995,0.0056046601973443,-0.0003864660185812,0.0012173016064700294
2356.178,0.0053557990014799,-0.0003194212970212,0.001293115293151103
2359.531000000001,0.0038626318262935,-0.0002521089369712,0.0013621177053707734
2362.8780000000006,0.0043603542180223,-0.0001848160734384,0.0014241230003807104
2366.222,0.0041114930221579,-0.0001177632106216,0.001479026693655443
2369.581,0.0041114930221579,-5.0868001303878685e-05,0.0015269309804532298
2372.928,-0.0001191473075368,1.5060280440237249e-05,0.0015673200703963926
2376.275,0.0028671870428359,7.99982060073949e-05,0.0016002913042406622
2388.0779999999995,0.0023694646511071,0.0002974202501724,0.001656891683765972
2391.447,0.0021206034552427,0.0003551858286774,0.0016560849649527064
2394.793,-0.0001191473075368,0.0004102693422644,0.0016479670755840134
2398.144,-0.0003680085034012,0.000462952787638,0.0016326563297615585
2401.49,0.0001297138883275,0.000512895370439,0.001610355293143611
2404.8369999999995,0.0003785750841919,0.0005600215137755,0.0015812223828665696
2408.175000000001,-0.0026077592661808,0.0006040455971944,0.001545581610420761
2411.545,-0.002110036874452,0.0006453349192779,0.0015031695699945756
2414.942000000001,-0.0018611756785876,0.0006836147658274,0.0014541536161311879
2418.267,-0.0026077592661808,0.000717724469742,0.0014003758207335965
2421.5910000000003,-0.0031054816579096,0.0007484086414211,0.0013411852785028783
2424.925000000001,-0.0041009264413672,0.0007756766299877,0.0012766906396893508
2428.268,-0.0063406772041468,0.0007994269589057,0.0012072148354414093
2444.144,-0.003354342853774,0.0008621119644907,0.0008231913539733015
2447.501,-0.0075849831834688,0.0008647451645526,0.0007331623125351845
2450.839,-0.0075849831834688,0.0008637467362366,0.0006415318007986148
2454.177,-0.0085804279669264,0.0008591966715547,0.0005482253031982388
2457.532000000001,-0.0100735951421128,0.0008511139137294,0.00045318909060430845
2460.8780000000006,-0.0080827055751976,0.0008396313502933,0.0003575892777608854
2464.222,-0.0080827055751976,0.0008248374916088,0.00026166149527072173
2467.58,-0.0088292891627908,0.0008067524648235,0.00016537528579275428
2470.928,-0.0088292891627908,0.0007856201764191,6.984300732923932e-05
2474.272000000001,-0.0090781503586552,0.0007615533688129,-2.4694079222591104e-05
2477.6190000000006,-0.0090781503586552,0.0007346445775374,-0.0001180280842769649
2480.964,-0.0090781503586552,0.000705083918641,-0.0002096238571781634
2494.3809999999994,-0.0080827055751976,0.0005630516019469,-0.0005526294952160851
2497.728000000001,-0.009575872750384,0.000522663301009,-0.0006303794397712216
2501.068,-0.0090781503586552,0.0004807635398469,-0.0007042286268019826
2504.42,-0.0090781503586552,0.0004373073710921,-0.0007743087458938772
2507.772000000001,-0.012064484709028,0.0003926433231434,-0.0008400879239270022
2511.141,-0.008331566771062,0.0003467405144844,-0.0009016274387339762
2514.49,-0.0088292891627908,0.0003003092220527,-0.000958042709766245
2517.8680000000004,-0.008331566771062,0.00025287470591,-0.0010099465466613501
2521.2180000000008,-0.0078338443793332,0.0002054424526416,-0.0010562938998896006
2524.5689999999995,-0.0063406772041468,0.0001578099399001,-0.001097406218352815
2527.907000000001,-0.0090781503586552,0.0001103765097508,-0.0011330244213167107
2531.2530000000006,-0.00708726079174,6.304044056851333e-05,-0.001163293949254398
2544.526,-0.003354342853774,-0.000118932689541,-0.0012288495101418489
2547.8770000000004,-0.0053452324206892,-0.0001625152607255,-0.0012316132511183482
2551.222,-0.0048475100289604,-0.0002047331637616,-0.0012289058543918817
2554.58,-0.0038520652455028,-0.0002456640207178,-0.0012207753575307107
2557.928,-0.0065895384000112,-0.0002848760900843,-0.0012073734250345634
2561.2710000000006,-0.0018611756785876,-0.0003222984977858,-0.0011888404397766238
2564.6190000000006,-0.0031054816579096,-0.0003579121339691,-0.0011652670817178482
2567.964,-0.00086573089513,-0.0003915088651644,-0.0011368714390333722
2571.2980000000007,-0.0016123144827232,-0.0004229100493887,-0.0011039361410688925
2574.639000000001,-0.00086573089513,-0.000452188338945,-0.0010664943087889615
2577.9850000000006,-0.0028566204620452,-0.0004792239297806,-0.0010247647533960758
2581.3330000000005,0.0001297138883275,-0.0005039054151967,-0.0009790085097552625
2584.677,0.0011251586717851,-0.0005261217305411,-0.0009295624489443544
2597.6849999999995,0.0011251586717851,-0.0005884612400669,-0.0007067200680821042
2601.0329999999994,0.0028671870428359,-0.0005981598841821,-0.0006429103542397619
2604.380000000001,0.0033649094345647,-0.0006052362338137,-0.0005770781982039632
2607.7270000000008,0.0056046601973443,-0.0006097010668059,-0.0005095207457055342
2611.0640000000003,0.0028671870428359,-0.0006115708510879,-0.00044076535966102045
2614.4230000000007,0.0053557990014799,-0.0006108784080797,-0.000370468225668922
2617.7700000000004,0.0041114930221579,-0.0006076582930031,-0.00029965921108778725
2621.1460000000006,0.0038626318262935,-0.0006019015000748,-0.0002277924901433415
2624.492,0.0036137706304291,-0.0005937686797182,-0.0001564461465509872
2627.8330000000005,0.0043603542180223,-0.0005833047953473,-8.540506851963026e-05
2631.187,0.0036137706304291,-0.0005705218016455,-1.459941145310458e-05
2634.5419999999995,0.0043603542180223,-0.0005555365732398,5.540725272550464e-05
2637.8860000000004,0.0051069378056155,-0.000538505459497,0.00012406994549024055
2652.007,0.0033649094345647,-0.0004459315737671,0.0003953346993943101
2655.416000000001,0.0036137706304291,-0.0004192251528968,0.00045484857022376463
2658.7739999999994,0.0016228810635139,-0.0003915273866067,0.0005106997027434735
2662.1129999999994,0.0021206034552427,-0.00036275208116,0.0005632941059834276
2665.4619999999995,0.0026183258469715,-0.0003327914478292,0.0006129045601312982
2668.811,0.0003785750841919,-0.0003018698827927,0.0006591891562494685
2672.1710000000003,0.0023694646511071,-0.0002700239598595,0.0007021195921543529
2675.517,0.0018717422593783,-0.0002376353092494,0.0007412354905598464
2678.866,0.0031160482387003,-0.0002046869637997,0.000776625855602893
2682.215,0.0011251586717851,-0.0001713520678582,0.0008081445748191206
2685.5689999999995,0.0003785750841919,-0.0001377243396876,0.0008357388600933781
2688.906000000001,0.0011251586717851,-0.0001041678369958,0.000859177084292566
2701.5460000000003,-0.0006168696992656,2.1415985713604464e-05,0.0009109282496829296
2704.927,-0.003354342853774,5.397105637560919e-05,0.0009147966732252294
2708.275,-0.0018611756785876,8.552752683632556e-05,0.0009145214219482994
2711.620000000001,-0.0028566204620452,0.0001162574056488,0.0009102183196306794
2714.9490000000005,-0.0038520652455028,0.0001459328651176,0.0009020068588666074
2718.281000000001,-0.0036032040496384,0.0001746190554704,0.0008899478657780909
2721.604,-0.0036032040496384,0.000202112193646,0.0008741950007836069
2724.951000000001,-0.0041009264413672,0.0002285794577611,0.0008546827476122796
2728.299000000001,-0.0023588980703164,0.0002537328590525,0.0008316357648097453
2731.641,-0.004598648833096,0.000277437207172,0.0008052553827729232
2734.9879999999994,-0.0038520652455028,0.00029969251585,0.0007756148108112922
2738.3340000000007,-0.0055940936165536,0.0003203848450964,0.0007429321730110817
2741.6800000000003,-0.005842954812418,0.0003394571346409,0.0007073811950780863
2755.74,-0.0078338443793332,0.0004007615143252,0.000531156353583424
2759.0820000000003,-0.0088292891627908,0.0004106635038659,0.0004840406146892732
2762.4390000000003,-0.00708726079174,0.0004187590582548,0.00043516069664783737
2765.7870000000003,-0.0090781503586552,0.0004249777758937,0.0003850967676237662
2769.129000000001,-0.0080827055751976,0.0004293379302865,0.00033404959280578054
2772.479,-0.008331566771062,0.000431864063738,0.0002820434257502778
2775.8240000000005,-0.005842954812418,0.0004325593524715,0.00022951840613150414
2779.1820000000007,-0.0078338443793332,0.0004314439518437,0.00017643043849261227
2782.535,-0.0080827055751976,0.000428547556223,0.00012330208471978253
2785.883,-0.0080827055751976,0.0004239152244563,7.037006102911109e-05
2789.228000000001,-0.0098247339462484,0.000417594086973,1.7834259278247153e-05
2792.6000000000004,-0.008331566771062,0.0004095599596914,-3.4542146315095865e-05
2807.031000000001,-0.0065895384000112,0.0003577959023453,-0.0002468456493610159
2810.3960000000006,-0.0073361219876044,0.0003420726144966,-0.0002924443613186605
2813.746000000001,-0.008331566771062,0.0003252148839483,-0.00033597717105602736
2817.0869999999995,-0.0053452324206892,0.0003072921532433,-0.00037737338790195033
2820.424000000001,-0.0065895384000112,0.0002883736509508,-0.0004165500581196953
2823.775,-0.0073361219876044,0.0002684458179598,-0.00045356271809975123
2827.151,-0.0038520652455028,0.0002475241797611,-0.0004883559059611336
2830.499,-0.0041009264413672,0.0002260369283156,-0.0005202642405779702
2833.829,-0.0053452324206892,0.0002040339509001,-0.0005493284764683284
2837.1849999999995,-0.0038520652455028,0.0001813230566932,-0.0005758276167834999
2840.5380000000005,-0.0041009264413672,0.0001581969103782,-0.0005994218113411091
2843.8860000000004,-0.0055940936165536,0.0001347730762317,-0.0006200389504559655
2857.3320000000003,-0.0003680085034012,3.940647841454754e-05,-0.0006723428158728153
2860.686,-0.002110036874452,1.5798190437246048e-05,-0.0006776809831140342
2864.0300000000007,-0.002110036874452,-7.473892141349671e-06,-0.0006799480955703316
2867.382,-0.0013634532868588,-3.0442095395313733e-05,-0.0006791872528681158
2870.7270000000008,-0.00086573089513,-5.291335863019445e-05,-0.0006754415906334261
2874.067000000001,0.0008762974759207,-7.481686317771806e-05,-0.0006687784724663278
2877.4140000000007,-0.0016123144827232,-9.614743273366544e-05,-0.0006592372228133308
2880.768,0.0003785750841919,-0.0001168211228508,-0.0006468779392521481
2884.1100000000006,-0.0013634532868588,-0.0001366466794309,-0.0006318659718093889
2887.4590000000007,0.0003785750841919,-0.0001556670151457,-0.000614222059023198
2890.8050000000003,0.0011251586717851,-0.0001737568780923,-0.000594104369650996
2894.153,0.0011251586717851,-0.0001908814346825,-0.0005716038302442317
2897.498,0.0021206034552427,-0.0002069582838546,-0.0005468837597849772
2911.652,0.0023694646511071,-0.0002624639946446,-0.0004207856147175988
2915.0,0.0026183258469715,-0.000272423361003,-0.0003867131376747289
2918.347,0.0016228810635139,-0.0002811087996855,-0.00035136916339779034
2921.7180000000008,0.0028671870428359,-0.0002885536593269,-0.00031465064045558237
2925.0570000000007,0.0026183258469715,-0.0002946263312991,-0.00027734646366549986
2928.4400000000005,0.0021206034552427,-0.0002994509197357,-0.00023878267243455096
2931.7880000000005,0.0016228810635139,-0.0003029080639814,-0.00020003605048956962
2935.1360000000004,0.0016228810635139,-0.0003050586240814,-0.0001608895146803041
2938.486000000001,0.0018717422593783,-0.0003059121878873,-0.00012149730508738933
2941.83,0.0018717422593783,-0.000305483732744,-8.213014464492554e-05
2945.184000000001,0.0028671870428359,-0.0003037887952596,-4.2774578617988084e-05
2948.5370000000003,0.0028671870428359,-0.0003008527384655,-3.7326639673750595e-06
2960.733,0.0016228810635139,-0.0002802221126987,0.00013309646472959942
2964.079,0.0031160482387003,-0.000272007095937,0.0001685288367613988
2967.443,0.0021206034552427,-0.0002627271284072,0.00020295743885119912
2970.7880000000005,0.0001297138883275,-0.0002525374717238,0.00023586737392929403
2974.141,0.0003785750841919,-0.000241416703044,0.00026740143754794656
2977.487000000001,-0.0003680085034012,-0.0002294730137662,0.00029729703836761315
2980.8340000000007,-0.0006168696992656,-0.0002167416306005,0.00032551750646145084
2984.1720000000005,0.0033649094345647,-0.0002033269552333,0.0003518815689225566
2987.528,-0.0003680085034012,-0.0001891837183625,0.0003765006783908104
2990.874,-0.0013634532868588,-0.0001744953822476,0.00039907776126896964
2994.2209999999995,-0.0013634532868588,-0.0001592853071235,0.00041961981015746453
2997.568,-0.00086573089513,-0.0001436282075008,0.0004380546091504052
3000.906000000001,-0.0016123144827232,-0.0001276389084156,0.00045428628175859284
3013.157000000001,-0.0038520652455028,-6.690839502567197e-05,0.0004948169177558136
3016.525,-0.0028566204620452,-4.996702794703244e-05,0.0005006219933178987
3019.8680000000004,-0.0041009264413672,-3.318083965286807e-05,0.0005041005305261384
3023.219000000001,-0.0036032040496384,-1.6453468583160958e-05,0.0005053173667444191
3026.5689999999995,-0.0055940936165536,1.0174775075390916e-07,0.0005042850741785844
3029.961,-0.0063406772041468,1.6626210446908607e-05,0.0005009823487942823
3033.3060000000005,-0.003354342853774,3.262181671578296e-05,0.0004955432039585819
3036.656000000001,-0.005842954812418,4.828028162892901e-05,0.0004879754177458591
3040.0020000000004,-0.0063406772041468,6.349952264996214e-05,0.0004783581324571467
3043.348,-0.0055940936165536,7.824125027889376e-05,0.0004667516040186115
3046.6759999999995,-0.0073361219876044,9.23761099855076e-05,0.00045330949695755914
3050.022000000001,-0.0075849831834688,0.0001060057690511,0.00043796946061700913
3053.367,-0.0065895384000112,0.0001190001837861,0.00042089491914456986
3069.0120000000006,-0.005842954812418,0.0001701639204083,0.000320969125841605
3072.347,-0.0060918160082824,0.0001788028925931,0.0002960992473611571
3075.675000000001,-0.0063406772041468,0.0001865684981676,0.0002702965124419629
3079.0200000000004,-0.0055940936165536,0.0001934927708175,0.0002434964017421237
3082.366,-0.0060918160082824,0.0001995192148377,0.00021594887271873732
3085.7119999999995,-0.0068383995958756,0.0002046332933778,0.00018779248605582666
3089.0380000000005,-0.0085804279669264,0.0002088043117367,0.00015933127724656625
3092.383,-0.0068383995958756,0.0002120771639004,0.00013036319008524042
3095.7270000000008,-0.0075849831834688,0.0002144242771348,0.00010119027157424089
3099.0650000000005,-0.0050963712248248,0.0002158483087282,7.198752244921746e-05
3102.4169999999995,-0.0055940936165536,0.0002163615515554,4.270990931128501e-05
3105.769,-0.0048475100289604,0.0002159669154129,1.360878368540765e-05
3118.611000000001,-0.004598648833096,0.0002063570189101,-9.401152774126163e-05
3121.955,-0.0050963712248248,0.0002018529800476,-0.0001204739305912207
3125.327,-0.0041009264413672,0.0001965286554541,-0.0001462867031634147
3128.6820000000007,-0.0041009264413672,0.0001904844424173,-0.00017099776634951194
3132.0689999999995,-0.0041009264413672,0.0001836634486341,-0.00019486219789030025
3135.42,-0.0026077592661808,0.0001762422843923,-0.0002173108111006008
3138.7710000000006,0.0003785750841919,0.0001681924816988,-0.00023851830494537294
3142.1129999999994,-0.0031054816579096,0.0001595803278821,-0.0002583548026945233
3145.4619999999995,-0.0026077592661808,0.0001504091555599,-0.0002768451973776461
3148.811,-0.0028566204620452,0.000140742141503,-0.0002938821912608911
3152.1720000000005,-0.0001191473075368,0.0001305894419896,-0.00030946151637623455
3155.526,-0.0041009264413672,0.000120056076045,-0.00032344170436559254
3158.874,-0.0028566204620452,0.0001091906677268,-0.000335793741337075
3173.367,-0.0003680085034012,5.933972761707339e-05,-0.00037010402564583675
3176.737000000001,-0.0003680085034012,4.738103017596733e-05,-0.00037354124614820416
3180.094000000001,-0.0003680085034012,3.543867455489546e-05,-0.00037526138959898653
3183.4410000000007,0.0001297138883275,2.355236456503148e-05,-0.00037529703027549746
3186.7870000000003,0.0013740198676495,1.1739103675321624e-05,-0.00037367728520711747
3190.141,0.0008762974759207,1.5572015953329067e-08,-0.00037042049275524025
3193.486000000001,0.0008762974759207,-1.1511936408148546e-05,-0.00036557854221863173
3196.831,-0.0050963712248248,-2.282958563935647e-05,-0.00035918603184805317
3200.183000000001,0.0011251586717851,-3.39162683511462e-05,-0.0003512723822362251
3203.5370000000003,0.0011251586717851,-4.471184735365369e-05,-0.0003418972048304106
3206.882,0.0021206034552427,-5.514126326596317e-05,-0.00033115522987562984
3210.217000000001,0.0033649094345647,-6.51659433235011e-05,-0.00031912585666295636
3223.838,-0.0011145920909944,-0.000101512825849,-0.00025784220702958444
3227.1800000000003,0.0021206034552427,-0.0001091461436153,-0.00024023556091824704
3230.558000000001,0.0006274362800563,-0.000116293629542,-0.00022158846010033516
3233.936,-0.0003680085034012,-0.0001228479962255,-0.00020218022966335587
3237.291000000001,0.0011251586717851,-0.0001287516125312,-0.00018224634869362278
3240.6360000000004,0.0023694646511071,-0.0001340202252285,-0.00016181549873032635
3243.9840000000004,0.0013740198676495,-0.0001386630424789,-0.0001409072243689574
3247.3340000000007,-0.0001191473075368,-0.0001426668569676,-0.0001196248415871442
3250.6759999999995,0.0003785750841919,-0.0001460138695129,-9.81309708949145e-05
3254.0210000000006,0.0038626318262935,-0.0001487117711349,-7.645349489145713e-05
3257.367,0.0006274362800563,-0.0001507557715111,-5.470267118231527e-05
3260.710000000001,-0.0011145920909944,-0.0001521447468536,-3.300112638074084e-05
3264.035,-0.004598648833096,-0.0001528819976435,-1.154018966485295e-05
3278.0689999999995,0.0001297138883275,-0.0001490969366314,7.562072422293425e-05
3281.4390000000003,-0.0018611756785876,-0.0001465957219795,9.525588838042907e-05
3284.8009999999995,-0.0011145920909944,-0.0001435211609141,0.00011417447468744608
3288.151,-0.0003680085034012,-0.0001399030019526,0.00013228454237761513
3291.499,-0.0026077592661808,-0.0001357567593015,0.00014957397239154336
3294.829,-0.0018611756785876,-0.0001311314305971,0.0001659017869106022
3298.1849999999995,-0.0018611756785876,-0.0001259905165749,0.00018141905550125005
3301.5380000000005,-0.002110036874452,-0.0001204016349652,0.00019592522926093712
3304.885,-0.0001191473075368,-0.0001144011738792,0.00020935971397613115
3308.219000000001,-0.003354342853774,-0.0001080358958619,0.00022165735150756093
3311.577,-0.003354342853774,-0.0001012653419313,0.0002329082658989982
3314.925000000001,-0.0043497876372316,-9.41889350154514e-05,0.000242956010618509
3328.6579999999994,-0.0073361219876044,-6.249068433194997e-05,0.00027140903589749436
3332.035,-0.0053452324206892,-5.422390608725258e-05,0.0002751821196417936
3335.383,-0.003354342853774,-4.591774484176027e-05,0.0002776560428305696
3338.751,-0.0065895384000112,-3.748762055088088e-05,0.00027887699183510347
3342.0930000000008,-0.0050963712248248,-2.9084767984110003e-05,0.00027884199640714277
3345.445,-0.0048475100289604,-2.065452816403973e-05,0.0002775753559799263
3348.793,-0.0055940936165536,-1.2267117638938656e-05,0.0002750999903951988
3352.143,-0.005842954812418,-3.9418972393423006e-06,0.00027143859314720316
3355.492,-0.0073361219876044,4.28000538915008e-06,0.000266624853909921
3358.831,-0.0073361219876044,1.2344421698418742e-05,0.0002607128357605385
3362.1849999999995,-0.005842954812418,2.0279695862523934e-05,0.0002536959139083274
3365.5380000000005,-0.0043497876372316,2.801626641503541e-05,0.00024564530457571205
3378.5460000000003,-0.0078338443793332,5.564445221902099e-05,0.00020556057640151411
3381.9220000000005,-0.0053452324206892,6.206960080740431e-05,0.00019313230871390342
3385.267,-0.0036032040496384,6.808738750022108e-05,0.00018011715754118258
3388.5910000000003,-0.0060918160082824,7.370399061410842e-05,0.00016655797638804554
3391.925000000001,-0.004598648833096,7.895552802007216e-05,0.000152398646497356
3395.268,-0.0053452324206892,8.382082864616316e-05,0.00013770784060142504
3398.604,-0.0043497876372316,8.826180766569371e-05,0.0001226258995022912
3401.955,-0.0053452324206892,9.229364210328765e-05,0.00010712381884629381
3405.303,-0.002110036874452,9.588169047761192e-05,9.135570765317097e-05
3408.6489999999994,-0.003354342853774,9.90193099610456e-05,7.53905172906886e-05
3411.998,-0.004598648833096,0.0001017042668264,5.927739522897935e-05
3415.3459999999995,-0.0048475100289604,0.0001039282106165,4.3108242640937976e-05
3418.6900000000005,-0.0041009264413672,0.0001056874262851,2.696966696373503e-05
3429.634,-0.0028566204620452,0.000108219738968,-2.4906208988191043e-05
3433.025,-0.0053452324206892,0.0001080143348367,-4.0427608451613e-05
3436.374,-0.0016123144827232,0.0001073627144208,-5.538499182741472e-05
3439.759,0.0013740198676495,0.0001062601116055,-7.006479120956766e-05
3443.099,-0.0026077592661808,0.0001047454036609,-8.405846963070223e-05
3446.4480000000003,-0.0018611756785876,0.0001028133161682,-9.754425899939765e-05
3449.794,-0.0016123144827232,0.0001004834831972,-0.00011041975427128089
3453.1460000000006,0.0003785750841919,9.776443733753672e-05,-0.0001226692894603551
3456.491,-0.0023588980703164,9.468357236304756e-05,-0.00013419975861929859
3459.8320000000003,-0.0023588980703164,9.125784350813858e-05,-0.0001449828037440753
3463.183000000001,-0.0016123144827232,8.749112968073839e-05,-0.00015502312968254886
3466.5380000000005,-0.0031054816579096,8.340846381098346e-05,-0.00016426314630718945
3469.884,-0.0003680085034012,7.904766885718813e-05,-0.00017263822355520714
3483.804,-0.0013634532868588,5.8308601714408136e-05,-0.00019796312914270963
3487.1980000000003,0.0001297138883275,5.274612685296469e-05,-0.00020172639275692602
3490.554,-0.0023588980703164,4.7102567184974765e-05,-0.00020450105150358745
3493.902,0.0003785750841919,4.13559558576451e-05,-0.0002063307580754189
3497.2520000000004,-0.00086573089513,3.5514992284401706e-05,-0.0002072271129465397
3500.594000000001,0.0023694646511071,2.9622805811740853e-05,-0.00020719761184509884
3503.927,0.0008762974759207,2.370684792816246e-05,-0.0002062608619737814
3507.269,-0.0011145920909944,1.7760218641116293e-05,-0.0002044272394380587
3510.604,-0.0016123144827232,1.183607132708943e-05,-0.00020172384116681852
3513.955,0.0006274362800563,5.918092355043851e-06,-0.00019815138060745927
3517.302,-0.0003680085034012,6.58287641974648e-08,-0.00019375298950317249
3520.648000000001,0.0013740198676495,-5.702635928796098e-06,-0.00018855632516201894
3535.9770000000008,0.0021206034552427,-3.046208318884124e-05,-0.00015552195911270147
3539.331,0.0013740198676495,-3.5389061513224056e-05,-0.00014652317687758034
3542.7029999999995,-0.0001191473075368,-4.012372817393757e-05,-0.0001369351545814009
3546.041000000001,-0.0013634532868588,-4.457812541285963e-05,-0.00012695833012028938
3549.3899999999994,0.0016228810635139,-4.879941979847126e-05,-0.00011651346866700083
3552.74,-0.0011145920909944,-5.275963705204219e-05,-0.00010568096125021847
3556.08,-0.003354342853774,-5.643413012584008e-05,-9.45503041802954e-05
3559.425000000001,-0.0011145920909944,-5.982862765005886e-05,-8.312545363120647e-05
3562.7739999999994,-0.0001191473075368,-6.293089274705481e-05,-7.146259805471931e-05
3566.1129999999994,-0.0003680085034012,-6.572008701230288e-05,-5.966508968502625e-05
3569.4619999999995,0.0023694646511071,-6.820560826363721e-05,-4.771651615172277e-05
3572.811,-0.0016123144827232,-7.037271594146495e-05,-3.570620440902057e-05
3585.382,-0.00086573089513,-7.56056398803552e-05,9.014759032951899e-06
3588.729,-0.0018611756785876,-7.622096727300624e-05,2.0589246808585138e-05
3592.07,-0.0031054816579096,-7.651106155742986e-05,3.1908544803518725e-05
3595.4220000000005,-0.0016123144827232,-7.648004314315742e-05,4.298256797659096e-05
3598.773000000001,-0.0038520652455028,-7.613125051406875e-05,5.3725014982096596e-05
3602.1129999999994,-0.003354342853774,-7.547332150216482e-05,6.406243566198336e-05
3605.463,-0.0043497876372316,-7.450937510742154e-05,7.401889971748184e-05
3608.811,-0.002110036874452,-7.325005539535964e-05,8.351849202945835e-05
3612.172000000001,-0.0031054816579096,-7.169772450448631e-05,9.256497135665355e-05
3615.526,-0.0043497876372316,-6.987137112532689e-05,0.0001010692697554031
3618.875,-0.0050963712248248,-6.778288605684618e-05,0.00010900818136112453
3622.221,-0.0036032040496384,-6.544436085022767e-05,0.00011636028021266694
3625.582,-0.0050963712248248,-6.285521457396875e-05,0.00012313658708644875
3640.918,-0.004598648833096,-4.839913518816271e-05,0.0001457657124741077
3644.305,-0.0043497876372316,-4.472102327171355e-05,0.00014884521124697292
3647.658,-0.0060918160082824,-4.094416673200268e-05,0.00015119325655805674
3651.009,-0.0050963712248248,-3.705237414382912e-05,0.0001528418137590587
3654.356,-0.0048475100289604,-3.306608866598352e-05,0.00015379318751445565
3657.7019999999993,-0.0055940936165536,-2.899989532568181e-05,0.00015405424928934447
3661.041000000001,-0.004598648833096,-2.487931578230085e-05,0.000153634420166364
3664.39,-0.0031054816579096,-2.07012992493296e-05,0.00015254100392613008
3667.74,-0.0016123144827232,-1.6494840167519e-05,0.00015078684824147104
3671.081,-0.0018611756785876,-1.229037542753876e-05,0.00014839546396209577
3674.439,-0.0053452324206892,-8.072849495248937e-06,0.0001453646121527438
3677.787,-0.0043497876372316,-3.89357588649307e-06,0.00014173787397045443
3691.424000000001,-0.004598648833096,1.2515767666158542e-05,0.00012125299009240674
3694.787,-0.0036032040496384,1.6329457176093385e-05,0.00011494072373035183
3698.129000000001,-0.0041009264413672,1.9998157924289383e-05,0.0001082389816752458
3701.479,-0.0041009264413672,2.354084032462059e-05,0.00010112713442591823
3704.824000000001,-0.0063406772041468,2.693079241419264e-05,9.366847620624615e-05
3708.1820000000007,-0.0036032040496384,3.0173655258701317e-05,8.58591873700132e-05
3711.536,-0.003354342853774,3.324112682376299e-05,7.777608392003368e-05
3714.883,-0.0043497876372316,3.612097482042846e-05,6.946699439363556e-05
3718.217000000001,-0.0023588980703164,3.880031288903018e-05,6.0988412274644585e-05
3721.5769999999993,-0.0028566204620452,4.130085801610816e-05,5.2280211646002015e-05
3724.925000000001,-0.002110036874452,4.3585525737897726e-05,4.3480255725540153e-05
3728.27,-0.0048475100289604,4.56552695457047e-05,3.460606920307001e-05
3741.776,-0.0013634532868588,5.1749122034574505e-05,-1.2442792286603932e-06
3745.121000000001,-0.0018611756785876,5.26821597990113e-05,-9.930757222971251e-06
3748.527,-0.002110036874452,5.3394330709208015e-05,-1.8619270303422063e-05
3751.876,-0.0018611756785876,5.3860907273008135e-05,-2.697220702349044e-05
3755.221,-0.002110036874452,5.409696157915884e-05,-3.509227126359327e-05
3758.582,-0.0001191473075368,5.410494140450048e-05,-4.299350540383385e-05
3761.928,-0.0013634532868588,5.3887853233287295e-05,-5.057131238445701e-05
3765.275,-0.0036032040496384,5.345013716371519e-05,-5.783384539991523e-05
3768.620000000001,-0.00086573089513,5.279719968379286e-05,-6.474668944556587e-05
3771.949000000001,-0.0001191473075368,5.193919642860938e-05,-7.125775594729635e-05
3775.295,-0.0013634532868588,5.087402914840409e-05,-7.740730321491441e-05
3778.64,-0.0001191473075368,4.9613235582637065e-05,-8.313728562816984e-05
3781.986000000001,-0.0003680085034012,4.816404913387626e-05,-8.843107061963974e-05
3796.729,0.0001297138883275,3.977220200303924e-05,-0.00010613391102255287
3800.0679999999993,0.0001297138883275,3.74760503360498e-05,-0.00010880278099796197
3803.439,0.0001297138883275,3.5033603768230874e-05,-0.00011097894853268295
3806.790000000001,0.0001297138883275,3.249376005911764e-05,-0.0001126229240418818
3810.141,-0.0006168696992656,2.9854522701442424e-05,-0.0001137483496633981
3813.487000000001,-0.002110036874452,2.7132398390106105e-05,-0.00011435619552594121
3816.8340000000007,0.0011251586717851,2.433518611328393e-05,-0.00011445222348753281
3820.171,0.0001297138883275,2.1484962586936025e-05,-0.0001140441055768888
3823.519,0.0013740198676495,1.857647127056329e-05,-0.00011313714569745242
3826.865,0.0021206034552427,1.5633548232749563e-05,-0.00011174305450796668
3830.214,0.0003785750841919,1.2664518529563663e-05,-0.00010987177424402383
3833.5679999999993,-0.0006168696992656,9.680223564611502e-06,-0.00010753472045845113
3847.607,-0.0006168696992656,-2.6509301215822816e-06,-9.311590692181203e-05
3851.019,-0.00086573089513,-5.543187472266861e-06,-8.8593095163826e-05
3854.392,-0.0028566204620452,-8.338151069451154e-06,-8.377918568628366e-05
3857.743,-0.0001191473075368,-1.1040855202222092e-05,-7.868480983572453e-05
3861.082,-0.0016123144827232,-1.3650328999754387e-05,-7.332578894895649e-05
3864.439,-0.0028566204620452,-1.618007830907639e-05,-6.768055172180448e-05
3867.787,-0.0026077592661808,-1.860020690536717e-05,-6.182155822061289e-05
3871.129000000001,-0.0036032040496384,-2.090498929367253e-05,-5.577373860572838e-05
3874.479,-0.0016123144827232,-2.3095962512922858e-05,-4.9540803858925256e-05
3877.824000000001,-0.0013634532868588,-2.515706361918684e-05,-4.3176285845052124e-05
3881.181000000001,-0.0023588980703164,-2.7091557519194766e-05,-3.6677405378346086e-05
3884.535,-0.003354342853774,-2.888409735873656e-05,-3.010290601390653e-05
3896.9770000000008,-0.0028566204620452,-3.422572669530282e-05,-5.502169108595836e-06
3900.348,-0.003354342853774,-3.5300780257092725e-05,1.0873331054140728e-06
3903.683000000001,-0.0036032040496384,-3.620312654257258e-05,7.520375705234804e-06
3907.028,-0.0028566204620452,-3.69456114532795e-05,1.3859334498151331e-05
3910.382,-0.0038520652455028,-3.752583594104664e-05,2.0074726167516368e-05
3913.7270000000008,-0.0038520652455028,-3.7940588127096685e-05,2.610756803023591e-05
3917.067000000001,-0.0028566204620452,-3.819197340166573e-05,3.194163947614272e-05
3920.416000000001,-0.0041009264413672,-3.828200488611266e-05,3.757765523461466e-05
3923.769,-0.0043497876372316,-3.821151772647426e-05,4.2983703399509576e-05
3927.111000000001,-0.00708726079174,-3.798387268026566e-05,4.811549598845621e-05
3930.4609999999993,-0.0073361219876044,-3.7601154746456e-05,5.298306249118674e-05
3933.811,-0.0041009264413672,-3.706749206515616e-05,5.755574451795858e-05
3937.172000000001,-0.0031054816579096,-3.638475976244646e-05,6.183047425814364e-05
3951.671,-0.005842954812418,-3.187765848741191e-05,7.634762109718203e-05
3955.025,-0.0060918160082824,-3.0508768041881907e-05,7.873937976229101e-05
3958.368,-0.0041009264413672,-2.9037044674296065e-05,8.074646832359895e-05
3961.7109999999993,-0.0043497876372316,-2.746578284977629e-05,8.237319416674356e-05
3965.035,-0.0018611756785876,-2.5812582282723563e-05,8.361114701639049e-05
3968.383,-0.0036032040496384,-2.4064007782005745e-05,8.447477175121913e-05
3971.7270000000008,-0.0068383995958756,-2.2242337108811956e-05,8.495439022701345e-05
3975.067000000001,-0.003354342853774,-2.0356427909635656e-05,8.50540244926568e-05
3978.417,-0.0043497876372316,-1.8406974336474247e-05,8.477737368459362e-05
3981.769,-0.0038520652455028,-1.640724368958708e-05,8.412900343885897e-05
3985.1100000000006,-0.0041009264413672,-1.4374149837010627e-05,8.312038401030065e-05
3988.460000000001,-0.0036032040496384,-1.2304580014472457e-05,8.175479187286884e-05
4001.953,-0.0031054816579096,-3.837639121491368e-06,7.289645267957518e-05
4005.308000000001,-0.0031054816579096,-1.7445795966980457e-06,6.992838767413526e-05
4008.658,-0.0041009264413672,3.231626939618895e-07,6.669246075106671e-05
4012.009,-0.0031054816579096,2.3610375765588163e-06,6.320107748693167e-05
4015.355,-0.0023588980703164,4.3574250908283645e-06,5.947950744751847e-05
4018.7019999999993,-0.0006168696992656,6.308225733442277e-06,5.554085850168505e-05
4022.040000000001,-0.0023588980703164,8.200367243639642e-06,5.141763901474687e-05
4025.389000000001,-0.0031054816579096,1.0038027313180415e-05,4.7105626807334115e-05
4028.74,-0.0018611756785876,1.1809134372328102e-05,4.263662404016796e-05
4032.081,-0.002110036874452,1.3501209466668855e-05,3.804875397948488e-05
4035.439,-0.0016123144827232,1.5121670331512193e-05,3.332656009154658e-05
4038.787,-0.0038520652455028,1.6651643142823364e-05,2.852986593957276e-05
4042.129000000001,-0.0013634532868588,1.8088431039216703e-05,2.3675799899012583e-05
4059.1,-0.0018611756785876,2.3837047213667992e-05,-1.1885811391291535e-06
4062.462,-0.0011145920909944,2.464555920099148e-05,-6.001215901574936e-06
4065.813,0.0016228810635139,2.533735766553109e-05,-1.0711586782262162e-05
4069.171,-0.0011145920909944,2.5915083088387992e-05,-1.5325301290883918e-05
4072.52,-0.0011145920909944,2.637530948652121e-05,-1.980142389902268e-05
4075.865,-0.0006168696992656,2.671911669705741e-05,-2.4129178091819255e-05
4079.215,-0.0038520652455028,2.6947582013226687e-05,-2.830280059556319e-05
4082.5679999999993,0.0008762974759207,2.706083815716388e-05,-3.230276544003813e-05
4085.9050000000007,-0.0011145920909944,2.706005890944328e-05,-3.609208205511455e-05
4089.251,-0.0013634532868588,2.6947197706184348e-05,-3.96854055437234e-05
4092.596,-0.0016123144827232,2.672423423717306e-05,-4.305800663972695e-05
4104.438,-0.0028566204620452,2.509043817814375e-05,-5.306392442811031e-05
4107.790000000001,-0.0001191473075368,2.4403016642179032e-05,-5.530902603672588e-05
4111.139999999999,-0.0011145920909944,2.3624193398751325e-05,-5.728027814529094e-05
4114.487999999999,-0.00086573089513,2.2758659711419775e-05,-5.897285978190915e-05
4117.8330000000005,0.0013740198676495,2.1811683490968147e-05,-6.038287939055442e-05
4121.174000000001,-0.0011145920909944,2.0788877493378976e-05,-6.15080879734294e-05
4124.528,-0.002110036874452,1.9690076662954376e-05,-6.23516300563956e-05
4127.876,-0.0011145920909944,1.8526851772224617e-05,-6.290767571238313e-05
4131.221,-0.0018611756785876,1.730418626731177e-05,-6.317898167002966e-05
4134.576999999999,-0.0006168696992656,1.6022702013882735e-05,-6.316802208607197e-05
4137.924000000001,-0.0006168696992656,1.4696072068171585e-05,-6.28781811556603e-05
4141.269,-0.00086573089513,1.3327948584755796e-05,-6.231497527630663e-05
4144.602000000001,0.0003785750841919,1.1928912761303895e-05,-6.148765270749122e-05
4161.496000000001,-0.0013634532868588,4.515264610877194e-06,-5.349652416713981e-05
4164.837,-0.0028566204620452,3.0302416619686995e-06,-5.1235809895212e-05
4168.179,-0.0016123144827232,1.5531094425981712e-06,-4.8777233558138776e-05
4171.532999999999,-0.0016123144827232,8.508876319678653e-08,-4.612490632956838e-05
4174.880999999999,-0.0016123144827232,-1.36001509165342e-06,-4.330656778701729e-05
4178.222,-0.0041009264413672,-2.776191082623983e-06,-4.0338573512158776e-05
4181.585000000001,-0.0031054816579096,-4.169993697563514e-06,-3.720928442884446e-05
4184.934000000001,-0.0028566204620452,-5.521052005474105e-06,-3.3967258188726063e-05
4188.277,-0.0038520652455028,-6.8278383875841e-06,-3.0621729521746035e-05
4191.620000000001,-0.0028566204620452,-8.087985035044374e-06,-2.718308121357823e-05
4194.959000000001,-0.0031054816579096,-9.295515778871e-06,-2.367185223318576e-05
