xaxis0,yaxis,eq:p0*p1**x0*cos(p2*x0)_para:[0.36467924 0.99770232 0.0274582 ]mse:0.0011479485617428035,eq:p0*p1**x0*cos(p2 + p3*x0)_para:[ 0.39009929  0.99744379 -0.45698282  0.0285769 ]mse:0.0008192884250464906
0.0,0.1214939688526189,0.3646792350624895,0.3500703768003283
3.3679999999994834,0.1945605878336638,0.3603184999997788,0.36185864695119047
6.738999999999578,0.2359566927853821,0.3529398465699501,0.370103776579004
10.103000000000064,0.272365315212797,0.3426795987705155,0.37477209748395174
13.470000000000256,0.2992977208440354,0.3296445797349736,0.3759014948118503
16.833999999999833,0.3207438956985401,0.314011503583092,0.3735399888411769
29.92299999999977,0.3611425041453978,0.2318365502800229,0.3330778245060414
33.271999999999935,0.3641349936599798,0.206370469738009,0.31545160253727955
36.63599999999951,0.3661299866697011,0.1794283055819494,0.2951435315545774
40.021999999999935,0.3623893747764736,0.1511846246743551,0.2723027411315056
43.38900000000013,0.3569031439997399,0.122237920582181,0.24745438542907522
46.76500000000033,0.3524144097278668,0.0926133296532987,0.22066924547453015
50.13900000000013,0.3426888188054751,0.0626684501762768,0.19230927056009342
53.50500000000011,0.3292226159898559,0.0327187865691347,0.1627212541836492
56.86799999999948,0.3082751893877816,0.0029766342733255,0.1321628157093441
60.22999999999956,0.2800959131254673,-0.0263256079331183,0.10091633687812707
63.59900000000016,0.2444354130766979,-0.0550128270084001,0.06920668987937965
66.96100000000024,0.1888249829307149,-0.0827321411156784,0.03746461890396775
70.30500000000029,0.0948109373475956,-0.1091830097518434,0.006086671403667944
83.71399999999994,-0.2306222973632018,-0.2001103833464945,-0.11224522948572932
87.10300000000007,-0.2602978183828071,-0.2184038321230605,-0.13895430309715395
90.47699999999986,-0.2797490002275904,-0.234459484032852,-0.16379637975877373
93.85300000000008,-0.2887264687713366,-0.2482659557418829,-0.18670545825048646
97.27199999999992,-0.3011951750820951,-0.2598600428067742,-0.20773699346666377
100.63699999999972,-0.3076789023636895,-0.2688618808233876,-0.2261474525478015
104.01400000000012,-0.3071801541112592,-0.2754525019774814,-0.24220786874633857
107.38100000000033,-0.3114195142569171,-0.2795680787504385,-0.25570429702734904
110.7479999999996,-0.306930779985044,-0.2812343174651932,-0.26660608980662875
114.1239999999998,-0.3001976785772344,-0.2804693989844029,-0.274875263820657
117.4960000000001,-0.3021926715869558,-0.27731488117527,-0.2804429761197667
120.86099999999988,-0.283489612120818,-0.271848804025053,-0.28331184003846754
133.46900000000005,-0.2485772344506941,-0.2323791809377258,-0.27079880715643273
136.83799999999974,-0.2338641610039991,-0.2173122013148614,-0.2615797611721635
140.1959999999999,-0.2189017134310888,-0.2006769941152871,-0.2501381750305929
143.60199999999986,-0.2059342588678999,-0.1823250077227818,-0.2363831739405153
146.96699999999964,-0.1804980979939525,-0.1629098097715732,-0.2208306789237768
150.34000000000017,-0.1595506713918782,-0.142354197933719,-0.20346144207768185
153.6989999999996,-0.1356107552752219,-0.1209864769296568,-0.18458354109014413
157.0559999999996,-0.1121695874109958,-0.0989320083042363,-0.16434145729703134
160.41399999999976,-0.0834915628962512,-0.0763693793925479,-0.14292733289512
163.78799999999956,-0.0473323145950515,-0.0533949505245419,-0.12045532647362574
167.16200000000026,-0.0169086711968007,-0.0303167831213922,-0.09724987701858712
170.52800000000025,0.01351497220145,-0.0073884854981749,-0.07359560618714726
173.89400000000023,0.0421929967161946,0.0152505074418405,-0.049665420488280786
186.08600000000024,0.1297233150177195,0.0919464849354571,0.03582087945995409
189.451,0.1469301297265663,0.1109155059343761,0.058159300735557654
192.84199999999964,0.1613938290470462,0.1287794356137935,0.07974062244228987
196.21900000000005,0.174361283610235,0.1451870910321519,0.10012091906634148
199.6260000000002,0.1838375004064115,0.1602207039936935,0.11938428908008705
202.98999999999972,0.1915680983190818,0.1734619723383915,0.13696971539361485
206.36200000000008,0.1995480703579672,0.1850474648656926,0.15302699208442355
209.72199999999967,0.2015430633676886,0.1948388244862382,0.1673425633806103
213.089,0.2037874305036251,0.2028386624466013,0.1798974925887195
216.45200000000025,0.2037874305036251,0.208978143112273,0.19056317332741243
219.8209999999999,0.2057824235133465,0.2132499089449912,0.1993030066339991
223.17699999999968,0.2037874305036251,0.2156281851813113,0.20602649881919236
226.5469999999996,0.1992986962317521,0.2161398796443281,0.2107585541191889
238.86499999999972,0.1798475143869688,0.2025685157821166,0.21089103298292927
242.2529999999997,0.1723662906005136,0.194846254729965,0.20635166908738264
245.6279999999997,0.1589000877848944,0.185598220452671,0.19998682299693107
248.9979999999996,0.1466807556003511,0.1749179787153511,0.1918866088903124
252.36300000000028,0.1347107975420229,0.1629252440850939,0.18216338192792328
255.7340000000004,0.1199977240953278,0.1497033084401164,0.17090275947758723
259.09900000000016,0.1052846506486328,0.1354304514099181,0.15827470629099438
262.46399999999994,0.0878284618135708,0.1202223383260745,0.1444007765065202
265.8279999999995,0.0718685177357999,0.104227839932934,0.1294349575347647
269.1899999999996,0.0509210911337256,0.0876010338802967,0.11353983125939132
272.5529999999999,0.0307217869102968,0.0704788181440824,0.09686427407118663
275.9219999999996,0.0102731085606528,0.052988012732198,0.07954864643292027
279.26800000000003,-0.0126693110511428,0.0354343753141235,0.061915099393503814
292.20600000000013,-0.0909727866827063,-0.0314054293205408,-0.0072695248048109595
295.5730000000003,-0.1046883636245407,-0.0478435518658947,-0.024748069581253473
298.942,-0.1206483077023116,-0.0636298154570854,-0.04170902795080502
302.35199999999986,-0.1323688916344247,-0.0788067814232325,-0.058187364892130694
305.71500000000015,-0.1440894755665377,-0.0928680739761168,-0.07361956962567037
309.0799999999999,-0.1535656923627141,-0.1059301862735873,-0.0881176827940104
312.4480000000003,-0.1585531748870176,-0.1178987501926307,-0.10156597997072324
315.8209999999999,-0.1675306434307637,-0.1286915221632626,-0.1138621762730551
319.1800000000003,-0.1710218811977761,-0.1381790187282241,-0.12484843879742392
322.5479999999998,-0.1720193777026367,-0.1463673254410059,-0.1345226263816129
325.91799999999967,-0.175261241343434,-0.1531833962209696,-0.14279152235626336
329.27800000000025,-0.1757599895958643,-0.1585709754168702,-0.14957854668729967
332.6369999999997,-0.173764996586143,-0.1625271625112262,-0.1548713305686412
343.83200000000033,-0.1655356504210423,-0.1653330994658513,-0.16154696457201706
347.2510000000002,-0.1583038007608024,-0.1630659441152279,-0.16025311006242238
350.6130000000003,-0.1538150664889293,-0.1594716294653574,-0.15751300110080374
353.97900000000027,-0.1488275839646259,-0.154568855556846,-0.15336197765119727
357.34900000000016,-0.1388526189160191,-0.1484149591681727,-0.14785755195117334
360.7129999999997,-0.1323688916344247,-0.1411008316994361,-0.1410910415402451
364.0799999999999,-0.1216458042071723,-0.1326889329540007,-0.1331303706984566
367.4480000000003,-0.1126683356634262,-0.1232709146603346,-0.12407208543776017
370.8119999999999,-0.1026933706148194,-0.112957742207192,-0.11403337946569436
374.1800000000003,-0.0924690314399973,-0.1018269275681783,-0.10310021750736037
377.5479999999998,-0.0790028286243781,-0.0899976615484278,-0.09140019998687876
380.91799999999967,-0.0680303670709106,-0.077574179644325,-0.0790471681878082
384.281,-0.0602997691582403,-0.0647057620677778,-0.06620050730040361
397.5129999999999,-0.0111730662938518,-0.0117639638019698,-0.013078285287008913
400.9349999999995,0.0027918847741977,0.0019401294734796,0.0006882241899106494
404.326,0.0162580875898169,0.0152923937890251,0.01408810555615818
407.683,0.030971161036512,0.0281771548409529,0.0269967632052119
411.0510000000004,0.0382030106967519,0.0406653411353578,0.03947725110352651
414.415,0.0489260981240042,0.05260040263914,0.05136547301808122
417.78899999999976,0.0601479338036869,0.0639366032130245,0.06260891741801282
421.16200000000026,0.0683772799687875,0.0745472133436249,0.07307563727517097
424.527,0.0761078778814578,0.0843336720108419,0.08266348149686098
427.893,0.0815941086581916,0.093253379883009,0.09132668725224095
431.2569999999996,0.086581591182495,0.1012361303793623,0.09899382356407373
434.616,0.0928159443378743,0.1082241344825893,0.10560742971449481
437.9849999999997,0.0963071821048866,0.1142018425308897,0.11115135626284724
451.6369999999997,0.1032896576389114,0.1272806813005222,0.12194740784398479
455.058,0.1025415352602659,0.1277013962974285,0.12169352410983654
458.4219999999996,0.1020427870078356,0.1270115489386487,0.12031560650056419
461.79,0.0992996716194687,0.1252474701906563,0.11784729354632108
465.16200000000026,0.0970553044835322,0.1224369740089087,0.11432623770850736
468.52800000000025,0.0935640667165198,0.1186293200492736,0.10981425369261527
471.8940000000002,0.0885765841922164,0.1138682889473389,0.10436470370718044
475.2560000000003,0.085085346425204,0.1082163756854851,0.09805195583400986
478.6149999999998,0.0791003673960399,0.101736465500884,0.09094977261289304
481.9830000000002,0.0711203953571544,0.0944713439541992,0.08310996157633403
485.3519999999999,0.0663822869590662,0.0865086909853901,0.07463274002887307
488.71500000000015,0.0596491855512566,0.077945069411148,0.06562615891943435
492.0799999999999,0.0536642065220925,0.0688436946720678,0.05616227246894241
508.857,0.0095249861820073,0.0185661151649863,0.005575413550271639
512.1970000000001,0.0015450141431218,0.0082051926713174,-0.0045049186560384945
515.5510000000004,-0.0081805767792697,-0.0021094039076056,-0.014414179136412021
518.9219999999996,-0.0184049159540917,-0.0122989952868783,-0.02407031210304137
522.2759999999998,-0.027631758624053,-0.0221772881399384,-0.033292560037242964
525.6329999999998,-0.0376067236726598,-0.0317248529861621,-0.04205999639646353
529.0140000000001,-0.0460854439639756,-0.0409205430203888,-0.05034825878948892
532.3789999999999,-0.0533172936242156,-0.0495822465536502,-0.057990185141183294
535.7470000000003,-0.0637910069252527,-0.0576951719523274,-0.06497201881995437
539.1210000000001,-0.068529115323341,-0.0652034133046475,-0.07124396884558881
542.4949999999999,-0.0742647202262899,-0.0720371989175709,-0.0767471389852922
545.8580000000002,-0.0790028286243781,-0.0781296470410452,-0.08142963872263191
561.076,-0.0939652761972884,-0.0957849020795836,-0.09199340086195329
564.433,-0.0982046363429463,-0.0973684119292598,-0.09193921496730348
567.8119999999999,-0.0979552622167311,-0.0981035438859206,-0.09103235695235187
571.1779999999999,-0.0989527587215918,-0.0979861650463083,-0.08930171596460107
574.5479999999998,-0.1049377377507559,-0.097033165967901,-0.08677206288845651
577.915,-0.0954615209545794,-0.095267121732367,-0.08348528991303722
581.2780000000002,-0.0984540104691614,-0.092718616059712,-0.07948801192055441
584.6369999999997,-0.0952121468283642,-0.0894241206845683,-0.07483173949034362
588.0150000000003,-0.0939652761972884,-0.0853959482782765,-0.06953487921426599
591.3800000000001,-0.0872321747894788,-0.0807156123417476,-0.06370529260891332
594.75,-0.0842396852748967,-0.0754107906758344,-0.05737727768515205
598.1229999999996,-0.0790028286243781,-0.0695373606130335,-0.05061991318491232
611.7879999999996,-0.056808531391228,-0.0412375029042612,-0.0203782559963251
615.1750000000002,-0.0523197971193549,-0.0334446062937632,-0.012548217655933317
618.5439999999999,-0.0423448320707481,-0.0255259985300881,-0.0047767276452980005
621.9120000000003,-0.036359853041584,-0.01751344705616,0.002903839313240912
625.2759999999998,-0.0316217446434957,-0.0094840650995037,0.010417447686623645
628.6329999999998,-0.0241405208570406,-0.0015137204593369,0.017691748207753197
632.0129999999999,-0.0156618005657248,0.0064006465512702,0.02472626411781203
635.3779999999997,-0.0094274474103456,0.0141039958230031,0.03138095822739814
638.7449999999999,-0.0036918425073966,0.0215731268932617,0.037635812964981086
642.1090000000004,0.0055350001625646,0.0287370875049595,0.04343088764260768
645.4750000000004,0.0070312449198556,0.0355501277619966,0.048729204636664906
648.8400000000001,0.0155099652111714,0.0419534018013029,0.053485441991875875
663.7060000000001,0.0389511330753974,0.0642301542933528,0.06727268335077966
667.0730000000003,0.0434398673472705,0.0677110339611952,0.0686526032124073
670.424,0.0464323568618525,0.070548481714669,0.06937236593864042
673.79,0.0496742205026498,0.0727544648076372,0.06944346448391896
677.1639999999998,0.0519185876385863,0.0743088710475394,0.06886960356650926
680.5129999999999,0.0531654582696621,0.0751982967917997,0.06767740736649758
683.8720000000003,0.0539135806483077,0.0754388831492292,0.06588021041684963
687.2309999999998,0.0514198393861559,0.0750349610847053,0.0635074587592812
690.6019999999999,0.0551604512793835,0.0739950362979056,0.060579444132136964
693.9669999999996,0.0551604512793835,0.0723415664606625,0.057146686750980426
697.3389999999999,0.0534148323958773,0.0700915340361407,0.053236275354248866
700.6980000000003,0.0514198393861559,0.0672880448997027,0.04891663339173518
715.1490000000003,0.0399486295802581,0.0496806759289169,0.026676752673647205
718.5339999999997,0.0357092694346002,0.0444912810155963,0.020905717780237143
721.8999999999996,0.0302230386578665,0.0390298794803138,0.01507157958422991
725.2579999999998,0.0272305491432844,0.0333333082743226,0.009211812554647354
728.6229999999996,0.0227418148714113,0.0274286330488684,0.003355069070125463
731.9859999999999,0.0175049582208928,0.0213844684437411,-0.00242922650796449
735.3540000000003,0.010522482686868,0.0152418581246,-0.008100696419394112
738.7150000000001,0.0072806190460708,0.0090763705473228,-0.013589070167677629
742.0810000000001,0.0015450141431218,0.0029191868527731,-0.01886629160846903
745.4459999999999,-0.0044399648860422,-0.0031664896795224,-0.02387759992374324
748.8119999999999,-0.0109236921676366,-0.009133434639486,-0.02858418527955952
752.1779999999999,-0.0146643040608641,-0.014930782071361,-0.032946261549366807
763.6390000000001,-0.0358611047891536,-0.0327872012870565,-0.044783934045076905
767.0339999999997,-0.039352342556166,-0.0373545776048864,-0.04729500447045166
770.4009999999998,-0.0448385733328998,-0.0414943403959565,-0.049303640573214555
773.7759999999998,-0.0470829404688363,-0.045224646990281,-0.05082515539780962
777.1570000000002,-0.051072926488279,-0.0485150955752834,-0.051849876409231645
780.5219999999999,-0.0543147901290763,-0.0513250291242882,-0.05237238050197771
783.8909999999996,-0.0590528985271645,-0.0536567393334499,-0.052402091179416084
787.2529999999997,-0.0627935104203921,-0.0554907938908341,-0.05194770132190648
790.6149999999998,-0.0627935104203921,-0.0568244911002466,-0.05102222122255779
793.9809999999998,-0.0655366258087589,-0.0576548480811994,-0.04964031500555529
797.3530000000001,-0.0655366258087589,-0.0579807922374036,-0.04781974405301288
800.7160000000003,-0.0695266118282017,-0.0578065244170573,-0.04559340740396355
804.0820000000003,-0.0675316188184803,-0.0571419200207995,-0.042982060564259114
819.4920000000002,-0.0625441362941769,-0.0483012827109872,-0.027056575346249438
822.8720000000003,-0.0610478915368859,-0.0452327666389435,-0.022920419197937445
826.232,-0.0570579055174431,-0.0418436855586172,-0.018667333833720847
829.6019999999999,-0.0548135383815066,-0.0381395286782743,-0.01430184637736582
832.9700000000003,-0.0503248041096335,-0.0341686955037748,-0.00988119904400485
836.3400000000001,-0.0468335663426211,-0.0299645623605611,-0.005442075683275135
839.6989999999996,-0.046584192216406,-0.0255835263011512,-0.001042793432786842
843.0559999999996,-0.0388535943037357,-0.0210550864968364,0.003288533607650721
846.4139999999998,-0.0341154859056474,-0.0164160130797013,0.007517082173185682
849.7709999999997,-0.0313723705172806,-0.0117101017190486,0.011603245818737172
853.1459999999997,-0.0281305068764834,-0.0069515788412791,0.015533580427287162
856.5029999999997,-0.0216467795948889,-0.0022319574349223,0.0192330904834084
869.8010000000004,-0.0039412166336118,0.0155698193814726,0.031276856643238454
873.1800000000003,-0.0004499788665994,0.0196843516229601,0.03355735301542196
876.5469999999996,0.0050362519101342,0.0235528798197121,0.03548008474216717
879.9170000000004,0.0047868777839191,0.0271640144950512,0.037043172339967276
883.2759999999998,0.0117693533179438,0.0304769878383729,0.03823316411864664
886.634,0.0142630945800955,0.0334794234422771,0.03905088143931883
890.0029999999997,0.0192505771043989,0.0361597975527141,0.03949639656226292
893.3729999999996,0.0239886855024872,0.0384906011910304,0.03956868117645405
896.7429999999995,0.0257343043859934,0.040456451052727,0.039273264415515444
900.1090000000004,0.0279786715219299,0.0420444932538708,0.0386201555263171
903.4740000000002,0.0299736645316513,0.0432492000643898,0.037621714164426584
906.8360000000002,0.0319686575413726,0.0440661544348012,0.03629424529020777
921.8320000000004,0.0317192834151575,0.0430508261981465,0.026881399022657425
925.2169999999996,0.0317192834151575,0.0418147279428151,0.024110828354406956
928.58,0.030971161036512,0.0402483564235146,0.021182237373760907
931.946,0.0284774197743603,0.0383615129275402,0.018105463674151574
935.312,0.0282280456481451,0.0361764465676744,0.014913962093819734
938.6710000000004,0.0262330526384237,0.0337217624730932,0.011646055640863457
942.036,0.0249861820073479,0.0310132333510231,0.008320742251434076
945.406,0.0177543323471079,0.0280774241003596,0.00497041251732695
948.7759999999998,0.0167568358422472,0.0249467186344663,0.0016313498234668267
952.156,0.0140137204538804,0.0216408876093464,-0.0016754050044276284
955.5209999999996,0.012018727444159,0.018215463181143,-0.004895678506167547
958.889,0.0070312449198556,0.0146841953119175,-0.008018478098787519
969.3289999999996,-0.0046893390122573,0.0034277679004778,-0.016776663533532316
972.6909999999998,-0.0096768215365607,-0.000187201019809,-0.019218619995831503
976.0569999999998,-0.0111730662938518,-0.0037492803697272,-0.021444264578031634
979.4170000000004,-0.01591117469194,-0.0072185415841397,-0.02343042442385138
982.7879999999996,-0.0176567935754462,-0.0105839968866215,-0.025172255459812422
986.161,-0.0241405208570406,-0.0138089788487007,-0.026651814242795897
989.527,-0.027631758624053,-0.0168598717976616,-0.02785655528994598
992.8959999999996,-0.0296267516337744,-0.0197225291096488,-0.028784032326292147
996.2560000000004,-0.0333673635270019,-0.0223658515122457,-0.02942787976098628
999.6170000000002,-0.0373573495464447,-0.0247792088066271,-0.029789874535033203
1002.9830000000002,-0.0401004649348115,-0.0269478277512073,-0.02987117375208797
1006.352,-0.0453373215853301,-0.0288548394405438,-0.029674788759212166
1009.715,-0.0450879474591149,-0.0304833039412695,-0.029208160065290895
1013.0959999999995,-0.0488285593523425,-0.0318336243111748,-0.02847552031343237
1030.5969999999998,-0.0493273076047728,-0.034056649632561,-0.020975921102445023
1033.9849999999997,-0.0493273076047728,-0.0335707635662811,-0.018934532632298297
1037.352,-0.0500754299834184,-0.0328079136248869,-0.01676493759515322
1040.7160000000003,-0.0483298110999122,-0.0317778126197072,-0.01447950664899582
1044.08,-0.0473323145950515,-0.030492792662541,-0.012099467105346417
1047.4480000000003,-0.0463348180901908,-0.0289657668383628,-0.009645451595098796
1050.812,-0.0470829404688363,-0.0272170597189486,-0.007147145667733349
1054.1800000000003,-0.0433423285756088,-0.0252608885804459,-0.0046225309559912225
1057.5479999999998,-0.0405992131872419,-0.0231190687008359,-0.0020983081709304604
1060.9179999999997,-0.034863608284293,-0.0208113314292186,0.00040365217164414524
1064.281,-0.034863608284293,-0.0183663816791127,0.002854046448044913
1075.397,-0.0248886432356861,-0.0095693532501385,0.010356976574428623
1078.777,-0.0218961537211041,-0.0067689595368558,0.01238244855632475
1082.1890000000003,-0.0184049159540917,-0.0039269106353365,0.014274807661610657
1085.5519999999997,-0.0149136781870793,-0.0011352002807415,0.015975393698253057
1088.9219999999996,-0.0111730662938518,0.0016290061814127,0.017502590170011722
1092.2690000000002,-0.0064349578957635,0.0043185202462818,0.018833088245585917
1095.6310000000003,-0.0074324544006242,0.0069420137597346,0.019973563997850677
1099.0240000000003,0.0007968917644763,0.0094889158865659,0.02091814199588141
1102.3900000000003,0.0037893812790584,0.0118953657753131,0.0216451071942874
1105.7650000000003,0.0035400071528432,0.0141692344676681,0.022160750571333335
1109.139,0.0080287414247163,0.0162859612292402,0.02246165651345615
1112.504,0.012018727444159,0.0182255650005375,0.02254893935273347
1115.8810000000003,0.0107718568130832,0.0199859139120308,0.022425704053578802
1129.5370000000005,0.0187518288519686,0.024981174629948,0.019899462574170784
1132.9390000000003,0.0214949442403355,0.0256582497913809,0.018811196405267367
1136.3019999999997,0.0217443183665507,0.026097515642005,0.017579332564955828
1139.661,0.0199986994830445,0.0263077104228197,0.01620806618388762
1143.0330000000004,0.0199986994830445,0.026290709704311,0.014705021397662063
1146.397,0.0197493253568293,0.0260497546749199,0.013095293055455778
1149.7749999999996,0.0190012029781838,0.0255882055108753,0.01138493561779658
1153.1490000000003,0.0187518288519686,0.0249148798281382,0.009600113287920894
1156.5150000000003,0.0175049582208928,0.0240407092717958,0.007761156893258544
1159.8739999999998,0.0122681015703742,0.0229773158179394,0.005885842270874953
1163.2330000000002,0.01351497220145,0.0217350473823141,0.003988339041655864
1166.6009999999997,0.012018727444159,0.0203232176660288,0.0020813994511602483
1169.9660000000003,0.0100237344344376,0.018760992790341,0.00018947642822466658
1182.9309999999996,0.0007968917644763,0.0116213658035086,-0.006669098892991607
1186.3069999999998,-0.0051880872646877,0.0095536223222631,-0.008268912438213009
1189.67,-0.0049387131384725,0.0074440001862687,-0.009758919047243709
1193.036,-0.0104249439152062,0.0053014656179098,-0.011134657035320537
1196.406,-0.0121705627987124,0.0031440730611045,-0.012385419042700447
1199.777,-0.0149136781870793,0.0009923536948858,-0.013500391596527505
1203.156,-0.0171580453230158,-0.0011397466825209,-0.014473308492249487
1206.5209999999995,-0.0194024124589524,-0.0032206170142585,-0.015291700198705417
1209.889,-0.0236417726046103,-0.0052438368226589,-0.015955430300410807
1213.2519999999995,-0.024639269109471,-0.0071883396753496,-0.01645958824916353
1216.6149999999998,-0.029128003381344,-0.0090417822608496,-0.016803330420075993
1219.9799999999996,-0.0308736222648502,-0.0107907865997747,-0.016986285371439633
1223.37,-0.0326192411483564,-0.0124325689649561,-0.017008839021369765
1236.634,-0.0386042201775205,-0.0174821955767517,-0.015605237916846263
1240.0259999999998,-0.0405992131872419,-0.018379032795073,-0.014893786885613516
1243.389,-0.0405992131872419,-0.0190973502084582,-0.014062531451868256
1246.768,-0.0420954579445329,-0.0196442038585761,-0.013110997624255341
1250.1400000000003,-0.0413473355658874,-0.0200131878695677,-0.012055999077243367
1253.4970000000003,-0.0430929544493936,-0.0202047133813791,-0.010912566012811535
1256.8590000000004,-0.0403498390610267,-0.020221773744582,-0.00968644440460055
1260.2089999999998,-0.0383548460513053,-0.0200673483424911,-0.008396682646208615
1263.5779999999995,-0.0401004649348115,-0.0197434383050604,-0.007044241611172134
1266.942,-0.0381054719250902,-0.0192566448778016,-0.005651816898459527
1270.3059999999996,-0.0381054719250902,-0.0186132657679841,-0.004231005717522056
1273.665,-0.0333673635270019,-0.0178224704496655,-0.0027975430097991667
1277.0370000000005,-0.0328686152745716,-0.0168885506311663,-0.0013572378585578826
1292.1539999999995,-0.0208986572162434,-0.0112673531678706,0.004769815379788445
1295.5500000000002,-0.0206492830900282,-0.009756326043319,0.0059996275548684416
1298.9229999999998,-0.0179061677016614,-0.0081948428669804,0.007144303039322509
1302.2690000000002,-0.0186542900803069,-0.0066002271929376,0.008194988008999083
1305.6310000000003,-0.0126693110511428,-0.0049665088088076,0.009157350529772255
1309.0010000000002,-0.0119211886724973,-0.0033116645636505,0.010020806591734086
1315.7429999999997,-0.0064349578957635,-6.655429357027e-06,0.01142017952144477
1319.1090000000004,-0.0029437201287511,0.001612497032568,0.011945935431968561
1322.4920000000002,-0.0011981012452449,0.0032008767482404,0.012354080089855874
1325.8869999999995,0.0025425106479825,0.0047424898689294,0.012640715628762657
1329.2479999999996,0.0025425106479825,0.0062046363585614,0.012802587548915407
1341.9009999999998,0.0095249861820073,0.0109499863713004,0.012347190320607009
1345.303,0.0100237344344376,0.011977690214795,0.011952278121765395
1348.661,0.0107718568130832,0.012874138810599,0.011458514378377856
1352.0330000000004,0.0122681015703742,0.0136505094445661,0.010865137177961934
1355.397,0.0112706050655135,0.0142966979905761,0.010182891998142912
1358.7929999999997,0.0132655980752349,0.0148154114046928,0.009410678129489427
1362.169,0.0130162239490197,0.0151956115025419,0.008568465297104533
1365.5190000000002,0.012018727444159,0.0154382109010055,0.007668257642357586
1368.8850000000002,0.0112706050655135,0.0155468554392416,0.006708494422859962
1372.25,0.0102731085606528,0.0155212458919794,0.005703447092542201
1375.6139999999996,0.0125174756965893,0.0153637806389964,0.004663210626271791
1378.9799999999996,0.0100237344344376,0.0150776308657136,0.0035970594705289284
1382.3509999999997,0.0080287414247163,0.0146665692537364,0.0025142735685550186
1396.6849999999995,0.0005475176382612,0.0116710975725307,-0.0020219068342433007
1400.0550000000003,0.0005475176382612,0.0107156457712576,-0.0030193339524543367
1403.4179999999997,-0.0039412166336118,0.0096854915382223,-0.003969812627708571
1406.7830000000004,-0.0074324544006242,0.0085880140509191,-0.004867970829735163
1410.156,-0.0079312026530545,0.0074313832007268,-0.00570775345172594
1413.5209999999995,-0.0096768215365607,0.0062318088496557,-0.006478457110359768
1416.8859999999995,-0.0131680593035731,0.0049975374914567,-0.007176175678228962
1420.25,-0.0169086711968007,0.003740000268991,-0.007795540682207764
1423.6319999999996,-0.0181555418278765,0.0024631018884885,-0.008335032477449884
1427.0109999999995,-0.0208986572162434,0.0011858397537322,-0.00878716007599898
1430.4039999999995,-0.0184049159540917,-8.713084847365992e-05,-0.009151032205197569
1433.7780000000002,-0.0273823844978378,-0.0013326925549913,-0.009421469247126578
1446.2029999999995,-0.0283798810026985,-0.0055806898907436,-0.00962550761627711
1449.5929999999998,-0.0313723705172806,-0.0066059911694565,-0.009469622737616125
1452.946,-0.0346142341580778,-0.0075483017118877,-0.009230770523399491
1456.3140000000003,-0.0321204928959261,-0.0084159759084727,-0.008909744453838055
1459.6710000000005,-0.0336167376532171,-0.0091960266046762,-0.008513205238458641
1463.045,-0.0336167376532171,-0.0098893565687809,-0.00804263828194759
1466.4080000000004,-0.0351129824105081,-0.0104854632584436,-0.007507319028930662
1469.768,-0.0368586012940143,-0.0109827382337358,-0.006912450583774016
1473.1400000000003,-0.0333673635270019,-0.0113802686246507,-0.0062616807114168485
1476.4970000000003,-0.034863608284293,-0.0116731862337374,-0.005567183360067709
1479.8580000000002,-0.0333673635270019,-0.0118627375725438,-0.004832458198022377
1483.197,-0.0341154859056474,-0.0119482671805397,-0.004070853730641145
1486.567,-0.0311229963910654,-0.0119315768698944,-0.003277756916632186
1502.134,-0.0251380173619013,-0.0105823202630285,0.0004825326221582124
1505.5060000000003,-0.0233923984783951,-0.0100391490018794,0.0012708739351211054
1508.8670000000002,-0.0216467795948889,-0.0094205469868165,0.0020314994079704152
1512.228,-0.0241405208570406,-0.0087313185351284,0.002760435526737067
1515.594,-0.01591117469194,-0.007977245064938,0.003452504594912524
1518.96,-0.0154124264395097,-0.0071667145413553,0.0041008513027872995
1522.304,-0.0146643040608641,-0.0063132646658028,0.004696483967035862
1525.6639999999998,-0.0129186851773579,-0.0054153327443599,0.005241638864623662
1529.0370000000005,-0.0096768215365607,-0.0044814956952385,0.005731008279686854
1532.4349999999995,-0.0074324544006242,-0.0035164856839421,0.006161762347820379
1535.812,-0.005686835517118,-0.0025419692180856,0.00652502248400851
1539.1769999999997,-0.0064349578957635,-0.0015641413637168,0.006820442994568493
1550.9679999999998,-0.0011981012452449,0.0017947691709208,0.007314237254030551
1554.3369999999995,0.0010462658906915,0.0027021554539194,0.007300084732376958
1557.7020000000002,0.0027918847741977,0.0035714876179276,0.007218740382409934
1561.0689999999995,0.0030412589004129,0.0043974953429947,0.00707202004225597
1564.428,0.0055350001625646,0.0051714954436689,0.006862995576330728
1567.7929999999997,0.0060337484149949,0.0058909266669593,0.006593853948873773
1571.17,0.0067818707936404,0.0065513188415368,0.006267163229963099
1574.5199999999995,0.0062831225412101,0.0071408101347617,0.005891018672258292
1577.8869999999995,0.0067818707936404,0.0076634076477783,0.0054650889340293355
1581.2510000000002,0.0057843742887797,0.0081121994551512,0.004996347950127832
1584.6139999999996,0.0070312449198556,0.0084848858574155,0.004489655618973416
1587.9759999999997,0.0062831225412101,0.0087795283166141,0.003950366872688108
1591.348,0.0065324966674253,0.0089954594684502,0.003382146193343503
1606.33,0.001794388269337,0.0089903771817241,0.0006771780589710581
1609.696,-0.0006993529928146,0.0087798029966921,6.306678022114505e-05
1613.0730000000003,-0.0066843320219787,0.0084965383213899,-0.000543088757341968
1616.424,-0.0039412166336118,0.0081476551227174,-0.00112932968179473
1619.79,-0.0081805767792697,0.0077332439959331,-0.0016977381505417692
1623.1639999999998,-0.0061855837695483,0.0072580439866066,-0.0022420067445361167
1626.5299999999995,-0.0099261956627759,0.0067292778300069,-0.002754962403690682
1629.8919999999998,-0.0101755697889911,0.0061519513235816,-0.003233153451852269
1633.295,-0.0141655558084338,0.0055233198629428,-0.003678502519359264
1636.6530000000002,-0.01591117469194,0.0048653473795955,-0.004076387915286101
1640.0249999999996,-0.0186542900803069,0.0041732274654432,-0.004431383884107837
1643.3909999999996,-0.0216467795948889,0.003457333024597,-0.0047387105193464115
1658.1099999999997,-0.0231430243521799,0.0001960076327052,-0.005489999923284851
1661.478,-0.026135513866762,-0.0005431575745277,-0.005522205623904425
1664.8580000000002,-0.0286292551289137,-0.0012688600144468,-0.005502616940294744
1668.2089999999998,-0.0271330103716227,-0.0019665256290476,-0.005432918083228075
1671.5779999999995,-0.0271330103716227,-0.0026404099134697,-0.00531388744702256
1674.9409999999998,-0.0298761257599895,-0.0032802583551081,-0.005148043044298508
1678.3050000000003,-0.0268836362454075,-0.0038825258288671,-0.0049374785492482635
1681.6639999999998,-0.0326192411483564,-0.0044416671742993,-0.004685347434198862
1685.035,-0.0296267516337744,-0.0049562488637734,-0.00439329755554969
1688.406,-0.0293773775075592,-0.0054205105399595,-0.004065531531129981
1691.7759999999998,-0.0286292551289137,-0.0058311411611803,-0.003705808907689111
1695.156,-0.0271330103716227,-0.0061865639649011,-0.0033167283462511668
1708.5379999999996,-0.0273823844978378,-0.0070041948053353,-0.0015802732384389954
1711.906,-0.0253873914881165,-0.0070575806429474,-0.0011154864516790552
1715.2740000000003,-0.0241405208570406,-0.0070498744827486,-0.0006483253335672139
1718.6350000000002,-0.0221455278473193,-0.0069822837152698,-0.0001841137495787633
1722.0109999999995,-0.0203999089638131,-0.0068556583424816,0.0002758994159656755
1725.3769999999995,-0.0186542900803069,-0.0066727857645781,0.000724154562220543
1728.7510000000002,-0.0171580453230158,-0.0064351801005347,0.0011590724696472956
1732.1369999999995,-0.0156618005657248,-0.0061449669070836,0.0015772284087520103
1735.536,-0.0121705627987124,-0.0058048126464693,0.001974927780915056
1738.8919999999998,-0.01591117469194,-0.005424592098484,0.0023426250004119566
1742.2519999999995,-0.0064349578957635,-0.0050036760305194,0.0026829296788292963
1745.6139999999996,-0.0101755697889911,-0.0045464054771503,0.002992904676184464
1748.977,-0.0114224404200669,-0.0040573152383365,0.0032700800033528864
1762.581,-0.0009487271190298,-0.0018533264036037,0.004020221888553977
1765.947,0.0007968917644763,-0.0012773549532962,0.004108502488009393
1769.34,-0.0002006047403843,-0.000694707261949,0.004157546281324891
1772.6980000000003,0.001794388269337,-0.0001210102761038,0.004166823070516369
1776.0550000000003,0.0035400071528432,0.0004447522104563,0.0041376380498421616
1779.4179999999997,0.0025425106479825,0.0009990455860507,0.004070771011658392
1782.7830000000004,0.0025425106479825,0.0015366359792558,0.00396742753853717
1786.156,0.0030412589004129,0.0020540670096284,0.003828844327154253
1789.5209999999995,0.000298143512046,0.0025448037965433,0.003657554613735371
1792.8859999999995,0.0022931365217674,0.0030063080155783,0.003455415663206069
1796.2489999999998,0.0020437623955522,0.0034348500210655,0.003224965896487262
1799.612,0.001794388269337,0.0038275659625973,0.002968704704117501
1802.978,4.8769385830868286e-05,0.0041819599011274,0.002689177667535474
1814.5730000000003,0.000298143512046,0.0050761559849882,0.0015922546174221156
1817.978,-0.0011981012452449,0.0052362455033381,0.0012438757393701183
1821.348,-0.0039412166336118,0.0053472423514666,0.00089341460107926
1824.711,-0.0021955977501056,0.0054107295943367,0.0005414057943665391
1828.079,-0.0049387131384725,0.0054271610634439,0.00018989196989806199
1831.4390000000003,-0.0089286991579152,0.0053971185574799,-0.0001565527655855803
1834.812,-0.0076818285268394,0.0053212851209512,-0.0004969421190220897
1838.211,-0.0096768215365607,0.005199946513843,-0.0008293893179712662
1841.579,-0.0104249439152062,0.005036957783363,-0.0011454499204861127
1844.945,-0.0124199369249276,0.0048335922949107,-0.0014453391532971726
1848.306,-0.0134174334297883,0.0045925077961259,-0.0017263478700629033
1851.664,-0.0171580453230158,0.0043163266040993,-0.001986437032511298
1855.0370000000005,-0.014414929934649,0.0040062892523235,-0.0022248330542978608
1868.3900000000003,-0.0216467795948889,0.0025223109941145,-0.002912124777693891
1871.751,-0.0184049159540917,0.0021018378287225,-0.0030149584758068413
1875.126,-0.0236417726046103,0.0016681234463492,-0.00308850649666204
1878.498,-0.0184049159540917,0.001227181293748,-0.0031320806188335154
1881.862,-0.0243898949832558,0.000783578321619,-0.0031458693418791803
1885.222,-0.0243898949832558,0.000340637788751,-0.0031304258897372787
1888.5910000000003,-0.0256367656143316,-9.957107795157584e-05,-0.0030862688405578122
1891.941,-0.0271330103716227,-0.0005297471325691,-0.003014782040988063
1895.304,-0.0248886432356861,-0.0009504685528187,-0.0029164885924840454
1898.66,-0.0256367656143316,-0.0013558096860454,-0.002793255513311795
1902.035,-0.0258861397405468,-0.0017455823415909,-0.002645570223489837
1905.398,-0.0251380173619013,-0.0021131100882808,-0.0024764804597437987
1908.775,-0.0253873914881165,-0.0024583812671717,-0.0022866096340449127
1924.116,-0.0228936502259648,-0.0036622076215821,-0.0012315965649108494
1927.505,-0.0211480313424586,-0.0038365308706038,-0.0009705702632893269
1930.885,-0.0186542900803069,-0.0039746660646032,-0.000705652415320422
1934.276,-0.0196517865851676,-0.0040767569799305,-0.000437835410522486
1937.633,-0.0186542900803069,-0.0041415067661104,-0.00017319117380438796
1941.045,-0.0154124264395097,-0.0041702950643818,9.27863683464982e-05
1944.409,-0.0156618005657248,-0.0041624581746698,0.00034966242335947426
1947.769,-0.014414929934649,-0.0041193505838864,0.0005986349657337814
1951.139,-0.0106743180414214,-0.0040416107869163,0.0008385456323098866
1954.496,-0.0106743180414214,-0.0039310020258052,0.0010657325468603693
1957.858,-0.0099261956627759,-0.0037885012218046,0.0012795610535982133
1961.208,-0.0081805767792697,-0.0036166158391013,0.0014772676081976576
1973.925,-0.0051880872646877,-0.0027285143819748,0.0020632253495627066
1977.278,-0.0044399648860422,-0.0024431630162641,0.002169237901640818
1980.6359999999995,-0.004190590759827,-0.0021410392336627,0.0022536664854597654
1984.032,-0.0024449718763208,-0.0018217320330959,0.0023165083402404488
1987.423,-0.0019462236238904,-0.0014920514884624,0.0023564402251635276
1990.79,-0.0029437201287511,-0.0011569674717388,0.002373547603972259
1994.161,-0.0019462236238904,-0.0008167541455244,0.002368399813672269
1997.527,4.8769385830868286e-05,-0.000475296068715,0.0023414481797493342
2000.891,-0.0006993529928146,-0.0001352320568927,0.0022933575658084897
2004.254,-0.0004499788665994,0.0002006625967908,0.0022249465288255686
2007.6130000000005,-0.0009487271190298,0.0005293055209921,0.002137297315472943
2010.9790000000005,0.000298143512046,0.0008490658091672,0.00203123747349278
2014.351,-0.0006993529928146,0.0011572061108839,0.0019079879561880754
2028.505,-0.0046893390122573,0.0022654161798149,0.0012393702193577699
2031.869,-0.0034424683811815,0.0024741930201689,0.0010536248186860198
2035.2340000000004,-0.0069337061481939,0.0026587352180573,0.0008612690523239139
2038.612,-0.0054374613909028,0.0028183410069188,0.0006634774355837734
2041.993,-0.0111730662938518,0.0029513806312026,0.00046272394755154803
2045.373,-0.0081805767792697,0.0030569411499574,0.00026116122525577984
2048.7429999999995,-0.0114224404200669,0.0031343931206734,6.121288134712799e-05
2052.108,-0.0106743180414214,0.003183801784055,-0.00013559325246762107
2055.474,-0.0126693110511428,0.0032053124846407,-0.0003278425423605615
2058.834,-0.0131680593035731,0.0031991872368017,-0.000513453677376999
2062.199,-0.0134174334297883,0.0031658948814813,-0.0006914301661426667
2065.552,-0.0139161816822186,0.003106384566845,-0.0008593997783852099
2077.8540000000003,-0.0151630523132945,0.0026796694180444,-0.0013745289037376406
2081.19,-0.0191530383327372,0.0025134195222516,-0.0014820976301660681
2084.556,-0.0194024124589524,0.0023269011531414,-0.0015751516022160378
2087.973,-0.0206492830900282,0.0021201970978961,-0.0016531008374680639
2091.343,-0.0199011607113827,0.0019012325160864,-0.001713240772923142
2094.7029999999995,-0.0216467795948889,0.0016700859643773,-0.0017563817917754395
2098.072,-0.0226442760997496,0.0014276300163377,-0.0017826639066744043
2101.427,-0.0233923984783951,0.0011777611415759,-0.001791992332169628
2104.794,-0.0216467795948889,0.0009208145166786,-0.0017846565905290323
2108.161,-0.0236417726046103,0.0006599583871654,-0.001760946880383784
2111.527,-0.0223949019735344,0.0003975571918606,-0.0017213762497418127
2114.894,-0.0203999089638131,0.0001357196361211,-0.0016665582425192448
2118.2560000000003,-0.0228936502259648,-0.0001228701931209,-0.001597382665076663
2131.586,-0.0223949019735344,-0.0010790109556614,-0.0011999249634958684
2134.943,-0.0226442760997496,-0.001292885587521,-0.0010743810098940156
2138.306,-0.0238911467308255,-0.0014928561147376,-0.00094085754373242
2141.67,-0.0201505348375979,-0.0016770975864078,-0.0008008928311313662
2145.063,-0.0186542900803069,-0.0018455839500549,-0.0006546591704963039
2148.428,-0.0176567935754462,-0.0019943079022271,-0.0005060452711478005
2151.794,-0.0151630523132945,-0.0021237816417804,-0.000355251484369095
2155.17,-0.0119211886724973,-0.0022334446412351,-0.00020330155510678776
2158.536,-0.0131680593035731,-0.0023220220172716,-5.2510991753922574e-05
2161.892,-0.0131680593035731,-0.0023892632043872,9.575148488704502e-05
2165.2519999999995,-0.0136668075560035,-0.0024352565650466,0.00024077930649140343
2168.615,-0.0116718145462821,-0.0024598581704297,0.00038124003458819394
2171.98,-0.0104249439152062,-0.0024631327800396,0.0005158651715344185
2183.1269999999995,-0.0036918425073966,-0.0023265507054315,0.0009057260620656247
2186.494,-0.0074324544006242,-0.0022433010884005,0.0010029199061458828
2189.865,-0.0066843320219787,-0.0021420545031442,0.0010892765491208414
2193.228,-0.0044399648860422,-0.0020243395322451,0.0011638981532668844
2196.598,-0.0049387131384725,-0.0018909028965061,0.0012266287329641859
2199.96,-0.0031930942549663,-0.0017437177121835,0.0012768215671849655
2203.304,-0.0036918425073966,-0.0015848392911457,0.0013142212669221213
2206.66,-0.0044399648860422,-0.0014144162977322,0.0013390668582551047
2210.034,0.0005475176382612,-0.001233624213269,0.0013512206739350657
2213.398,-0.0021955977501056,-0.0010456130989269,0.0013506429055474237
2216.775,-0.002694346002536,-0.0008508217508833,0.0013375361816721925
2220.1490000000003,-0.0036918425073966,-0.0006519069631209,0.0013122430380011734
2223.516,-0.0031930942549663,-0.0004508883225863,0.0012752895931712209
2235.8540000000003,-0.0051880872646877,0.0002791605337799,0.0010496074288082263
2239.223,-0.0046893390122573,0.000469319819972,0.0009666146422198424
2242.608,-0.0084299509054849,0.0006533953792583,0.0008756475094972888
2245.9750000000004,-0.0074324544006242,0.0008280815155643,0.0007785959001446711
2249.376,-0.0064349578957635,0.0009946263513236,0.0006749438193407735
2252.7470000000003,-0.0074324544006242,0.0011486078511498,0.0005676862471202319
2256.1179999999995,-0.0084299509054849,0.0012903932908547,0.00045700290674942926
2259.483,-0.0124199369249276,0.0014187408387657,0.0003441807121688876
2262.8450000000003,-0.0086793250317,0.0015329268777952,0.0002302089843684367
2266.211,-0.0116718145462821,0.001632424843554,0.0001159244057447858
2269.5779999999995,-0.0096768215365607,0.0017164921988849,2.487573513781614e-06
2272.941,-0.0134174334297883,0.0017845459876765,-0.00010890291304008823
2276.306,-0.0126693110511428,0.0018363860234283,-0.00021745124007918796
2288.125,-0.0164099229443703,0.0018881290056501,-0.0005622801701837943
2291.499,-0.0164099229443703,0.0018661991603705,-0.0006468919087564665
2294.869,-0.0186542900803069,0.0018286669519298,-0.0007239626719036943
2298.273,-0.0206492830900282,0.0017754719498471,-0.0007936642770598233
2301.635,-0.0176567935754462,0.0017085401444006,-0.0008539652555588544
2305.003,-0.0171580453230158,0.0016279414168723,-0.0009054492291720509
2308.3769999999995,-0.0203999089638131,0.0015345025851052,-0.0009477440980453226
2311.7470000000003,-0.0211480313424586,0.0014294830961737,-0.0009804833298358443
2315.1220000000003,-0.0199011607113827,0.0013136783155552,-0.0010036089570640257
2318.494,-0.0233923984783951,0.0011885078129739,-0.0010170084991869457
2321.857,-0.0213974054686737,0.0010554563284836,-0.0010207513682279565
2325.195,-0.0226442760997496,0.0009165238400741,-0.001015092838975112
2328.552,-0.0203999089638131,0.0007711837850875,-0.001000195923272796
2339.7960000000003,-0.0203999089638131,0.0002605719100766,-0.0008874484934870056
2343.199,-0.0203999089638131,0.0001040892139759,-0.0008360387412045846
2346.5779999999995,-0.0176567935754462,-4.978564610759079e-05,-0.0007780572027452936
2349.992,-0.0211480313424586,-0.0002024047229717,-0.0007131300436490559
2353.362,-0.0154124264395097,-0.0003489878415137,-0.0006434927550893309
2356.7340000000004,-0.0161605488181552,-0.0004904140873078,-0.0005690413421757578
2360.099,-0.0131680593035731,-0.0006251922526196,-0.0004907540815921431
2363.463,-0.0151630523132945,-0.0007525336795334,-0.00040929669604630254
2366.8279999999995,-0.0139161816822186,-0.0008715421140223,-0.00032542753291523916
2370.19,-0.0129186851773579,-0.0009811991613382,-0.00024006224759529331
2373.552,-0.0129186851773579,-0.0010808234847562,-0.0001539406783990869
2376.922,-0.0124199369249276,-0.0011699195526109,-6.766546613979842e-05
2380.269,-0.0139161816822186,-0.0012471513411045,1.718248168639623e-05
2391.3990000000003,-0.0091780732841304,-0.0014179542778478,0.00028381296211013954
2394.822,-0.007183080274409,-0.0014429066078355,0.00035827627776323823
2398.179,-0.0111730662938518,-0.001454638275495,0.0004267268970991181
2401.547,-0.0089286991579152,-0.0014538253168431,0.0004902881360706125
2404.916,-0.0069337061481939,-0.0014406035702088,0.0005482438137975691
2408.277,-0.0059362096433332,-0.0014153494507147,0.0006000182879513607
2411.6359999999995,-0.004190590759827,-0.0013784711495416,0.0006453570139029589
2415.012,-0.0046893390122573,-0.0013301784452921,0.0006841626005434662
2418.378,-0.0061855837695483,-0.0012714063865902,0.0007158609108678964
2421.746,-0.0029437201287511,-0.0012026489325793,0.0007404158644256736
2425.112,-0.002694346002536,-0.0011247270160663,0.0007576937444281325
2428.476,-0.0054374613909028,-0.001038462372784,0.0007676718900279043
2431.842,-0.0049387131384725,-0.0009446172863621,0.0007703945362983614
2445.342,-0.0049387131384725,-0.000511587860729,0.0007112808986365967
2448.722,-0.0089286991579152,-0.0003940286444373,0.0006802125913606387
2452.138,-0.007183080274409,-0.0002736209012111,0.0006429177659941623
2455.504,-0.0079312026530545,-0.000154455974329,0.0006008152961414617
2458.866,-0.005686835517118,-3.59450054844419e-05,0.0005539391841174017
2462.23,-0.0084299509054849,8.112184951589995e-05,0.0005027251833368077
2465.593,-0.0096768215365607,0.0001956661267332,0.00044776288749957105
2468.959,-0.007183080274409,0.0003068831077735,0.00038955571501405993
2472.3189999999995,-0.0104249439152062,0.0004135872393092,0.00032885389256972775
2475.678,-0.0119211886724973,0.0005151099077516,0.0002661783693282251
2479.0510000000004,-0.0119211886724973,0.00061108509054,0.00020185307665416825
2482.416,-0.0136668075560035,0.0007001451410014,0.0001369109532125601
2485.7740000000003,-0.0141655558084338,0.0007817064995389,7.194879747741816e-05
2499.299,-0.01591117469194,0.0010256140536853,-0.00017930948011758965
2502.6580000000004,-0.0184049159540917,0.0010632434531571,-0.00023634200912369568
2506.034,-0.0171580453230158,0.0010913812288434,-0.00029049152937070047
2509.396,-0.0218961537211041,0.0011096651356847,-0.0003408119290640386
2512.775,-0.0179061677016614,0.0011182442180933,-0.0003873556186003558
2516.1490000000003,-0.0194024124589524,0.0011170879112488,-0.0004294356474111352
2519.517,-0.0176567935754462,0.0011064031125997,-0.0004667464050640263
2522.873,-0.0179061677016614,0.0010865212876461,-0.000498995533775322
2526.235,-0.0191530383327372,0.0010576717408822,-0.0005261558393936772
2529.599,-0.0171580453230158,0.0010202398497727,-0.0005480141100555039
2532.969,-0.0199011607113827,0.0009746024432439,-0.0005644661415073731
2536.339,-0.0191530383327372,0.0009213342822075,-0.0005754089951937014
2539.7029999999995,-0.0181555418278765,0.0008611215212856,-0.0005808307688646184
2555.241,-0.018903664206522,0.0005106025690368,-0.0005370587376599339
2558.6130000000003,-0.0156618005657248,0.000423333934837,-0.0005137186856789233
2561.977,-0.0164099229443703,0.0003339994147601,-0.0004860852664793473
2565.348,-0.0161605488181552,0.0002430013142412,-0.0004543678917125531
2568.706,-0.0149136781870793,0.0001516785299901,-0.0004191255415021397
2572.074,-0.0164099229443703,6.019738986466932e-05,-0.0003805104426641988
2575.4300000000003,-0.0146643040608641,-3.0070985823229563e-05,-0.000339187796055959
2578.789,-0.014414929934649,-0.0001187796352441,-0.00029541346380828324
2582.1620000000003,-0.0131680593035731,-0.0002054728887244,-0.0002494729898765834
2585.527,-0.0124199369249276,-0.00028887723095,-0.00020211836552222825
2588.891,-0.0109236921676366,-0.0003685146504486,-0.00015372055557111885
2592.254,-0.0084299509054849,-0.0004437677262791,-0.0001047449918641384
2607.96,-0.0089286991579152,-0.000722017686635,0.00011846398633536315
2611.306,-0.0079312026530545,-0.0007630935817195,0.00016215082415327247
2614.663,-0.0084299509054849,-0.0007972096939053,0.00020374747849854268
2618.036,-0.0044399648860422,-0.0008241492568918,0.00024294213695700572
2621.4039999999995,-0.0086793250317,-0.0008435917250346,0.00027916041081514295
2624.777,-0.0061855837695483,-0.0008555431960301,0.00031222372688012253
2628.153,-0.0061855837695483,-0.0008599833808678,0.00034184900066540813
2631.5199999999995,-0.0059362096433332,-0.0008569939832337,0.0003677253528271814
2634.8859999999995,-0.0046893390122573,-0.0008467403098585,0.00038975391862713525
2638.249,-0.0081805767792697,-0.0008294401616185,0.00040779070643836364
2641.612,-0.0074324544006242,-0.0008053431890808,0.000421758490447386
2644.978,-0.007183080274409,-0.0007747288460149,0.0004316048162384071
2660.7340000000004,-0.0084299509054849,-0.0005569184295741,0.00042314626748024987
2664.102,-0.0074324544006242,-0.0004974662097411,0.00041022303725947825
2667.465,-0.0084299509054849,-0.0004347751724674,0.000393752947292247
2670.831,-0.0119211886724973,-0.0003692852314512,0.00037391317352724316
2674.188,-0.0119211886724973,-0.0003018348580132,0.00035102280149165065
2677.5550000000003,-0.0114224404200669,-0.0002326501491701,0.00032521574349291216
2680.922,-0.0111730662938518,-0.0001625432399948,0.00029684302190275666
2684.268,-0.0096768215365607,-9.256555469908502e-05,0.0002664081870143074
2687.6269999999995,-0.0126693110511428,-2.260715335900711e-05,0.00023392870494873063
2690.9970000000003,-0.0126693110511428,4.669462302125847e-05,0.00019973658622599402
2694.364,-0.0121705627987124,0.0001144714098739,0.00016431141747787735
2697.7340000000004,-0.0169086711968007,0.0001802869309676,0.00012793983286395002
2712.2160000000003,-0.0151630523132945,0.0004280223077549,-3.0402577954066842e-05
2715.5959999999995,-0.01591117469194,0.0004751794414515,-6.592937493187068e-05
2718.96,-0.0136668075560035,0.0005173334925554,-0.00010007353221773015
2722.304,-0.017407419449231,0.0005542274842095,-0.00013252216696917502
2725.66,-0.0179061677016614,0.0005859960477224,-0.00016331815121278017
2729.034,-0.0201505348375979,0.0006124351030137,-0.00019223794329398293
2732.398,-0.0186542900803069,0.0006331650746719,-0.00021880254502296397
2735.775,-0.0191530383327372,0.0006482291708792,-0.00024298241332022845
2739.1490000000003,-0.0129186851773579,0.0006574900628573,-0.0002644703218231203
2742.516,-0.017407419449231,0.0006609721905592,-0.00028309940284324106
2745.8720000000003,-0.0176567935754462,0.0006587758805014,-0.00029874649196333364
2749.2340000000004,-0.0186542900803069,0.0006510084217861,-0.0003114029114706467
2764.79,-0.0169086711968007,0.0005479972170961,-0.00032952776088262045
2768.2119999999995,-0.0154124264395097,0.0005122337607912,-0.00032470020867325346
2771.579,-0.0151630523132945,0.0004731813308401,-0.00031700553431571936
2774.946,-0.0164099229443703,0.0004306906344544,-0.00030651159893646394
2778.306,-0.0136668075560035,0.0003852746345701,-0.0002933932305835566
2781.664,-0.0146643040608641,0.0003373098575974,-0.0002778073103637661
2785.036,-0.0134174334297883,0.0002870041326382,-0.0002598532652437765
2788.406,-0.0131680593035731,0.0002350472474048,-0.00023980947118468283
2791.777,-0.0099261956627759,0.0001818641304895,-0.0002178807301641264
2795.156,-0.0101755697889911,0.000127815130673,-0.00019425034893627094
2798.521,-0.0111730662938518,7.372614997395974e-05,-0.0001693228311370451
2801.889,-0.0089286991579152,1.979176748009002e-05,-0.0001432337953594138
2817.311,-0.007183080274409,-0.000212131667037,-1.6578642242556967e-05
2820.672,-0.0101755697889911,-0.0002568915124032,1.0985753385525976e-05
2824.0370000000003,-0.0081805767792697,-0.0002988278203245,3.801044907695025e-05
2827.406,-0.0081805767792697,-0.0003376165050246,6.425321119751807e-05
2830.776,-0.0091780732841304,-0.00037293363299,8.94598507776846e-05
2834.155,-0.0064349578957635,-0.0004045979895654,0.00011346893518081349
2837.521,-0.0079312026530545,-0.0004321974504143,0.00013592615607827305
2840.888,-0.0074324544006242,-0.0004556925889435,0.0001567497610601208
2844.249999999999,-0.0081805767792697,-0.000474911932494,0.0001757415386721915
2847.6140000000005,-0.0086793250317,-0.0004898025023011,0.0001927988529776515
2850.977,-0.007183080274409,-0.0005002889414835,0.0002077815303641988
2854.3470000000007,-0.0089286991579152,-0.00050636259462,0.00022061640515303618
2869.574,-0.0086793250317,-0.0004797863724189,0.0002497407110296447
2872.942,-0.0091780732841304,-0.0004626575902852,0.00024967956623167585
2876.3049999999994,-0.0101755697889911,-0.0004418746384895,0.00024731499213755164
2879.664,-0.0109236921676366,-0.0004176790967221,0.00024271650558196095
2883.0350000000008,-0.0091780732841304,-0.0003902034406993,0.00023593519505784495
2886.406,-0.0116718145462821,-0.0003598123937422,0.00022708349624089
2889.7760000000007,-0.0104249439152062,-0.0003268209641232,0.00021628233957129923
2893.156,-0.0146643040608641,-0.0002914350150168,0.0002036228079907672
2896.521,-0.0109236921676366,-0.0002542581081287,0.00018935053881935173
2899.8900000000003,-0.0146643040608641,-0.0002154379165193,0.00017355393039658753
2903.253,-0.0116718145462821,-0.0001754461161137,0.0001564525856825329
2906.6140000000005,-0.0141655558084338,-0.0001345989314001,0.0001382112801181512
2921.663,-0.0131680593035731,4.957826046781516e-05,4.751350842211924e-05
2925.038,-0.01591117469194,8.909752636188107e-05,2.6322441565252834e-05
2928.4039999999995,-0.0151630523132945,0.0001271442490476,5.305695324565148e-06
2931.778,-0.0166592970705855,0.0001636060496467,-1.5449743744925243e-05
2935.153,-0.0161605488181552,0.000198114004333,-3.5712272079001296e-05
2938.521,-0.0201505348375979,0.0002303269352974,-5.52562191860171e-05
2941.887,-0.0169086711968007,0.0002600607099341,-7.394413202112164e-05
2945.249999999999,-0.0164099229443703,0.0002870964417364,-9.161431436208107e-05
2948.6130000000003,-0.0171580453230158,0.0003112725578154,-0.00010813792497633897
2951.978,-0.0176567935754462,0.0003324387630286,-0.0001233907926688594
2955.347999999999,-0.0169086711968007,0.000350470196623,-0.00013726325229472509
2958.711,-0.0139161816822186,0.0003652004947483,-0.0001496031350374014
2975.068,-0.0151630523132945,0.0003888224846957,-0.00018583835428516036
2978.44,-0.014414929934649,0.0003838583327563,-0.00018813561802131102
2981.812000000001,-0.0156618005657248,0.0003756847231136,-0.00018864909357123086
2985.178999999999,-0.0146643040608641,0.0003644399494622,-0.00018740767400230926
2988.547,-0.0129186851773579,0.0003502529387309,-0.0001844537398198602
2991.9170000000004,-0.0126693110511428,0.0003332820705073,-0.00017984078055825325
2995.276999999999,-0.0136668075560035,0.0003137843940659,-0.00017366178588117446
2998.637,-0.0136668075560035,0.0002919187621847,-0.00016598927457813414
3002.013,-0.0111730662938518,0.000267788246464,-0.00015687298928487061
3005.379,-0.0116718145462821,0.0002418116868874,-0.0001464875315348832
3008.7470000000003,-0.0109236921676366,0.0002141548179199,-0.0001349188012123699
3023.3100000000004,-0.0111730662938518,8.188890212026026e-05,-7.45675197365947e-05
3026.672,-0.0086793250317,4.9973708222217096e-05,-5.905333007779642e-05
3030.044999999999,-0.0099261956627759,1.8019293871837968e-05,-4.320754345653957e-05
3033.4100000000008,-0.0094274474103456,-1.3523041539400169e-05,-2.7270054491685874e-05
3036.767999999999,-0.0089286991579152,-4.440197688230056e-05,-1.138591443668422e-05
3040.139,-0.0076818285268394,-7.454486070777207e-05,4.392566318456115e-06
3043.504,-0.0084299509054849,-0.0001035355629726,1.9833231067969305e-05
3046.865999999999,-0.0079312026530545,-0.0001311742879645,3.4813930973646766e-05
3050.2300000000005,-0.0089286991579152,-0.0001572875824501,4.9226484576242447e-05
3053.593,-0.0096768215365607,-0.0001816528272177,6.293471871428011e-05
3056.958,-0.0089286991579152,-0.000204110019691,7.58359261040896e-05
3060.342,-0.0099261956627759,-0.0002245910633886,8.788137542632224e-05
3076.8640000000005,-0.0126693110511428,-0.0002902687984289,0.00013051373188465847
3080.2300000000005,-0.0104249439152062,-0.0002961395983027,0.0001354939433949915
3083.5970000000007,-0.0091780732841304,-0.0002993947444672,0.00013913804694833866
3086.958,-0.0106743180414214,-0.0003000457022475,0.0001414306457916675
3090.3200000000006,-0.0106743180414214,-0.0002981339528357,0.00014238131504461598
3093.678000000001,-0.0129186851773579,-0.0002937212479017,0.00014200455129489577
3097.044999999999,-0.0121705627987124,-0.0002868611336152,0.00014032212922775625
3100.409000000001,-0.0119211886724973,-0.0002776673534551,0.00013737434486819385
3103.769,-0.0156618005657248,-0.0002662639604006,0.00013321475234769254
3107.139,-0.0136668075560035,-0.0002527292272978,0.0001278821209333462
3110.496,-0.0156618005657248,-0.0002373051731216,0.00012148310478247981
3113.858,-0.0136668075560035,-0.0002200772321737,0.00011406487564694331
3128.474,-0.0146643040608641,-0.0001289511543351,7.231094226476857e-05
3131.830999999999,-0.0154124264395097,-0.0001054147950221,6.1112674790364e-05
3135.193,-0.0156618005657248,-8.130861447034567e-05,4.9526087736638294e-05
3138.557,-0.0156618005657248,-5.686593040523212e-05,3.7673576458964456e-05
3141.925,-0.01591117469194,-3.2284965558465706e-05,2.5661433993584238e-05
3145.291,-0.0161605488181552,-7.820699731685087e-06,1.3624370356058137e-05
3148.6490000000003,-0.0141655558084338,1.6277463042863608e-05,1.6952871984805913e-06
3152.022,-0.0161605488181552,3.9971954740041583e-05,-1.0097952016324376e-05
3155.389,-0.0164099229443703,6.291907624306576e-05,-2.157549714485455e-05
3158.7650000000003,-0.0139161816822186,8.503407965457803e-05,-3.268645327893161e-05
3162.139,-0.0171580453230158,0.0001060665122099,-4.329712003732266e-05
3165.5160000000005,-0.0154124264395097,0.0001258829838311,-5.3332786676708696e-05
3181.7220000000007,-0.0154124264395097,0.0001994713845758,-9.096887756890649e-05
3185.093,-0.0146643040608641,0.0002096053386125,-9.621991691674088e-05
3188.46,-0.0181555418278765,0.0002177816124011,-0.00010048498059861385
3191.8190000000004,-0.0139161816822186,0.000223961131766,-0.00010374161655585033
3195.1770000000006,-0.0099261956627759,0.0002281424944447,-0.00010598764486464817
3198.5430000000006,-0.0099261956627759,0.000230325749133,-0.00010722246522372128
3201.896,-0.0116718145462821,0.0002305139135268,-0.00010744656355572585
3205.2560000000003,-0.0121705627987124,0.0002287423417575,-0.00010667908045507781
3208.617,-0.0101755697889911,0.0002250523529213,-0.00010494184448759204
3211.983,-0.0109236921676366,0.0002194953978865,-0.00010226282415260273
3215.352,-0.0089286991579152,0.0002121442597941,-9.868112188081704e-05
3218.7120000000004,-0.0101755697889911,0.0002031197708162,-9.42601962180041e-05
3232.446999999999,-0.0101755697889911,0.0001510007493552,-6.863690527104003e-05
3235.812000000001,-0.0096768215365607,0.0001351721823748,-6.0868678062107195e-05
3239.178999999999,-0.0106743180414214,0.0001184242721321,-5.266605952825465e-05
3242.547,-0.0091780732841304,0.0001009177643539,-4.411412103444782e-05
3245.916,-0.0089286991579152,8.281315337658785e-05,-3.529763211903963e-05
3249.2760000000007,-0.0121705627987124,6.432929383778433e-05,-2.632935137301211e-05
3252.635,-0.0084299509054849,4.558779405856085e-05,-1.7274292566035408e-05
3256.0019999999995,-0.007183080274409,2.6701579516720236e-05,-8.193136781853463e-06
3259.371,-0.0111730662938518,7.866639615245702e-06,8.138950265997349e-07
3262.7380000000003,-0.005686835517118,-1.0734885571213753e-05,9.654204616814214e-06
3266.139,-0.0091780732841304,-2.9140449132725764e-05,1.8339554531607843e-05
3269.504,-0.0111730662938518,-4.682075961307201e-05,2.6615461764564843e-05
3285.4260000000004,-0.0104249439152062,-0.0001192171117083,5.9470862601842296e-05
3288.794000000001,-0.014414929934649,-0.0001313978098031,6.47291129207666e-05
3292.169999999999,-0.0106743180414214,-0.0001422932999772,6.930871273889233e-05
3295.5199999999995,-0.0114224404200669,-0.0001517321983919,7.313879280048209e-05
3298.888,-0.0124199369249276,-0.0001597838192727,7.624897116742353e-05
3302.251,-0.0151630523132945,-0.000166338478976,7.859771819150573e-05
3305.6140000000005,-0.0131680593035731,-0.0001713761840018,8.018145079764908e-05
3308.9800000000005,-0.0106743180414214,-0.0001748797638819,8.099900674750001e-05
3312.352,-0.0124199369249276,-0.0001768399248435,8.105361961902305e-05
3315.7130000000006,-0.0124199369249276,-0.0001772572743911,8.035921440971123e-05
3319.080000000001,-0.0124199369249276,-0.0001761574209994,7.893318045574812e-05
3322.446000000001,-0.0161605488181552,-0.0001735719773024,7.680250431056271e-05
3337.0160000000005,-0.0161605488181552,-0.0001465671686229,6.033232552239069e-05
3340.397,-0.0151630523132945,-0.0001370453577497,5.508476669338452e-05
3343.7750000000005,-0.0156618005657248,-0.0001265009353298,4.9418962943142786e-05
3347.1490000000003,-0.01591117469194,-0.0001150464968417,4.339775993603325e-05
3350.5170000000007,-0.0146643040608641,-0.000102804971369,3.708824962530508e-05
3353.8730000000005,-0.0134174334297883,-8.992087560746378e-05,3.0567160024733936e-05
3357.236,-0.0154124264395097,-7.644314199676209e-05,2.386229048833609e-05
3360.599,-0.0156618005657248,-6.252144033675121e-05,1.7051769827889664e-05
3363.968,-0.0169086711968007,-4.825550991024237e-05,1.0187994012669016e-05
3367.3460000000005,-0.0156618005657248,-3.375787802292932e-05,3.329087158882862e-06
3370.718,-0.0146643040608641,-1.921966841088829e-05,-3.4312987737605557e-06
3374.138,-0.0136668075560035,-4.535654279151616e-06,-1.0136958198193099e-05
3389.7480000000005,-0.0156618005657248,5.8250817873716e-05,-3.719609004496621e-05
3393.1230000000005,-0.0141655558084338,7.022430259915753e-05,-4.197489488045609e-05
3396.4970000000003,-0.0141655558084338,8.140792549829007e-05,-4.628074610372829e-05
3399.8589999999995,-0.0131680593035731,9.168655626194516e-05,-5.0070627241346895e-05
3403.196999999999,-0.0131680593035731,0.0001009640093752,-5.331292151580812e-05
3406.567,-0.0124199369249276,0.000109327572499,-5.603906052446676e-05
3409.941,-0.0121705627987124,0.0001166357266885,-5.820179280667714e-05
3413.3049999999994,-0.0131680593035731,0.0001228150373711,-5.9783343395128325e-05
3416.664,-0.0124199369249276,0.0001278464703423,-6.078510861691148e-05
3420.037,-0.0104249439152062,0.0001317284136892,-6.121105903289921e-05
3423.406,-0.0111730662938518,0.0001344198168876,-6.106232125865467e-05
3426.7760000000007,-0.0119211886724973,0.0001359214825038,-6.035063894720252e-05
3438.4440000000004,-0.0104249439152062,0.000132085840124,-5.3806404131604896e-05
3441.842,-0.0106743180414214,0.0001284452076257,-5.0818602509083315e-05
3445.192,-0.0101755697889911,0.0001238181247221,-4.7454883803135064e-05
3448.556,-0.0119211886724973,0.0001181902573965,-4.3697659280118025e-05
3451.925,-0.0104249439152062,0.0001116314853019,-3.9594988287966384e-05
3455.291,-0.0101755697889911,0.0001042266574138,-3.520000772294856e-05
3458.6490000000003,-0.0101755697889911,9.60668777089605e-05,-3.056617035097576e-05
3462.021,-0.0111730662938518,8.71784035099324e-05,-2.570970119820698e-05
3465.387,-0.0096768215365607,7.769788594514278e-05,-2.070697590357043e-05
3468.764,-0.0096768215365607,6.766688302408415e-05,-1.5581571785098285e-05
3472.1539999999995,-0.0101755697889911,5.716861713480401e-05,-1.0379105065424597e-05
3475.535999999999,-0.0101755697889911,4.636410135782322e-05,-5.181140890652625e-06
3478.952,-0.0101755697889911,3.52153657702027e-05,2.7409840763918975e-08
3493.977,-0.0114224404200669,-1.4080750019598603e-05,2.124601581844679e-05
3497.3730000000005,-0.0121705627987124,-2.4721449385133688e-05,2.541428028742955e-05
3500.744,-0.0099261956627759,-3.4908618688714835e-05,2.9244524715343783e-05
3504.11,-0.0119211886724973,-4.462631173353432e-05,3.273331430274372e-05
3507.474,-0.0114224404200669,-5.380873584762196e-05,3.585831609294907e-05
3510.842,-0.0129186851773579,-6.240152813033928e-05,3.86020617705927e-05
3514.1950000000006,-0.0109236921676366,-7.029555152380903e-05,4.093231659343408e-05
3517.5520000000006,-0.0114224404200669,-7.748184452258882e-05,4.284965044286233e-05
3520.922,-0.0136668075560035,-8.392391632141156e-05,4.434544101936707e-05
3524.267999999999,-0.0134174334297883,-8.951224155746349e-05,4.539894917565201e-05
3527.628,-0.0136668075560035,-9.42787444988791e-05,4.602173312457485e-05
3530.9980000000005,-0.0129186851773579,-9.818105955626892e-05,4.621009728564086e-05
3545.6050000000005,-0.0149136781870793,-0.0001046040767483,4.2192894632029094e-05
3548.9880000000003,-0.0161605488181552,-0.0001036676843484,4.0230711711429834e-05
3552.3550000000005,-0.0141655558084338,-0.0001018631824532,3.7938413483927336e-05
3555.718,-0.0151630523132945,-9.922065802985676e-05,3.533780829748604e-05
3559.083,-0.0169086711968007,-9.577158901427816e-05,3.245386828239725e-05
3562.449,-0.0176567935754462,-9.155771184321152e-05,2.9318529557269376e-05
3565.8200000000006,-0.014414929934649,-8.661978542469318e-05,2.5960734003688398e-05
3569.178000000001,-0.0149136781870793,-8.10396231109468e-05,2.2433767764739544e-05
3572.567,-0.0141655558084338,-7.479732639762859e-05,1.8726131712116525e-05
3575.941,-0.0146643040608641,-6.803606437107455e-05,1.4923973613868964e-05
3579.335,-0.0151630523132945,-6.075165074722496e-05,1.1025257225816892e-05
3582.6940000000004,-0.0139161816822186,-5.313453344299383e-05,7.130767108367977e-06
3598.546,-0.0126693110511428,-1.38985806723154e-05,-1.0650595615308442e-05
3601.9170000000004,-0.0139161816822186,-5.329770472271111e-06,-1.408847152540549e-05
3605.2760000000007,-0.0131680593035731,3.1228115843574133e-06,-1.7325779344451483e-05
3608.636,-0.0154124264395097,1.142168822855439e-05,-2.0349342262241265e-05
3612.011,-0.0129186851773579,1.9531631273379588e-05,-2.3145853858751546e-05
3615.378,-0.0114224404200669,2.7330998407091777e-05,-2.5673788820820644e-05
3618.747,-0.0124199369249276,3.478152124282549e-05,-2.7922418451634588e-05
3622.113,-0.0119211886724973,4.1814179276323296e-05,-2.9872548774072982e-05
3625.476,-0.0119211886724973,4.837647051102116e-05,-3.151203250181162e-05
3628.843,-0.0089286991579152,5.44329730557954e-05,-3.2834268869514615e-05
3632.1950000000006,-0.0101755697889911,5.990860067698736e-05,-3.3826647333331325e-05
3635.542,-0.0116718145462821,6.478681702793245e-05,-3.449143003374565e-05
3649.872,-0.0121705627987124,7.836669984072614e-05,-3.3697960700070934e-05
3653.236,-0.0106743180414214,7.974483689055065e-05,-3.2696114197490657e-05
3656.5989999999993,-0.0106743180414214,8.042230651452487e-05,-3.1410052086506636e-05
3659.968,-0.0106743180414214,8.04039562360294e-05,-2.9853236746736578e-05
3663.338999999999,-0.0089286991579152,7.969821948301296e-05,-2.804557482048913e-05
3666.703,-0.0104249439152062,7.832505927574179e-05,-2.60133919492429e-05
3670.069,-0.0116718145462821,7.630429060292629e-05,-2.377444728078503e-05
3673.428000000001,-0.0101755697889911,7.36698249663565e-05,-2.1359287213129622e-05
3676.797,-0.0099261956627759,7.043954192196883e-05,-1.878090508787204e-05
3680.192,-0.0106743180414214,6.66258024769495e-05,-1.6051437626449892e-05
3683.5790000000006,-0.0096768215365607,6.230385687450747e-05,-1.3224908941047495e-05
3686.9450000000006,-0.0109236921676366,5.75417456838891e-05,-1.0341413123060124e-05
3700.587,-0.0141655558084338,3.4504341893008554e-05,1.53066952248574e-06
3703.948,-0.0129186851773579,2.818146656914245e-05,4.363151701313561e-06
3707.312000000001,-0.0126693110511428,2.171011795903396e-05,7.109526056633036e-06
3710.671,-0.0136668075560035,1.5162968952401404e-05,9.739580429746637e-06
3714.06,-0.0124199369249276,8.52873119299405e-06,1.2256799919634567e-05
3717.426,-0.0164099229443703,1.9679910841514075e-06,1.4600500252289633e-05
3720.792,-0.0141655558084338,-4.508720178370966e-06,1.676926033317631e-05
3724.163,-0.0134174334297883,-1.0856735730139202e-05,1.8748815958445813e-05
3727.526999999999,-0.0169086711968007,-1.7001626830011347e-05,2.0517305686822013e-05
3730.896,-0.01591117469194,-2.291587503752708e-05,2.2068387462653243e-05
3734.256,-0.0119211886724973,-2.852873451043178e-05,2.3385471654940063e-05
3737.618,-0.01591117469194,-3.3816053806851874e-05,2.4465359036557392e-05
3740.9829999999993,-0.0129186851773579,-3.8738671423535626e-05,2.5301939700324973e-05
3755.377,-0.0141655558084338,-5.484638611534141e-05,2.6083337740445143e-05
3758.7490000000007,-0.0161605488181552,-5.73207236765181e-05,2.5624935095346465e-05
3762.1240000000007,-0.0149136781870793,-5.926779238289483e-05,2.493605995286097e-05
3765.495,-0.01591117469194,-6.06752744100018e-05,2.4028558909274433e-05
3768.859,-0.0154124264395097,-6.154077599481086e-05,2.291643153534541e-05
3772.1950000000006,-0.0149136781870793,-6.186815204472632e-05,2.162341455733413e-05
3775.553000000001,-0.0179061677016614,-6.166912929077583e-05,2.0145805775575943e-05
3778.939,-0.0151630523132945,-6.094146590713333e-05,1.8493839502905527e-05
3782.303000000001,-0.014414929934649,-5.97087588056107e-05,1.670945513252965e-05
3785.708,-0.014414929934649,-5.796235354762618e-05,1.4777389975342931e-05
3789.074,-0.0129186851773579,-5.576531368925341e-05,1.2762875824763107e-05
3792.428999999999,-0.0141655558084338,-5.313567904317131e-05,1.0671820783383693e-05
3804.343,-0.0129186851773579,-4.071157531119908e-05,2.885482552588237e-06
3807.7220000000007,-0.0124199369249276,-3.646143667363218e-05,6.629206366993087e-07
3811.0899999999992,-0.0106743180414214,-3.197845172112644e-05,-1.520642710008119e-06
3814.452,-0.0139161816822186,-2.729980783418512e-05,-3.6490744635571827e-06
3817.821000000001,-0.0114224404200669,-2.2450448751678724e-05,-5.711753432822273e-06
3821.1770000000006,-0.0139161816822186,-1.750316833355e-05,-7.67886879602441e-06
3824.548,-0.0131680593035731,-1.2460734478695492e-05,-9.550018357892163e-06
3827.914,-0.0119211886724973,-7.396818767846284e-06,-1.1298156470884824e-05
3831.2760000000007,-0.0109236921676366,-2.353598487505264e-06,-1.29102076048465e-05
3834.633999999999,-0.0114224404200669,2.6263636361365737e-06,-1.437409706131111e-05
3838.013,-0.0104249439152062,7.537816391726076e-06,-1.5688511257795085e-05
3841.377,-0.0131680593035731,1.228790614925424e-05,-1.6829611633935127e-05
3844.747,-0.0106743180414214,1.6868331798540583e-05,-1.7797478187453656e-05
3859.032,-0.0106743180414214,3.351063310265146e-05,-1.9848011800197762e-05
3862.45,-0.0069337061481939,3.666352507153403e-05,-1.9839128690905084e-05
3865.8200000000006,-0.0106743180414214,3.940840481234218e-05,-1.9645477801490358e-05
3869.178000000001,-0.0106743180414214,4.176637998632474e-05,-1.9274827769367454e-05
3872.544000000001,-0.0091780732841304,4.373784158291174e-05,-1.873175516287618e-05
3875.896,-0.0164099229443703,4.530025705406226e-05,-1.8028152091512952e-05
3879.264,-0.0109236921676366,4.646008369093592e-05,-1.716688022376632e-05
3882.6349999999993,-0.0114224404200669,4.7205790779131846e-05,-1.6160570400196596e-05
3886.044000000001,-0.0109236921676366,4.753754059673956e-05,-1.5008171848729855e-05
3889.410999999999,-0.0106743180414214,4.745189918311917e-05,-1.3749883779623804e-05
3892.767999999999,-0.0116718145462821,4.696461986676047e-05,-1.2390171289367962e-05
3896.1439999999993,-0.0109236921676366,4.608027853031179e-05,-1.0931313419494477e-05
3910.352,-0.0146643040608641,3.838898376402109e-05,-4.13644393274825e-06
3913.718,-0.0164099229443703,3.574036285549979e-05,-2.456907448038954e-06
3917.083,-0.0084299509054849,3.282848463230504e-05,-7.838560206083837e-07
3920.448,-0.0119211886724973,2.9681482888539223e-05,8.678616605816186e-07
3923.812000000001,-0.0121705627987124,2.6330820414948976e-05,2.4828844095784304e-06
3927.18,-0.0146643040608641,2.280300406218807e-05,4.049245263626199e-06
3930.547,-0.0121705627987124,1.9135800707861545e-05,5.550939539859327e-06
3933.917,-0.0121705627987124,1.535824395863714e-05,6.976885629227955e-06
3937.276999999999,-0.0186542900803069,1.151899144914919e-05,8.310002902550406e-06
3940.636,-0.0131680593035731,7.64188048078839e-06,9.543526284900982e-06
3944.012,-0.0141655558084338,3.739702579753529e-06,1.0673607185009033e-05
3947.379,-0.0141655558084338,-1.241623745691673e-07,1.1682590051540644e-05
3959.0899999999992,-0.0139161816822186,-1.2892770893820372e-05,1.4180925834452038e-05
3962.462,-0.0141655558084338,-1.6253934282310687e-05,1.4591086680934318e-05
3965.819,-0.0134174334297883,-1.941057781032096e-05,1.4858057756020068e-05
3969.176,-0.0116718145462821,-2.2354154886379706e-05,1.4983926759033009e-05
3972.535999999999,-0.0139161816822186,-2.5065265958532705e-05,1.4969866528074296e-05
3975.8920000000007,-0.0149136781870793,-2.751898019318696e-05,1.4818481135406413e-05
3979.252,-0.0141655558084338,-2.970418885713806e-05,1.4533147688062138e-05
3982.622,-0.0149136781870793,-3.160861796841289e-05,1.4117455182939372e-05
3985.985,-0.0139161816822186,-3.32104776393641e-05,1.3579367197368315e-05
3989.412,-0.0154124264395097,-3.452657598670014e-05,1.291169379874878e-05
3992.77,-0.0151630523132945,-3.5500165058204554e-05,1.2148735284436049e-05
3996.146,-0.0129186851773579,-3.616011812440326e-05,1.1282192057253467e-05
3999.499999999999,-0.0149136781870793,-3.649845560929659e-05,1.0332137722996289e-05
4015.087,-0.0116718145462821,-3.404659399786323e-05,5.061487945127734e-06
4018.497,-0.0126693110511428,-3.26855284084471e-05,3.7937278864384483e-06
4021.861,-0.0124199369249276,-3.108316284587921e-05,2.529264724570165e-06
4025.21,-0.0124199369249276,-2.9249306239605364e-05,1.2686801089513896e-06
4028.578,-0.0149136781870793,-2.718426707085852e-05,1.087105822821543e-08
4031.942,-0.0119211886724973,-2.492162823912588e-05,-1.224087673328446e-06
4035.303999999999,-0.0141655558084338,-2.2482910883408115e-05,-2.425962277012095e-06
4038.660999999999,-0.0124199369249276,-1.9894260012478057e-05,-3.583280789416245e-06
4042.0350000000008,-0.0129186851773579,-1.7162440432835276e-05,-4.693393242819788e-06
4045.398,-0.0116718145462821,-1.4335003563707002e-05,-5.737622667227112e-06
4048.775000000001,-0.0111730662938518,-1.1416691718373309e-05,-6.715003506330628e-06
4052.149,-0.0104249439152062,-8.448007849990692e-06,-7.612424935933306e-06
4067.725,-0.0116718145462821,5.19983283887099e-06,-1.0555175463596031e-05
4071.092,-0.0116718145462821,7.98289038614769e-06,-1.0905476446223213e-05
4074.46,-0.0116718145462821,1.0655811623371049e-05,-1.1149025754105635e-05
4077.819,-0.0104249439152062,1.319003970267894e-05,-1.12850559683777e-05
4081.176,-0.0116718145462821,1.557199205052933e-05,-1.1314942007928038e-05
4084.567,-0.0111730662938518,1.780681622868189e-05,-1.1239045893965086e-05
4087.939,-0.0119211886724973,1.9841992543813823e-05,-1.1060363193389249e-05
4091.336,-0.0149136781870793,2.1688803402030303e-05,-1.0779757973988302e-05
4094.696000000001,-0.0109236921676366,2.330202512580624e-05,-1.0407166387959932e-05
4098.044000000001,-0.0109236921676366,2.4687884921083543e-05,-9.94691359451401e-06
4101.410000000001,-0.0101755697889911,2.5849798869477734e-05,-9.400416419871053e-06
4104.767000000001,-0.0131680593035731,2.6771216613293768e-05,-8.77816424929575e-06
4118.170999999999,-0.0129186851773579,2.8035180681750786e-05,-5.672386645640677e-06
4121.547,-0.0111730662938518,2.7749753373775268e-05,-4.774474265427294e-06
4124.917,-0.0129186851773579,2.7231747875914403e-05,-3.849238058880303e-06
4128.276999999999,-0.0114224404200669,2.6491407529797537e-05,-2.9070011223911995e-06
4131.636,-0.0129186851773579,2.553757229208364e-05,-1.954351674452416e-06
4135.021,-0.0149136781870793,2.4371728600731127e-05,-9.9258871115622e-07
4138.388,-0.0149136781870793,2.302137561044536e-05,-4.3113814089222737e-08
4141.765,-0.0134174334297883,2.1490515581210123e-05,8.932761653779024e-07
4145.139,-0.0129186851773579,1.980032022935e-05,1.8045138509643187e-06
4148.504,-0.014414929934649,1.7971532261931224e-05,2.6811018634237076e-06
4151.868,-0.0136668075560035,1.6018232078110627e-05,3.517719860718474e-06
4155.229,-0.0151630523132945,1.3960337072039844e-05,4.306908859804065e-06
4158.597999999999,-0.0149136781870793,1.1810096530730633e-05,5.044643214458701e-06
4173.174,-0.0149136781870793,1.981211139425312e-06,7.490979658045364e-06
4176.571000000001,-0.0136668075560035,-3.1880960311884986e-07,7.863889717962171e-06
4179.94,-0.0134174334297883,-2.561962715927801e-06,8.1542963705918e-06
4183.303999999999,-0.0139161816822186,-4.745529364465903e-06,8.364009662840337e-06
4186.678000000001,-0.0131680593035731,-6.861275247612553e-06,8.493216441999513e-06
4190.045999999999,-0.0134174334297883,-8.882120957283366e-06,8.54135091892174e-06
4193.449,-0.0126693110511428,-1.0815317685525089e-05,8.508907017065527e-06
4196.820000000001,-0.0131680593035731,-1.2607814496256873e-05,8.398095271753182e-06
4200.176,-0.0136668075560035,-1.4257810560863256e-05,8.212349348577815e-06
4203.543000000001,-0.0129186851773579,-1.5766305155497877e-05,7.9533752406986e-06
4206.910000000001,-0.0116718145462821,-1.7117049287112866e-05,7.625296728921654e-06
4210.273,-0.0154124264395097,-1.8299634981053712e-05,7.2328312972032675e-06
