xaxis0,yaxis,eq:p0*p1**x0*cos(p2*x0)_para:[0.48657252 0.99655446 0.0300163 ]mse:0.0029856523434769735,eq:p0*p1**x0*cos(p2 + p3*x0)_para:[0.48199053 0.99667432 0.0625903  0.02973043]mse:0.00298014090798297
0.0,0.2631226661826164,0.4865725201610038,0.48104672763468326
3.381000000000313,0.3142968957064604,0.4784530046733007,0.4702666750550789
6.731000000000677,0.3481621946560631,0.4657288356939175,0.45513333734945777
10.076000000000022,0.3742510175505718,0.4486117060837571,0.43584885434322285
13.421000000000276,0.390807385925933,0.4273593605643654,0.41267662079608436
16.765000000000327,0.3995872782462004,0.4022886347699988,0.38594010793514333
20.10800000000017,0.4096214408979345,0.3737428480348591,0.3559854362524324
32.284999999999854,0.4133842518923348,0.2463865112923503,0.22563586466867688
35.639000000000124,0.407865462433881,0.2066698510988779,0.1856569892270058
38.996000000000095,0.399336424179907,0.1657289846564889,0.14467771432878163
42.358000000000175,0.3850377424011859,0.1239795827004596,0.10310095790628211
45.70300000000043,0.3617083142359041,0.0821371650437375,0.06162496780603593
49.05299999999989,0.3248327664907812,0.0403591271318579,0.020392186378930248
52.38299999999981,0.2616175417848563,-0.0006285342234171,-0.019893818639387852
55.73100000000068,0.0135228702207302,-0.0408917174299145,-0.059309112803798684
59.07600000000002,-0.2087338325151803,-0.079787583468705,-0.09723377472148731
62.42100000000028,-0.2762135763480923,-0.1169906589616724,-0.13336046112659528
65.76500000000033,-0.3166010810213221,-0.1521540704497658,-0.1673614991773086
69.10800000000017,-0.3431916120484175,-0.1849715107792407,-0.19894925748213874
72.45100000000002,-0.3605005426226589,-0.2151763910542374,-0.2278749667731173
87.27300000000014,-0.3732941000036199,-0.3120789329706509,-0.3189427292779377
90.616,-0.3763043487991401,-0.3247228352688445,-0.3303204216308462
93.96200000000044,-0.3675244564788728,-0.3338126898915091,-0.33818830680621936
97.3100000000004,-0.3582428560260187,-0.3393274751607106,-0.3425358904666067
100.67799999999988,-0.3527240665675649,-0.3412879042677724,-0.3433868449601415
104.04300000000056,-0.3381745307225505,-0.33971586722568,-0.3407783242880524
107.40599999999996,-0.3276386599382296,-0.3347157544446861,-0.3348199293046713
110.7480000000005,-0.3166010810213221,-0.3264790575024874,-0.3257119036982821
114.09000000000016,-0.2955293394526805,-0.3151423058849443,-0.313587224457845
117.4340000000002,-0.280979803607666,-0.3008810073155725,-0.29862232266993544
120.7579999999998,-0.2621657486356645,-0.2840205234115128,-0.281146541155843
124.10600000000068,-0.2378329042052093,-0.2645650137804813,-0.2611548888343641
137.42399999999998,-0.1066362275337857,-0.1678178423087172,-0.16304713790761055
140.76800000000003,-0.0654961606616758,-0.1400909406988862,-0.13515043570622162
144.134,-0.0233526775243925,-0.1113947916792688,-0.1063418378533966
147.48199999999997,0.0160314108836638,-0.0823765694267702,-0.07726361009618607
150.8209999999999,0.0519035423636132,-0.0532671649487357,-0.04813932955866699
154.17500000000018,0.0822568843851089,-0.0241560765107419,-0.019051857947768678
157.51900000000023,0.1111051020088445,0.0044491348374983,0.009497941890884874
160.8670000000002,0.1336819679752463,0.0323895964897564,0.037357527386694726
164.21100000000024,0.1527468770135411,0.0593328226963881,0.06420082188535457
167.5560000000005,0.1670455587922622,0.0850704778642997,0.08982523855569535
170.90700000000015,0.18184594870357,0.1094045366351582,0.11403800067103989
174.26100000000042,0.194639506084531,0.1320939625879936,0.1366031173560916
177.60400000000027,0.198151463012638,0.1528592203928485,0.15724595835982388
193.60199999999983,0.2089381878632522,0.2221593827001928,0.226078280152815
196.9470000000001,0.2034193984047984,0.2297395252485489,0.23359698841691326
200.30299999999988,0.2011617118081582,0.2348414865114503,0.23865101351684678
203.6480000000001,0.1968971926811712,0.2374373875534507,0.24121198658375356
207.03700000000023,0.189622424758664,0.2375643077936894,0.24131517790002283
210.3780000000006,0.1820968027698634,0.2352784554959827,0.23901547629958722
213.72400000000016,0.1720626401181293,0.2306681141116704,0.23439835153280256
217.0690000000004,0.1612759152675151,0.2238368673767102,0.22756460506413556
220.40999999999983,0.147729795687674,0.2149152016776882,0.2186415825944256
223.7510000000002,0.1356888005055931,0.2040338636580707,0.2077566429949069
227.10600000000068,0.112861080472898,0.1912903217983377,0.19500364134496911
230.44800000000032,0.0927927551694298,0.176955885404069,0.180650296855237
243.20400000000063,0.0007293128397692,0.110556354173476,0.11402752043197703
246.5560000000005,-0.0281189047839663,0.0909834273973312,0.09434064115132122
249.89500000000044,-0.0569671224077018,0.071014853676539,0.07423014956226684
253.2610000000004,-0.0838085075010906,0.0506233262776678,0.05366462529704836
256.6190000000006,-0.1091447681967193,0.0302314982326321,0.03306650777971555
259.9949999999999,-0.1342301748260546,0.0098919111754993,0.012485344874384957
263.32800000000043,-0.1553019163946962,-0.0098295410063886,-0.007508895747629365
266.6670000000004,-0.1728617010352309,-0.0290378816759012,-0.02702476346530952
270.0150000000003,-0.190672339742059,-0.0475653057478643,-0.045894446804751396
273.35400000000027,-0.2019607727252599,-0.0651427003219329,-0.06384587431772291
276.6999999999998,-0.212747497575874,-0.0816981446068347,-0.08080715969727544
280.0480000000007,-0.2237850764927815,-0.0970596533374459,-0.09660350618171946
283.3879999999999,-0.2288021578186486,-0.1110574104757006,-0.1110608223438142
298.4400000000005,-0.2380837582715026,-0.1551222827434709,-0.15741199022946173
301.808,-0.2350735094759824,-0.1603432130555332,-0.16316443285827706
305.165,-0.2300564281501153,-0.163795885123231,-0.16714242099907714
308.5110000000004,-0.2232833683601948,-0.1655023994011496,-0.16936228465815778
311.89100000000053,-0.2225308061613148,-0.1654905595265019,-0.16985261963373677
315.2370000000001,-0.2132492057084607,-0.1638000864459969,-0.16863708071940423
318.58200000000033,-0.2062252918522468,-0.1604959145008265,-0.16577976038382028
321.9390000000003,-0.1959402751342194,-0.1556278869793037,-0.1613263473681078
325.2960000000003,-0.1896689234768855,-0.1492900697592399,-0.15536369191788177
328.6329999999998,-0.1766245120296312,-0.1416303105964777,-0.1480325531520643
331.9750000000004,-0.1688480359745373,-0.132708663564602,-0.13939091775802626
335.3200000000006,-0.1580613111239231,-0.1226445040293659,-0.12955342056519673
347.0619999999999,-0.1121550169922395,-0.0802458382697844,-0.08747442204660182
350.45400000000063,-0.0955986486168782,-0.0665447303666383,-0.07371697539226064
353.79,-0.0810491127718637,-0.052705038710921,-0.059754200208873634
357.1400000000003,-0.0654961606616758,-0.0385922993087858,-0.04545005798757398
360.4870000000001,-0.0504449166840747,-0.0244243529515127,-0.031023514401711593
363.8270000000002,-0.0361462349053536,-0.0103625817947031,-0.016637804040486683
367.1779999999999,-0.0198407205962856,0.0035280178274443,-0.002358062034710434
370.52300000000014,-0.0055420388175645,0.0170414244286354,0.011605116318490634
373.8720000000003,0.0067498104308097,0.0300896970642514,0.02516160912203857
377.2179999999999,0.0210484922095308,0.0425246447853472,0.03815803155850409
380.5550000000003,0.0363505902534253,0.0542159154007063,0.050457952320556124
383.9080000000004,0.0466356069714528,0.0651466449377216,0.062043801948862325
387.2600000000002,0.0561680614906002,0.0751640615899979,0.07275379529169729
401.2350000000006,0.0845145709817491,0.1055473629493404,0.10627971552112492
404.60300000000007,0.0900333604402029,0.1098622780105165,0.11137410172545653
407.97600000000057,0.0927927551694298,0.1129581447684018,0.11524309457741856
411.3249999999998,0.09580300396495,0.1148151775794292,0.117852457773281
414.6999999999998,0.0953012958323633,0.1154690893318509,0.11924127410000744
418.0470000000005,0.09580300396495,0.1149315497671047,0.11940188774720391
421.3879999999999,0.0963047120975367,0.1132494202789228,0.1183789417232455
424.7300000000005,0.0912876307716696,0.1104648166997783,0.11620910795666524
428.076,0.0902842145064962,0.1066260585016709,0.11293464991788961
431.4210000000003,0.0860196953795092,0.1018001705546212,0.10861565751906646
434.7640000000001,0.0822568843851089,0.0960610939719404,0.10332053644809508
438.107,0.0759855327277751,0.0894849544759299,0.0971208948034552
450.1320000000005,0.0546629370928401,0.0602790610428507,0.06865465211657766
453.518,0.0443779203748126,0.0509081652217076,0.05930785012620268
456.8739999999998,0.036099736187132,0.0413143954316773,0.04965600950189994
460.22400000000016,0.0280724060657447,0.0315384117009578,0.03974096105396315
463.5540000000001,0.019041659679184,0.0217257914335351,0.029710905287507944
466.906,0.0082549348285698,0.0118543712303054,0.01954279958133774
470.2600000000002,-0.0025317900220443,0.0020828719814741,0.009399054070185637
473.60300000000007,-0.012315098607485,-0.0074551664454237,-0.0005815172422190305
476.9450000000006,-0.0236035315906859,-0.0166977820575876,-0.010333630266856865
480.3010000000004,-0.0351428186401801,-0.0255976722561112,-0.019807668926288984
483.64800000000014,-0.0461803975570877,-0.03401188030707,-0.028851245989073498
486.9880000000003,-0.0564654142751151,-0.041874497700688,-0.03739222470695055
490.3209999999999,-0.0667504309931426,-0.0491221517005482,-0.045360238618834196
504.5060000000003,-0.109646476329306,-0.0720574553869124,-0.07167430032634513
507.85100000000057,-0.1156669739203464,-0.075393360114802,-0.07583748334147054
511.21500000000015,-0.1201823471136268,-0.0779042848130901,-0.07917491936789083
514.6090000000004,-0.1257011365720806,-0.079573678777525,-0.08166419243134507
517.9340000000002,-0.1327250504282944,-0.0803702828398356,-0.08324230466967908
521.2890000000007,-0.1372404236215748,-0.0803436967955476,-0.08397465831946316
524.6350000000002,-0.1410032346159751,-0.0795056550665592,-0.08385638688168814
527.9769999999999,-0.1422575049474418,-0.0778865523485528,-0.08291207694370921
531.3180000000002,-0.1430100671463219,-0.075520812185609,-0.08117023610138427
534.6500000000005,-0.1425083590137352,-0.0724580900542497,-0.0786731952457781
537.9930000000004,-0.1450168996766687,-0.0687263256251122,-0.07544674717557893
541.3280000000004,-0.144515191544082,-0.0643982167655985,-0.07155579881590306
554.2210000000005,-0.1344810288923479,-0.0430830081357451,-0.0512353255086031
557.5830000000005,-0.1297148016327742,-0.0366440914238497,-0.04486313118816329
560.9290000000001,-0.1251994284394939,-0.0300115890335067,-0.03821606247038274
564.2840000000006,-0.1204332011799201,-0.0232091781648458,-0.03131840849478116
567.6300000000001,-0.1149144117214664,-0.016345457713583,-0.02428055943824955
570.9750000000004,-0.109646476329306,-0.0094754991790659,-0.017159599249038968
574.3180000000002,-0.101870000274212,-0.0026707970059435,-0.010030039842155341
577.6500000000005,-0.0938426701528247,0.0039838995672684,-0.0029814868847498556
580.9920000000002,-0.0885747347606643,0.0104664462709117,0.003962114243569044
584.3159999999998,-0.0818016749707438,0.016662979474758,0.010677945833335485
587.6460000000006,-0.0742760529819432,0.0225632533502338,0.01715374400781051
590.9900000000007,-0.067001285059436,0.0281262998543689,0.02334441212715999
594.3180000000002,-0.0599773712032221,0.0332552055014071,0.029140915321008858
608.4340000000002,-0.0261120722536194,0.0496224599841823,0.048653329240898144
611.7860000000001,-0.0215966990603391,0.0520783946268174,0.05188960795940029
615.1469999999999,-0.0110608282760183,0.0539547963432322,0.05454513233478796
618.5190000000002,-0.0077997254142047,0.0552418714099181,0.05660269633636196
621.8770000000004,0.0029869994364094,0.0559313943638565,0.058040726098395064
625.2210000000005,0.0082549348285698,0.0560372348929648,0.05886599031034913
628.5680000000002,0.0112651836240901,0.0555749864982084,0.05909086767578845
631.9189999999999,0.0162822649499571,0.0545604157627168,0.05872459689993992
635.2730000000001,0.0228044706735843,0.0530150237378383,0.057782159599557084
638.625,0.0263164276016912,0.0509686469991829,0.05628677904897498
641.9760000000006,0.027570697933158,0.0484535444669379,0.05426582051163441
645.317,0.0313335089275583,0.0455147776405484,0.0517588067310477
658.5060000000003,0.0358488821208386,0.0305128842878663,0.037802952038071526
661.8540000000003,0.0288249682646248,0.0260660016018484,0.033444097652752046
665.2340000000004,0.0323369251927317,0.0214126024673413,0.02880498849293529
668.5780000000004,0.0308318007949716,0.0166971640479805,0.02403040894172728
671.9270000000006,0.027570697933158,0.0119138125316043,0.019115974583295947
675.2830000000004,0.0260655735353979,0.0071092944920324,0.014109884569949088
678.6300000000001,0.0218010544084109,0.0023552970352164,0.009087451584137691
681.9740000000002,0.0197942218780641,-0.0023097786629386,0.00409020648637832
685.3200000000006,0.0140245783533169,-0.0068477773030747,-0.0008403005550717379
688.6490000000003,0.0090074970274499,-0.0111913615504404,-0.00562970687129196
691.9930000000004,0.0029869994364094,-0.0153425221800472,-0.010279309978711447
695.3249999999998,-0.0007758115579908,-0.0192307474087983,-0.014709274464776245
698.6660000000002,-0.0047894766186844,-0.022847377839741,-0.01890850499856087
710.7359999999999,-0.0271154885187928,-0.0331322377697199,-0.03152850762987348
714.125,-0.0374005052368203,-0.0351451551829559,-0.03423269407776252
717.473,-0.041414170297514,-0.0367307305262115,-0.036503579278895144
720.8380000000006,-0.0459295434907943,-0.0379137900981931,-0.03837089050118129
724.183,-0.050695770750368,-0.0386792787691452,-0.03980529598963586
727.5280000000002,-0.0589739549380487,-0.0390370689954532,-0.04081421052456046
730.8739999999998,-0.0664995769268493,-0.0389927847514878,-0.04139713914653747
734.2210000000005,-0.071265804186423,-0.038555701581019,-0.04155732958709875
737.558,-0.0760320314459967,-0.0377421490571837,-0.04130365448248235
740.8980000000001,-0.0820525290370371,-0.0365669470709887,-0.040648028363370045
744.25,-0.0895781510258377,-0.0350446751175965,-0.039601388113253956
747.5960000000005,-0.089076442893251,-0.0332057629074327,-0.03818722638716165
750.9369999999999,-0.0930901079539447,-0.0310770254866638,-0.03642902842347955
766.1890000000003,-0.1041276868708522,-0.0184720437009946,-0.02476385078403344
769.5460000000003,-0.1043785409371455,-0.0152614022464833,-0.02158585283929881
772.9050000000007,-0.1023717084067987,-0.0119672600893489,-0.01826100932392061
776.2570000000005,-0.1066362275337857,-0.0086338650489952,-0.014834788897310807
779.6030000000001,-0.1016191462079187,-0.0052952241507187,-0.01134313745594968
782.9450000000006,-0.0996123136775719,-0.001983296548459,-0.007820377697461392
786.3040000000001,-0.0996123136775719,0.0012894415326881,-0.004280085907540583
789.6490000000003,-0.0958495026831715,0.0044610023751518,-0.0007899235602341749
792.9930000000004,-0.0935918160865314,0.0075142708528322,0.0026301248791656506
796.326,-0.0908324213573045,0.0104128038859573,0.005938093169740449
799.6670000000004,-0.0888255888269577,0.0131474296495649,0.00912251930933281
803.0050000000001,-0.0855644859651441,0.0156851958355607,0.012144155961398423
818.0929999999998,-0.0664995769268493,0.0242249892942256,0.023155400160640795
821.4840000000004,-0.0594756630706354,0.0254013662431993,0.024916686804235543
824.8090000000002,-0.0544585817447683,0.0262727608895313,0.026359558570600444
828.1620000000003,-0.0486889382200212,0.0268662322696678,0.027521546942483745
831.5079999999998,-0.0411633162312206,0.0271734428989932,0.028382753479147073
834.848,-0.0399090458997538,0.0271995323291134,0.02894321874823355
838.1850000000004,-0.0346411105075934,0.0269517757109791,0.029205700757673474
841.5280000000002,-0.0298748832480197,0.0264378876712402,0.029174473815216
844.8760000000002,-0.0246069478558593,0.0256679804806778,0.02885490521832854
848.2200000000003,-0.0193390124636989,0.0246575903020809,0.028257231626846957
851.567,-0.0180847421322321,0.0234204349928757,0.02739239391769187
854.9180000000006,-0.011562536408605,0.0219731274365956,0.026273775685685563
869.4270000000006,0.0012310209723559,0.0137978917677734,0.018956610579727036
872.768,0.0049938319667562,0.0116029330597585,0.016821601310779363
876.1140000000005,0.0057463941656363,0.0093378133352834,0.014564084403219752
879.4630000000006,0.0067498104308097,0.0070280686805314,0.012209994277749303
882.8010000000004,0.0070006644971031,0.0047076856825587,0.009794786522604525
886.1460000000006,0.0082549348285698,0.00238802845372,0.007330996846594084
889.4940000000006,0.0080040807622765,9.519252545534058e-05,0.004846739971338121
892.835,0.0077532266959831,-0.0021416054217228,0.002374394538587947
896.183,0.0057463941656363,-0.0043102959375346,-7.20313522750612e-05
899.5250000000005,0.0047429779004629,-0.0063822522697113,-0.0024595538107494565
902.8739999999998,0.0037395616352895,-0.0083466588321337,-0.004774953247214415
906.2179999999998,0.0014818750386493,-0.0101791300641948,-0.00698867484465348
920.1710000000004,-0.0130676608063651,-0.0161217222400253,-0.0147574767418655
923.554,-0.0143219311378318,-0.0170911894784298,-0.016201983487208697
926.92,-0.0180847421322321,-0.0178585673238743,-0.017444568725128846
930.273,-0.0205932827951657,-0.0184240915210642,-0.018481202047772878
933.6260000000002,-0.0276171966513796,-0.0187899163345709,-0.019311190988111602
936.9740000000002,-0.0326342779772466,-0.0189568004391506,-0.019930082306616703
940.3200000000006,-0.0343902564413001,-0.0189283550958152,-0.020337579171544603
943.6490000000005,-0.0396581918334605,-0.018711065443186,-0.020534256693553878
946.9920000000002,-0.0436718568941541,-0.018309677833161,-0.02052489265264616
950.3200000000006,-0.0479363760211411,-0.0177359099089336,-0.02031427502757349
953.652,-0.0532043114133015,-0.016997060825391,-0.019908688610816513
956.9930000000004,-0.0574688305402885,-0.0161022477217261,-0.019314683227489395
971.8069999999998,-0.0710149501201296,-0.0106241640610813,-0.01471158496481161
975.1640000000008,-0.0752794692471166,-0.0091288874353546,-0.013302199751917777
978.5110000000004,-0.0780388639763435,-0.0075798047241369,-0.011796054081787508
981.8510000000006,-0.0800456965066903,-0.0059928976051328,-0.010209660763122507
985.1980000000004,-0.0812999668381571,-0.0043784882449312,-0.008553933757697111
988.5420000000004,-0.0828050912359172,-0.0027581770381443,-0.006851520465691819
991.9000000000004,-0.0853136318988507,-0.00114032671061,-0.005111567569706318
995.2530000000006,-0.0815508209044504,0.0004497020482173,-0.003361748495191446
998.6000000000004,-0.084811923766264,0.0019960660945492,-0.0016202693153338948
1001.9440000000004,-0.0855644859651441,0.0034856430797431,9.733187578399637e-05
1005.2920000000004,-0.084059361567384,0.0049077367609002,0.001778105315790101
1008.6270000000004,-0.0823033831033305,0.0062427109254258,0.0033979881280820283
1021.669,-0.079794842440397,0.010479832240634,0.008947116826841182
1025.0160000000003,-0.0742760529819432,0.0112736120894849,0.010110935715931791
1028.4340000000002,-0.0715166582527163,0.0119479698815921,0.011169520341597882
1031.7579999999998,-0.0672521391257293,0.0124680441267625,0.012065539723140178
1035.107,-0.0652453065953825,0.0128544684517107,0.012829200606185991
1038.4480000000003,-0.0624859118661556,0.0131016417893322,0.013447457204448674
1041.786,-0.0589739549380487,0.0132112772314318,0.013918998411863556
1045.134,-0.0567162683414085,0.0131854068686662,0.014243759611601094
1048.4830000000002,-0.0519500410818348,0.013026799428555,0.014420192783054222
1051.821,-0.0479363760211411,0.0127412255318077,0.014449845030973057
1055.1750000000002,-0.0451769812919143,0.0123319143124111,0.014335574785057198
1058.5190000000002,-0.041414170297514,0.0118086210278438,0.014082179570750128
1061.8670000000002,-0.0391564837008738,0.011177390622255,0.013694565080241812
1075.9040000000005,-0.0236035315906859,0.0075737958916548,0.010782650477892002
1079.259,-0.0203424287288723,0.006540541171851,0.009829516247087083
1082.602,-0.020844136861459,0.0054684733203485,0.008803414375460193
1085.9440000000004,-0.0153253474030053,0.0043660906733555,0.007713241226363068
1089.295,-0.0118133904748983,0.003241844435699,0.006567750553404413
1092.6310000000003,-0.0110608282760183,0.0021155456635968,0.005387706677993137
1095.9750000000004,-0.0113116823423116,0.0009909820012486,0.0041776565018746305
1099.3200000000006,-0.0085522876130847,-0.0001182400521609,0.002952586266803849
1102.6500000000003,-0.008050579480498,-0.0011961697089669,0.0017307899673035853
1105.9930000000004,-0.0062946010164445,-0.0022416247489395,0.000514131164448311
1109.3249999999998,-0.0067963091490313,-0.003237441052794,-0.0006769266064892241
1112.6660000000002,-0.0052911847512711,-0.0041806632203641,-0.001838262803238122
1125.5960000000005,-0.0095557038782581,-0.0071688425067289,-0.005833250417701285
1128.9610000000002,-0.0100574120108448,-0.0077445726125969,-0.0066997823859531085
1132.3290000000006,-0.0118133904748983,-0.0082284084948224,-0.007480673807930413
1135.6760000000004,-0.0145727852041252,-0.0086148497197522,-0.008165204582346665
1139.018,-0.0168304718007654,-0.0089050863977692,-0.008752942569352681
1142.3600000000006,-0.0203424287288723,-0.0090990228816902,-0.009241281674038863
1145.7080000000003,-0.0220984071929258,-0.0091969921974359,-0.009628187778545367
1149.0550000000003,-0.0248578019221527,-0.009199784946354,-0.009911048447260495
1152.3810000000003,-0.0271154885187928,-0.0091104392785483,-0.010088689359041659
1155.732,-0.0303765913806064,-0.0089305762784948,-0.010163911041363539
1159.076,-0.0318817157783666,-0.0086650492540657,-0.010136702697037094
1162.4050000000009,-0.0346411105075934,-0.0083199433865669,-0.010010636408267756
1165.7430000000004,-0.0396581918334605,-0.0078983022189947,-0.009788494315067946
1179.4260000000004,-0.0537060195458882,-0.0055140853029178,-0.007980105707614397
1182.764,-0.0557128520762351,-0.0048097742184245,-0.007351951414250482
1186.1100000000006,-0.0587231008717553,-0.0040713857558187,-0.006663456512677229
1189.4499999999998,-0.0612316415346888,-0.0033101413965543,-0.005925531513756595
1192.7880000000005,-0.0637401821976224,-0.0025334199065043,-0.0051458642804755265
1196.1350000000002,-0.0644927443965024,-0.0017468199234554,-0.00433040744527636
1199.4830000000002,-0.0680047013246094,-0.0009603071760667,-0.0034897787494890847
1202.822,-0.071265804186423,-0.0001841317233566,-0.002635416656477327
1206.1750000000002,-0.0700115338549562,0.0005793535757451,-0.001770250681175446
1209.5190000000002,-0.0697606797886628,0.0013175485494517,-0.0009089058720663032
1212.8720000000003,-0.0722692204515964,0.0020274731072389,-5.528022248545751e-05
1216.2179999999998,-0.0747777611145299,0.0026992399985002,0.0007783178756399205
1228.222000000001,-0.0735234907830631,0.004722343552345,0.00350301072648983
1231.5910000000003,-0.071265804186423,0.0051616697266955,0.004163889545196963
1234.9499999999998,-0.0715166582527163,0.0055370554276448,0.004766602402252095
1238.3020000000006,-0.0672521391257293,0.0058469315612853,0.005307354868580174
1241.6490000000003,-0.0705132419875429,0.0060901727871308,0.005782769122683126
1244.991,-0.0667504309931426,0.0062661303594761,0.006189853165260405
1248.3159999999998,-0.063489328131329,0.0063745860372495,0.006525299726631155
1251.643,-0.0624859118661556,0.0064170367437649,0.006789730706833168
1254.987,-0.0637401821976224,0.0063941945194726,0.006982691791242506
1258.3190000000004,-0.0574688305402885,0.006307825617024,0.007102049341725905
1261.6509999999998,-0.0554619980099417,0.0061602729769543,0.007149052639080574
1264.9920000000002,-0.0527026032807148,0.0059537728723537,0.007124668277304889
1268.322,-0.0491906463526079,0.0056930054132074,0.007030910882156583
1281.8910000000003,-0.0386547755682871,0.0041504302887861,0.005992485293478511
1285.2910000000002,-0.0363970889716469,0.0036684707181291,0.005587534321766329
1288.625,-0.0348919645738868,0.0031695631365096,0.005143758237238964
1291.9760000000006,-0.0306274454468998,0.0026475475689978,0.00465659903964832
1295.317,-0.029373175115433,0.0021122814593684,0.004135560265223855
1298.648,-0.0276171966513796,0.0015695962406448,0.0035868518771203866
1301.9880000000005,-0.0233526775243925,0.0010220683058915,0.003013418014581333
1305.3200000000006,-0.0223492612592191,0.0004780381342656,0.0024243040267451915
1308.6500000000003,-0.0218475531266324,-5.8088725251936926e-05,0.0018246822085110155
1311.9930000000004,-0.0195898665299923,-0.0005834630002908,0.0012179615094117086
1315.3140000000003,-0.0180847421322321,-0.001087701707383,0.0006165338155481928
1318.6419999999998,-0.0188373043311122,-0.0015706840385607,2.1012132483813225e-05
1321.9850000000006,-0.0175830339996454,-0.0020290009112196,-0.0005642451932319282
1336.429,-0.0143219311378318,-0.003611433142638,-0.0028172254349167264
1339.817,-0.0168304718007654,-0.0038727263530697,-0.0032547659053595015
1343.17,-0.0178338880659388,-0.004085921610056,-0.003645658197709685
1346.513,-0.0185864502648188,-0.0042523928704898,-0.0039907065996749504
1349.862,-0.0183355961985255,-0.0043723891131543,-0.004289204633349968
1353.2089999999998,-0.0195898665299923,-0.0044453966544006,-0.004538439170930811
1356.5550000000003,-0.020844136861459,-0.0044718339593946,-0.004737164025016161
1359.906,-0.0238543856569793,-0.0044524631093696,-0.004884786948642767
1363.259,-0.0256103641210327,-0.0043884039834429,-0.004980684429532517
1366.602,-0.0281189047839663,-0.0042817077568939,-0.005024888695005893
1369.9440000000004,-0.0326342779772466,-0.0041343497124905,-0.005018465960643725
1373.2960000000005,-0.0318817157783666,-0.0039481059277992,-0.004962375123875885
1387.981000000001,-0.0429192946952741,-0.0027536531801832,-0.004181080720611436
1391.3240000000003,-0.0446752731593275,-0.0024153336624258,-0.00389703264949893
1394.665,-0.0471838138222611,-0.0020606098130339,-0.003580923521311229
1398.0030000000006,-0.049943208551488,-0.0016935680450124,-0.0032367444442828797
1401.321,-0.0519500410818348,-0.0013201409176368,-0.0028705124967428435
1404.6509999999998,-0.0554619980099417,-0.000940692656039,-0.0024829096600009204
1407.9940000000006,-0.0567162683414085,-0.0005589803232437,-0.002077860838813769
1411.3249999999998,-0.0589739549380487,-0.0001816922147435,-0.0016627087673498073
1414.6660000000002,-0.0604790793358088,0.0001899359908009,-0.0012390779533494167
1418.004,-0.062736765932449,0.0005508611190465,-0.0008129240096775108
1421.331,-0.0617333496672755,0.0008969124945672,-0.0003895253003098562
1424.6770000000006,-0.0632384740650357,0.0012279809975824,3.076822229408033e-05
1436.772,-0.0687572635234894,0.0022396136232983,0.0014428292268058658
1440.164000000001,-0.0657470147279692,0.0024611586800223,0.001793056103200996
1443.5110000000004,-0.0657470147279692,0.0026497227128447,0.0021130979575195697
1446.8510000000006,-0.0657470147279692,0.0028069196172778,0.0024045679849259076
1450.1980000000003,-0.067753847258316,0.0029325283218699,0.002666415509969925
1453.5420000000004,-0.0654961606616758,0.0030255786726826,0.0028958819028907837
1456.9000000000003,-0.0632384740650357,0.0030861839648373,0.0030924014475472474
1460.2530000000006,-0.0604790793358088,0.0031140066825401,0.003253523153425862
1463.598,-0.0599773712032221,0.0031096751544338,0.003378482710359703
1466.9430000000002,-0.0587231008717553,0.0030740697710149,0.0034672577980467125
1470.2920000000004,-0.0597265171369287,0.0030081673431567,0.0035198086211819853
1473.6260000000002,-0.0562145602088218,0.0029138370267871,0.003536294000453855
1476.9760000000006,-0.0562145602088218,0.0027918027503717,0.0035174808074430026
1491.8870000000006,-0.0446752731593275,0.0019702586476073,0.0030358067631371197
1495.2400000000007,-0.0426684406289807,0.0017367981304475,0.00284844429027562
1498.5880000000006,-0.0406616080986339,0.0014914478734099,0.0026372333464847212
1501.938,-0.037902213369407,0.0012364747662945,0.002404394393361655
1505.289000000001,-0.0358953808390602,0.0009747398732963,0.0021527546044321083
1508.6239999999998,-0.0321325698446599,0.0007103940024081,0.0018866028405246686
1511.9679999999998,-0.0331359861098333,0.000444224332182,0.001606975155375232
1515.299,-0.0296240291817264,0.0001806714707524,0.0013187565190365053
1518.643,-0.0283697588502596,-7.969881403334371e-05,0.001022763206829442
1521.986,-0.0276171966513796,-0.0003332494873527,0.0007232669713149092
1525.3280000000004,-0.0263629263199128,-0.0005775864627577,0.0004233087921518191
1528.6760000000004,-0.024356093789566,-0.0008109411209016,0.00012524418410947468
1541.3820000000003,-0.0213458449940457,-0.0015580151122422,-0.000934363634847159
1544.764,-0.0218475531266324,-0.0017122893143443,-0.0011852485914048017
1548.107,-0.0193390124636989,-0.0018439371329585,-0.0014159737786484364
1551.4499999999998,-0.020091574662579,-0.0019540008224097,-0.0016276223614797283
1554.785,-0.020844136861459,-0.0020416802707092,-0.0018180918477483563
1558.1360000000004,-0.0195898665299923,-0.0021071467959595,-0.0019872451621922743
1561.482,-0.0226001153255125,-0.0021497354162458,-0.0021327302755112863
1564.821,-0.025108655988446,-0.0021696324264607,-0.0022536643299915816
1568.165,-0.0248578019221527,-0.0021672451392788,-0.002349841921353952
1571.5100000000002,-0.0273663425850862,-0.0021430501011937,-0.002420679691098013
1574.852,-0.0266137803862061,-0.0020978364147631,-0.0024659741302779634
1578.197,-0.0291223210491397,-0.0020324596798764,-0.0024859201931565016
1581.5410000000002,-0.0308782995131931,-0.0019480982025371,-0.002480833430108742
1593.987,-0.0348919645738868,-0.001490301223024,-0.002254652350716219
1597.3270000000002,-0.0386547755682871,-0.0013360524060838,-0.0021433491232165443
1600.6760000000004,-0.0406616080986339,-0.0011714260599487,-0.002012975561529157
1604.018,-0.0399090458997538,-0.0009990836763308,-0.001865837581406834
1607.361,-0.0449261272256209,-0.0008205560003111,-0.0017034591418241423
1610.7080000000003,-0.046431251623381,-0.0006376120505551,-0.0015276041353235537
1614.0560000000005,-0.0491906463526079,-0.0004523506010374,-0.0013404360181996585
1617.3810000000003,-0.0501940626177813,-0.0002680217704629,-0.0011454843453712386
1620.732,-0.0511974788829547,-8.378472509132464e-05,-0.0009420031627408844
1624.0770000000002,-0.0511974788829547,9.6767992117025e-05,-0.000734036155544265
1627.4070000000002,-0.054960289877355,0.0002714502368148,-0.0005243366476926258
1630.745,-0.0554619980099417,0.000439842928861,-0.00031359201009528346
1634.098,-0.0557128520762351,0.0006006796141618,-0.00010345880353902667
1650.071,-0.0582213927391686,0.0012119593764934,0.0008152203925294011
1653.4340000000002,-0.0602282252695154,0.0013013227964918,0.00097980010375739
1656.785,-0.0609807874683955,0.0013751296742099,0.0011304202074287324
1660.1360000000004,-0.062736765932449,0.0014333260349395,0.0012664893133293377
1663.482,-0.0612316415346888,0.0014756282720308,0.0013868097372431362
1666.822,-0.0597265171369287,0.0015020353030254,0.0014905755167862983
1670.1680000000006,-0.0594756630706354,0.001512736982098,0.0015774924041151493
1673.514,-0.0577196846065819,0.0015079236262843,0.0016468744035507364
1676.8630000000005,-0.0574688305402885,0.0014879735818977,0.001698459303170956
1680.21,-0.0557128520762351,0.0014534568311107,0.0017320448637989296
1683.553,-0.0552111439436484,0.0014051132765821,0.0017477225079056346
1686.9070000000002,-0.0539568736121816,0.00134349095486,0.0017457464131928047
1698.1000000000004,-0.0481872300874345,0.00105540027807,0.0016173121615493332
1701.4499999999998,-0.0481872300874345,0.0009488500240351,0.0015453037523169388
1704.8190000000004,-0.046431251623381,0.0008344714126508,0.001459024890385209
1708.165,-0.0441735650267408,0.0007150210831546,0.0013607335328716138
1711.509,-0.0446752731593275,0.0005911553256028,0.0012512051253293648
1714.8510000000006,-0.0399090458997538,0.0004642322309333,0.001131790662007365
1718.1850000000004,-0.0381530674357004,0.0003358376709562,0.0010041418359065274
1721.5300000000009,-0.0361462349053536,0.0002065738533199,0.0008689713636103471
1724.8760000000002,-0.0368987971042336,7.813840243752227e-05,0.000728138629252263
1728.2210000000005,-0.0338885483087134,-4.811601178172083e-05,0.0005832451734953063
1731.5659999999998,-0.0343902564413001,-0.0001710031230111,0.00043577381356930516
1734.919,-0.0313800076457798,-0.0002896367633982,0.0002868853010108833
1738.2870000000005,-0.0303765913806064,-0.0004031112972309,0.00013777278348461666
1754.9980000000005,-0.0263629263199128,-0.0008497735598202,-0.0005465975280345651
1758.3420000000006,-0.0266137803862061,-0.0009108999683712,-0.0006636627114961434
1761.7179999999998,-0.0261120722536194,-0.0009618787826682,-0.000772571197121834
1765.1140000000005,-0.0258612181873261,-0.001002002837589,-0.0008718240144694262
1768.465,-0.0276171966513796,-0.001030472917283,-0.0009588738980989678
1771.8110000000006,-0.0256103641210327,-0.0010478410175258,-0.0010343758210303443
1775.164000000001,-0.0261120722536194,-0.0010542368592497,-0.0010980921840760811
1778.5070000000003,-0.0296240291817264,-0.0010498289124577,-0.0011493488405688048
1781.8500000000004,-0.028620612916553,-0.001034942641279,-0.0011881170824757585
1785.1840000000002,-0.0296240291817264,-0.0010100474600019,-0.0012142352866876488
1788.527,-0.0288714669828463,-0.0009754895967048,-0.0012278630441638295
1791.8730000000005,-0.0321325698446599,-0.0009318473031144,-0.001229050787093688
1803.5950000000005,-0.0361462349053536,-0.000717486000622,-0.0011397697543396258
1806.951,-0.0374005052368203,-0.0006417765874268,-0.001089553079179512
1810.298000000001,-0.0394073377671671,-0.0005615052744181,-0.0010297680545521709
1813.6320000000003,-0.0404107540323405,-0.0004777286049681,-0.0009613824553487794
1816.978,-0.0404107540323405,-0.0003907537653892,-0.0008847602173057994
1820.317,-0.0451769812919143,-0.0003020076765796,-0.0008012489862938664
1823.6490000000003,-0.0491906463526079,-0.0002124362655388,-0.000711868250105472
1826.991,-0.046431251623381,-0.000122506533714,-0.0006171702634980838
1830.3150000000005,-0.0496923544851946,-3.3870165389053004e-05,-0.0005190019294927125
1833.643,-0.0474346678885544,5.319631549508046e-05,-0.00041778904542845544
1836.987,-0.0509466248166614,0.0001381533082432,-0.0003142047766486155
1840.3410000000003,-0.0511974788829547,0.0002200170235724,-0.00020948311930700243
1843.6860000000008,-0.0527026032807148,0.000297573048891,-0.00010527080382631368
1858.1500000000003,-0.0567162683414085,0.0005705371254852,0.0003186048877997186
1861.539000000001,-0.0569671224077018,0.0006169463425004,0.00040645247870493313
1864.894,-0.0564654142751151,0.000655541661729,0.0004874234340204696
1868.241,-0.0572179764739952,0.000686535503814,0.0005615839084107014
1871.576,-0.0537060195458882,0.000709816977292,0.0006283188353222311
1874.923000000001,-0.0562145602088218,0.0007254923465722,0.0006876051937556401
1878.277,-0.0559637061425284,0.0007334904016083,0.0007388703906891105
1881.616,-0.0564654142751151,0.0007338808638193,0.0007814803239271459
1884.961,-0.0557128520762351,0.0007268657665712,0.0008155006941259226
1888.308,-0.0552111439436484,0.0007126670595373,0.0008407142264376437
1891.656,-0.0534551654795949,0.0006915868933259,0.0008570464498122022
1894.9980000000005,-0.0527026032807148,0.0006640536602527,0.000864517180666705
1907.0200000000004,-0.0486889382200212,0.0005184431164857,0.0008211071933291665
1910.3900000000003,-0.0496923544851946,0.0004668546702835,0.000790521004041017
1913.755,-0.0469329597559677,0.0004117565211399,0.0007527362767816504
1917.103,-0.045678689424501,0.0003540193593323,0.0007084926644385231
1920.4480000000003,-0.0439227109604475,0.0002940778658302,0.0006582494970900113
1923.786,-0.0396581918334605,0.0002326677098198,0.0006027218542664421
1927.134,-0.041414170297514,0.0001701312776178,0.0005422893777804049
1930.482,-0.0426684406289807,0.0001073040910535,0.0004778144018585248
1933.821,-0.0389056296345804,4.499468581206904e-05,0.00041021123325105633
1937.174,-0.0374005052368203,-1.660161235739664e-05,0.00033975222235304165
1940.5160000000003,-0.0358953808390602,-7.642661951049057e-05,0.00026771115654731814
1943.8780000000008,-0.0351428186401801,-0.0001344553356428,0.00019417297909600045
1947.246,-0.0353936727064735,-0.0001898786418336,0.00012019124175479326
1960.0640000000003,-0.0316308617120732,-0.0003676563258075,-0.00015126715353805964
1963.407,-0.0303765913806064,-0.0004035920570849,-0.00021628460637052616
1966.7470000000003,-0.0301257373143131,-0.0004346154960959,-0.0002776789626072025
1970.089,-0.0318817157783666,-0.0004605741117974,-0.00033501570778358383
1973.432,-0.0296240291817264,-0.0004813077932091,-0.00038779585715112414
1976.7570000000003,-0.0301257373143131,-0.0004966498244496,-0.0004353374844264001
1980.106000000001,-0.0303765913806064,-0.0005067457445472,-0.0004778657378823524
1983.447,-0.029373175115433,-0.0005114813686521,-0.0005146347538505579
1986.7840000000008,-0.0298748832480197,-0.0005109647926321,-0.0005454807183826597
1990.133,-0.0308782995131931,-0.0005053001445483,-0.0005703545954066552
1993.482,-0.0308782995131931,-0.0004946549859261,-0.0005890224817699276
1996.821,-0.0321325698446599,-0.000479303615896,-0.0006014083992148116
2000.174,-0.0326342779772466,-0.0004593915791083,-0.0006076049736121653
2012.6090000000004,-0.0363970889716469,-0.0003516522228281,-0.000577910772088437
2015.9850000000008,-0.0368987971042336,-0.0003149049450244,-0.00055648344692016
2019.349,-0.0386547755682871,-0.0002759111885868,-0.0005300274169462401
2022.6990000000003,-0.037902213369407,-0.0002351710144669,-0.0004989926466891293
2026.045,-0.041414170297514,-0.0001930335693721,-0.0004637351371238676
2029.388,-0.0444244190930342,-0.000149948580143,-0.00042470007975331297
2032.731000000001,-0.042166732496394,-0.000106335467261,-0.0003823273643134439
2036.076,-0.0441735650267408,-6.26196855186598e-05,-0.000337081488650479
2039.4210000000005,-0.0426684406289807,-1.9270002383438065e-05,-0.00028949734955969504
2042.764,-0.050695770750368,2.325947141078866e-05,-0.00024012730497401273
2046.1150000000007,-0.0474346678885544,6.468149660118052e-05,-0.0001893491010336523
2049.478,-0.0489397922863145,0.0001046407362095,-0.0001376264064320419
2052.83,-0.0519500410818348,0.0001424954079042,-8.584302253659151e-05
2067.161,-0.0529534573470082,0.0002747493259852,0.00012619250552718458
2070.544,-0.0539568736121816,0.0002975750147415,0.0001714125636283953
2073.902,-0.0534551654795949,0.0003166749426213,0.00021358722979240906
2077.254,-0.054207727678475,0.000332093371147,0.0002526320423333054
2080.599,-0.0552111439436484,0.0003437742484833,0.0002882335438269264
2083.9440000000004,-0.0537060195458882,0.000351720247613,0.00032019830854270186
2087.2920000000004,-0.0532043114133015,0.0003559385726781,0.00034831358866829434
2090.626,-0.0532043114133015,0.0003564685492873,0.00037226409663153245
2093.976000000001,-0.0509466248166614,0.0003533904692261,0.0003921134855057954
2097.318,-0.050695770750368,0.0003468266775318,0.000407601372457098
2100.6490000000003,-0.0519500410818348,0.0003369576705882,0.00041869273288700127
2103.991,-0.0516991870155414,0.0003238937503463,0.0004254471046094225
2115.495,-0.0491906463526079,0.0002577381204779,0.00041596996601178665
2118.894,-0.0484380841537278,0.0002329589890937,0.00040396160594783525
2122.241,-0.0474346678885544,0.0002067480231401,0.00038836622412013593
2125.5880000000006,-0.045678689424501,0.0001790473930544,0.0003692672674413562
2128.938,-0.0454278353582076,0.0001501446035593,0.0003469098223962638
2132.29,-0.0441735650267408,0.000120365288216,0.0003215870105872772
2135.626,-0.042166732496394,9.01932162959227e-05,0.00029376726311378847
2138.973,-0.0431701487615674,5.97027145598517e-05,0.0002635650384537251
2142.3200000000006,-0.0394073377671671,2.930555649169791e-05,0.0002314177438417037
2145.6490000000003,-0.0396581918334605,-5.336169229581887e-07,0.00019787173700474737
2149.004,-0.0389056296345804,-2.991385932076681e-05,0.00016284700307711222
2152.366,-0.0381530674357004,-5.837595462985631e-05,0.00012690003446025867
2155.7200000000003,-0.0376513593031137,-8.552713551735581e-05,9.056781904292474e-05
2171.2120000000004,-0.0343902564413001,-0.0001883116371197,-7.293574831270433e-05
2174.558,-0.0321325698446599,-0.0002044938426606,-0.00010521348065995609
2177.894,-0.0316308617120732,-0.0002182048793514,-0.0001356495567781557
2181.2400000000007,-0.0333868401761267,-0.0002294438974905,-0.00016416349718159615
2184.5880000000006,-0.0331359861098333,-0.0002381145259498,-0.0001904384203136185
2187.938,-0.0318817157783666,-0.0002441833477281,-0.0002142594250845114
2191.2890000000007,-0.03363769424242,-0.0002476432577007,-0.0002354341387094757
2194.625,-0.0311291535794865,-0.0002485185180072,-0.0002537276052383781
2197.969,-0.0331359861098333,-0.0002468731012522,-0.0002691550676781855
2201.299,-0.0318817157783666,-0.0002427982063361,-0.00028153520814322273
2204.643,-0.0338885483087134,-0.0002363564381238,-0.00029091550911956545
2207.986,-0.0351428186401801,-0.0002276814574702,-0.00029721078406033343
2218.316,-0.0358953808390602,-0.0001883354256148,-0.00029741825997912436
2221.702,-0.0343902564413001,-0.0001719244198723,-0.0002913920141197908
2225.0480000000007,-0.037902213369407,-0.000154333266292,-0.0002826665756620047
2228.3870000000006,-0.0384039215019937,-0.0001356260899736,-0.0002713611337847752
2231.7290000000003,-0.0416650243638073,-0.0001159637337178,-0.00025761545769386235
2235.072,-0.0401598999660472,-9.557576158534009e-05,-0.0002416227702658686
2238.411,-0.041414170297514,-7.47149937712346e-05,-0.0002236170023790071
2241.754,-0.041414170297514,-5.35530527324276e-05,-0.00020377780551077924
2245.1040000000003,-0.0424175865626874,-3.228988655506766e-05,-0.00018231525961262722
2248.4480000000003,-0.0444244190930342,-1.1223585434679906e-05,-0.00015955891915047472
2251.785,-0.0461803975570877,9.432361001428438e-06,-0.0001357768866651723
2255.17,-0.0466821056896744,2.98071513310761e-05,-0.00011082214399109025
2258.513,-0.046431251623381,4.916585594235762e-05,-8.56201079738224e-05
2261.862,-0.0439227109604475,6.76196287134734e-05,-6.008110719752802e-05
2278.2740000000003,-0.0501940626177813,0.0001394714545345,6.087969814492629e-05
2281.629,-0.0532043114133015,0.0001495628584768,8.314823025430022e-05
2284.974,-0.0527026032807148,0.000157883140623,0.00010403657378371845
2288.3200000000006,-0.0494415004189013,0.0001644223464805,0.00012344065802541313
2291.6490000000003,-0.0509466248166614,0.0001691330029093,0.00014110898732067032
2294.9930000000004,-0.0516991870155414,0.0001720555521628,0.0001570741534242038
2298.325,-0.0511974788829547,0.0001731757846921,0.00017108729217141523
2301.666,-0.0489397922863145,0.0001725328134593,0.00018314261848686618
2305.004,-0.050695770750368,0.0001701708725508,0.00019311663983369366
2308.321,-0.0552111439436484,0.0001661833516019,0.0002009256369298055
2311.651,-0.0496923544851946,0.0001606125953208,0.0002066267822672127
2314.9940000000006,-0.0509466248166614,0.0001535321683939,0.00021018607250667282
2329.807,-0.0496923544851946,0.0001071761692832,0.00020064764342561482
2333.165,-0.0449261272256209,9.404362412783014e-05,0.00019313573414397254
2336.509,-0.0439227109604475,8.031450036377933e-05,0.00018390626441583172
2339.851000000001,-0.0439227109604475,6.609749807302719e-05,0.0001730683972500139
2343.1850000000004,-0.041414170297514,5.1574205272166586e-05,0.00016079079984859484
2346.531,-0.0424175865626874,3.681131946084129e-05,0.0001471511692943349
2349.8770000000004,-0.0406616080986339,2.2013908916939205e-05,0.00013235529595014754
2353.223,-0.041414170297514,7.332137949448871e-06,0.00011657516394262028
2356.557,-0.0406616080986339,-7.037342358904523e-06,0.00010004942133125118
2359.928,-0.0406616080986339,-2.1161685922637536e-05,8.271008942869162e-05
2363.2790000000005,-0.0406616080986339,-3.466561199281878e-05,6.503119366886118e-05
2366.6270000000004,-0.0376513593031137,-4.7498603274537935e-05,4.71129505377589e-05
2382.401,-0.0348919645738868,-9.595184865527968e-05,-3.534216382923758e-05
2385.76,-0.0351428186401801,-0.000103182407214,-5.140265186144034e-05
2389.1060000000007,-0.0316308617120732,-0.0001091766936255,-6.653788832245634e-05
2392.45,-0.0351428186401801,-0.0001139295364089,-8.067253104978314e-05
2395.786,-0.0343902564413001,-0.0001174183447504,-9.366820587348414e-05
2399.1360000000004,-0.0343902564413001,-0.000119656167172,-0.00010550311335290455
2402.482,-0.0351428186401801,-0.0001206316461721,-0.00011601797597774889
2405.821,-0.0353936727064735,-0.0001203689355564,-0.00012513471265268396
2409.165,-0.0333868401761267,-0.0001188990835276,-0.00013282747152165377
2412.51,-0.0389056296345804,-0.0001162629846228,-0.0001390388077484698
2415.851000000001,-0.0353936727064735,-0.0001125192325277,-0.00014373273791310452
2419.197,-0.0363970889716469,-0.0001077204317533,-0.00014690807166792643
2432.718,-0.0389056296345804,-7.923875022229424e-05,-0.00014446602998348815
2436.092000000001,-0.0389056296345804,-7.032470487375257e-05,-0.00014023814433724416
2439.465,-0.0399090458997538,-6.0896974404910974e-05,-0.00013469438828406908
2442.803,-0.042166732496394,-5.116536287723845e-05,-0.0001279950638705051
2446.147,-0.041414170297514,-4.112315769795394e-05,-0.00012016683299694388
2449.4970000000003,-0.0401598999660472,-3.087701932119449e-05,-0.00011130600706288028
2452.835,-0.041414170297514,-2.058966321954452e-05,-0.00010157258062104645
2456.1850000000004,-0.0434210028278608,-1.0293068581004077e-05,-9.101323863738926e-05
2459.5610000000006,-0.0446752731593275,-4.957952389067497e-08,-7.969425268334861e-05
2462.919,-0.0451769812919143,9.905898224697049e-06,-6.788836519812997e-05
2466.2700000000004,-0.0449261272256209,1.951288704131518e-05,-5.5692530814636456e-05
2469.6150000000007,-0.0446752731593275,2.868660519143252e-05,-4.323543370517523e-05
2472.961,-0.0446752731593275,3.736402395065898e-05,-3.062128464426789e-05
2488.1850000000004,-0.0486889382200212,6.863416338958038e-05,2.525003564959845e-05
2491.5430000000006,-0.0514483329492481,7.339169417401936e-05,3.6522462834578375e-05
2494.902,-0.0474346678885544,7.729508695326514e-05,4.718438097490484e-05
2498.254,-0.0489397922863145,8.031731453323923e-05,5.7119606973444975e-05
2501.599,-0.0496923544851946,8.245319544883751e-05,6.624962444148781e-05
2504.9440000000004,-0.050695770750368,8.370847348290793e-05,7.452287483055491e-05
2508.2920000000004,-0.0486889382200212,8.409053999719197e-05,8.188254186322337e-05
2511.626,-0.0471838138222611,8.361774655715753e-05,8.82435689345018e-05
2514.976000000001,-0.0481872300874345,8.230942870557744e-05,9.362058763780456e-05
2518.317,-0.0479363760211411,8.020486553629035e-05,9.793957892153331e-05
2521.6490000000003,-0.0484380841537278,7.734973353959774e-05,0.000101189336881036
2525.0110000000004,-0.0479363760211411,7.375001136053484e-05,0.00010338901906230963
2536.441,-0.0459295434907943,5.6870474431906246e-05,0.00010287239377610313
2539.7970000000005,-0.0459295434907943,5.080618840744802e-05,0.00010047312033737076
2543.147,-0.0449261272256209,4.437665892160118e-05,9.71329963813956e-05
2546.4940000000006,-0.0446752731593275,3.765121184453188e-05,9.29067663663013e-05
2549.835,-0.0429192946952741,3.071168574928942e-05,8.786307983546797e-05
2553.1810000000005,-0.0426684406289807,2.361057990574398e-05,8.20538617986182e-05
2556.544,-0.0424175865626874,1.6396735446339164e-05,7.552569394350209e-05
2559.9000000000005,-0.0426684406289807,9.196202992354367e-06,6.840225693585437e-05
2563.303,-0.0409124621649273,1.968186214292183e-06,6.0644647777419443e-05
2566.6490000000003,-0.0406616080986339,-4.995563065030488e-06,5.258060408078568e-05
2569.992,-0.0386547755682871,-1.1743939647917802e-05,4.4181404139698665e-05
2573.313,-0.0389056296345804,-1.8178430631731068e-05,3.558810333421564e-05
2576.6580000000004,-0.037902213369407,-2.4329116197737837e-05,2.6772091942479238e-05
2593.483,-0.0376513593031137,-4.849680620954022e-05,-1.6857735659066777e-05
2596.834,-0.0348919645738868,-5.1694508907948704e-05,-2.4812591396369826e-05
2600.179,-0.0353936727064735,-5.4291582755840416e-05,-3.233234614478998e-05
2603.5240000000003,-0.0361462349053536,-5.62816419611936e-05,-3.9366438017396505e-05
2606.871,-0.0361462349053536,-5.765910446882709e-05,-4.5859674157265795e-05
2610.217000000001,-0.0348919645738868,-5.842257025103174e-05,-5.175372546108154e-05
2613.554,-0.0351428186401801,-5.857922780548952e-05,-5.699219533452199e-05
2616.907,-0.0358953808390602,-5.81406467655418e-05,-6.157441172731498e-05
2620.258,-0.0353936727064735,-5.712351909310415e-05,-6.544112550004657e-05
2623.603,-0.0363970889716469,-5.555458395357169e-05,-6.856767119953574e-05
2626.9440000000004,-0.0368987971042336,-5.346378919393247e-05,-7.094443039301737e-05
2639.8470000000007,-0.0386547755682871,-4.1132590305210974e-05,-7.309266977133552e-05
2643.169,-0.0389056296345804,-3.7061501341340366e-05,-7.188923063687074e-05
2646.514,-0.0396581918334605,-3.268294369409476e-05,-6.999518234294699e-05
2649.8630000000003,-0.0399090458997538,-2.8068972980211587e-05,-6.744685061261796e-05
2653.21,-0.041414170297514,-2.327949569302881e-05,-6.42878305660269e-05
2656.5690000000004,-0.0409124621649273,-1.834648157660116e-05,-6.0547261781541724e-05
2659.928,-0.0416650243638073,-1.3339898560444373e-05,-5.6285359489046753e-05
2663.282,-0.0429192946952741,-8.319837423775492e-06,-5.156354328059696e-05
2666.669,-0.0446752731593275,-3.281509415781262e-06,-4.638080144252445e-05
2670.014,-0.0426684406289807,1.6135778512618949e-06,-4.091381990172581e-05
2673.3550000000005,-0.0439227109604475,6.375045433731929e-06,-3.516950329203142e-05
2676.6980000000003,-0.0466821056896744,1.0966479738850407e-05,-2.9200834780028436e-05
2680.0480000000007,-0.0449261272256209,1.5351575206556105e-05,-2.3062085408422587e-05
2694.224,-0.0451769812919143,3.0675554013710986e-05,3.1949434584228914e-06
2697.586,-0.046431251623381,3.338112387092712e-05,9.152961151339004e-06
2700.9390000000003,-0.0489397922863145,3.567882839499107e-05,1.4872515625595051e-05
2704.291,-0.0479363760211411,3.756179574269061e-05,2.031627276494051e-05
2707.626,-0.0481872300874345,3.901484289504996e-05,2.541284886017806e-05
2710.976000000001,-0.0471838138222611,4.004721014761118e-05,3.016787784406369e-05
2714.318,-0.0496923544851946,4.064981835690397e-05,3.4508672402173954e-05
2717.6490000000003,-0.046431251623381,4.0829404192447874e-05,3.8400922675027736e-05
2720.991,-0.0489397922863145,4.059496748323562e-05,4.184145161475733e-05
2724.3150000000005,-0.0466821056896744,3.996154466715172e-05,4.477838108283909e-05
2727.643,-0.0469329597559677,3.894289387211718e-05,4.721603064197513e-05
2730.987,-0.0469329597559677,3.75509450855127e-05,4.914570361677433e-05
2743.607,-0.0454278353582076,2.939488932149844e-05,5.1668105990769344e-05
2746.9630000000006,-0.0451769812919143,2.6586765104364957e-05,5.10953105045081e-05
2750.308,-0.0436718568941541,2.358314103464884e-05,5.00305696947183e-05
2753.656,-0.0439227109604475,2.040724203376514e-05,4.8492655337120435e-05
2756.999,-0.0431701487615674,1.710267380851804e-05,4.651125326406949e-05
2760.342000000001,-0.0431701487615674,1.3701151157056755e-05,4.411380735576451e-05
2763.6860000000006,-0.0486889382200212,1.023812118175293e-05,4.133229075517206e-05
2767.071,-0.0416650243638073,6.708129300127225e-06,3.816295309512101e-05
2770.424,-0.0424175865626874,3.2234559144798383e-06,3.471193673587044e-05
2773.7660000000005,-0.0429192946952741,-2.030003796493343e-07,3.100464301025088e-05
2777.108,-0.0406616080986339,-3.5492696361466617e-06,2.707273581581164e-05
2780.45,-0.0401598999660472,-6.783481039708885e-06,2.2959998425669155e-05
2783.785,-0.0386547755682871,-9.869310760686252e-06,1.8720046922686196e-05
2798.0200000000004,-0.0394073377671671,-2.0844994782192973e-05,1.4150775791282794e-07
2801.3630000000003,-0.0376513593031137,-2.2790253789690805e-05,-4.0955463104133085e-06
2804.7290000000003,-0.0399090458997538,-2.4472007344215705e-05,-8.22647426799693e-06
2808.071,-0.0376513593031137,-2.5856262266883203e-05,-1.2155861922122787e-05
2811.4130000000005,-0.0376513593031137,-2.694855563431182e-05,-1.587865576363978e-05
2814.7520000000004,-0.0358953808390602,-2.774396452691946e-05,-1.9359621754036493e-05
2818.1050000000005,-0.0376513593031137,-2.8243810221959285e-05,-2.258599542139921e-05
2821.447,-0.037149651170527,-2.8445738641652823e-05,-2.5507434526660403e-05
2824.784000000001,-0.0366479430379403,-2.8356938605488143e-05,-2.8108943320379227e-05
2828.134,-0.0376513593031137,-2.7983444878434665e-05,-3.0384591017113483e-05
2831.482,-0.0376513593031137,-2.7335798571685387e-05,-3.230741705308115e-05
2834.821,-0.0381530674357004,-2.6429454260570458e-05,-3.386387202348975e-05
2848.994,-0.0396581918334605,-2.007377668268425e-05,-3.63544154963201e-05
2852.3540000000003,-0.0396581918334605,-1.808162555788459e-05,-3.5980873067810184e-05
2855.699,-0.0394073377671671,-1.596088117528269e-05,-3.526037880934941e-05
2859.045000000001,-0.0424175865626874,-1.3726837413873027e-05,-3.420649569952533e-05
2862.388,-0.0394073377671671,-1.1407347129197038e-05,-3.283853159949915e-05
2865.732000000001,-0.0419158784301007,-9.025101740298607e-06,-3.117560503235215e-05
2869.093,-0.041414170297514,-6.593871996480915e-06,-2.9230528035959405e-05
2872.4479999999994,-0.0424175865626874,-4.155597777958913e-06,-2.7040649755687587e-05
2875.786000000001,-0.0436718568941541,-1.7431799793652512e-06,-2.4642739328198498e-05
2879.134000000001,-0.0431701487615674,6.388349299189137e-07,-2.20467294137945e-05
2882.483000000001,-0.0449261272256209,2.960655397125058e-06,-1.9288596545701274e-05
2885.821000000001,-0.045678689424501,5.192280544807297e-06,-1.6409673781941954e-05
2898.9810000000007,-0.0474346678885544,1.2812791511567775e-05,-4.401662814942114e-06
2902.3280000000004,-0.0466821056896744,1.437027046997214e-05,-1.3334665185433883e-06
2905.6770000000006,-0.0449261272256209,1.5747793831824958e-05,1.6820578241619797e-06
2909.021,-0.0466821056896744,1.6932957975690175e-05,4.610057362191842e-06
2912.3640000000005,-0.0459295434907943,1.7920081664689623e-05,7.427131055164149e-06
2915.709,-0.046431251623381,1.870451770547637e-05,1.0110308856980415e-05
2919.056,-0.0479363760211411,1.92826264779938e-05,1.2635765557973e-05
2922.3810000000003,-0.0491906463526079,1.9651007920952165e-05,1.496557145664462e-05
2925.732000000001,-0.0469329597559677,1.9815609637159716e-05,1.711385367724005e-05
2929.077,-0.045678689424501,1.9776070924524092e-05,1.9041503431531518e-05
2932.407,-0.0454278353582076,1.9539420591802868e-05,2.0731176298306806e-05
2935.746,-0.0459295434907943,1.9111369073846863e-05,2.2184044403763703e-05
2939.089000000001,-0.045678689424501,1.850011098535345e-05,2.3387504336748336e-05
2954.9749999999995,-0.0451769812919143,1.3455610935337744e-05,2.5553377240987767e-05
2958.321000000001,-0.0446752731593275,1.2033751650382828e-05,2.5269100350952467e-05
2961.666,-0.0426684406289807,1.0523342731302503e-05,2.4741094989931993e-05
2964.9990000000007,-0.0439227109604475,8.947025896729837e-06,2.398304385906657e-05
2968.351,-0.0444244190930342,7.307527359945075e-06,2.2999844070611262e-05
2971.7400000000007,-0.041414170297514,5.612861276991023e-06,2.179559515146216e-05
2975.0970000000007,-0.0404107540323405,3.915476403930858e-06,2.041094880688499e-05
2978.4389999999994,-0.041414170297514,2.2247536643576545e-06,1.886083186103316e-05
2981.759000000001,-0.0386547755682871,5.611184947969318e-07,1.717021105981244e-05
2985.1050000000005,-0.0411633162312206,-1.0830092802978842e-06,1.5334466632911127e-05
2988.4479999999994,-0.0394073377671671,-2.677260148590373e-06,1.3389155797825778e-05
2991.7850000000008,-0.0394073377671671,-4.205481749263096e-06,1.135808247862598e-05
3004.018000000001,-0.0389056296345804,-9.055395457907446e-06,3.5057848227353027e-06
3007.362,-0.0404107540323405,-1.0126065238100132e-05,1.3450288624191057e-06
3010.7390000000005,-0.0399090458997538,-1.1078867888116649e-05,-8.021659939119973e-07
3014.0700000000006,-0.0384039215019937,-1.1885619928699878e-05,-2.865478756174097e-06
3017.409000000001,-0.0386547755682871,-1.2556556888053729e-05,-4.860062798655982e-06
3020.7519999999995,-0.0394073377671671,-1.3086525754236376e-05,-6.765063380853627e-06
3024.0970000000007,-0.0386547755682871,-1.3472722538701276e-05,-8.562281087148444e-06
3027.438000000001,-0.0381530674357004,-1.3713978632331656e-05,-1.0233243968860175e-05
3030.7580000000007,-0.041414170297514,-1.3811535953313445e-05,-1.1757224464784851e-05
3034.1060000000007,-0.0384039215019937,-1.3768665748574817e-05,-1.3144193844953183e-05
3037.447000000001,-0.0386547755682871,-1.3588138185510092e-05,-1.4367883720481126e-05
3040.784000000001,-0.0404107540323405,-1.32754165866673e-05,-1.5421642814951578e-05
3044.134000000001,-0.0394073377671671,-1.2834572220625853e-05,-1.630343232161668e-05
3058.7290000000003,-0.0404107540323405,-9.632872449111398e-06,-1.8005930176529112e-05
3062.072000000001,-0.0406616080986339,-8.661893242632784e-06,-1.7907122002255425e-05
3065.413,-0.0419158784301007,-7.62641753658711e-06,-1.7633722600292023e-05
3068.753,-0.0416650243638073,-6.538123848931947e-06,-1.719242504612584e-05
3072.1060000000007,-0.042166732496394,-5.40440972152991e-06,-1.658858269678259e-05
3075.486,-0.0426684406289807,-4.232407028768142e-06,-1.582648372341085e-05
3078.826,-0.0429192946952741,-3.057954739392019e-06,-1.4932976126285172e-05
3082.171,-0.0396581918334605,-1.8777502939113916e-06,-1.3910189006383353e-05
3085.5170000000007,-0.0416650243638073,-7.051928790384877e-07,-1.2771944734584386e-05
3088.8640000000005,-0.0436718568941541,4.480511634748234e-07,-1.1531955122863492e-05
3092.21,-0.042166732496394,1.5701004941301029e-06,-1.0205472740378832e-05
3095.553000000001,-0.0476855219548478,2.649733454647004e-06,-8.808470956324246e-06
3106.815,-0.0454278353582076,5.857335071019688e-06,-3.778760314623745e-06
3110.164,-0.0449261272256209,6.651319768047994e-06,-2.24796842385485e-06
3113.5070000000005,-0.0459295434907943,7.358706766939996e-06,-7.313602117959811e-07
3116.848000000001,-0.0449261272256209,7.975463270763198e-06,7.581899022027514e-07
3120.1850000000004,-0.0469329597559677,8.497319279876421e-06,2.205759842253117e-06
3123.5289999999995,-0.046431251623381,8.922758176808813e-06,3.602638018289621e-06
3126.8769999999995,-0.0461803975570877,9.24885239754182e-06,4.93465856361303e-06
3130.2210000000005,-0.0449261272256209,9.473812237588491e-06,6.186933306656517e-06
3133.568,-0.0454278353582076,9.598183109926346e-06,7.3514338375852585e-06
3136.920000000001,-0.0461803975570877,9.622727686366902e-06,8.418939061435586e-06
3140.2740000000003,-0.049943208551488,9.549152960025654e-06,9.379754803239564e-06
3143.625000000001,-0.0426684406289807,9.380599814871067e-06,1.0225323918781317e-05
3146.976,-0.0459295434907943,9.120924806342784e-06,1.0950682520187989e-05
3160.9530000000004,-0.0434210028278608,7.172622465547887e-06,1.260242762751356e-05
3164.3280000000004,-0.0431701487615674,6.527863463651135e-06,1.2663221498430299e-05
3167.6770000000006,-0.0434210028278608,5.836463038634222e-06,1.2596125774271324e-05
3171.04,-0.0426684406289807,5.098690572644513e-06,1.2404524614179238e-05
3174.3830000000007,-0.0439227109604475,4.330539928758316e-06,1.2095303967390772e-05
3177.760000000001,-0.0446752731593275,3.528092186345651e-06,1.1668503763792087e-05
3181.107000000001,-0.042166732496394,2.7151995437357243e-06,1.1138739161809182e-05
3184.451,-0.0419158784301007,1.894185350567237e-06,1.0510912204580823e-05
3187.786000000001,-0.041414170297514,1.0750110864217808e-06,9.795018532514121e-06
3191.1359999999995,-0.0401598999660472,2.6007958297602093e-07,8.994758022652526e-06
3194.482000000001,-0.0416650243638073,-5.379132458611998e-07,8.123971933654385e-06
3197.822000000001,-0.0404107540323405,-1.3108927121715977e-06,7.193667671644216e-06
3201.1670000000004,-0.0396581918334605,-2.054152770736308e-06,6.211364917852292e-06
3214.798,-0.0416650243638073,-4.6301838293013945e-06,1.9133667923233315e-06
3218.165,-0.0394073377671671,-5.126945756679834e-06,8.3551886556831e-07
3221.510000000001,-0.0376513593031137,-5.557277431947239e-06,-2.1992710167267244e-07
3224.851,-0.0404107540323405,-5.921324905133814e-06,-1.2487228341327818e-06
3228.1979999999994,-0.0389056296345804,-6.217945382437653e-06,-2.2442922258894006e-06
3231.54,-0.041414170297514,-6.4446985694120295e-06,-3.1942889782744506e-06
3234.897,-0.0376513593031137,-6.601922391408908e-06,-4.09571364371143e-06
3238.2490000000007,-0.0391564837008738,-6.688387403650058e-06,-4.935180668409271e-06
3241.5909999999994,-0.0389056296345804,-6.705168960146151e-06,-5.70487468752828e-06
3244.937000000001,-0.0396581918334605,-6.6539404125394266e-06,-6.402057788912144e-06
3248.291,-0.0386547755682871,-6.53635440862583e-06,-7.021864718805864e-06
3251.634000000001,-0.0439227109604475,-6.355857725512598e-06,-7.55650292136154e-06
3254.977,-0.0399090458997538,-6.115432118189343e-06,-8.004681421823622e-06
3268.7040000000006,-0.041414170297514,-4.588361882549805e-06,-8.900155550708366e-06
3272.0610000000006,-0.042166732496394,-4.108251651154391e-06,-8.887057906677254e-06
3275.4000000000005,-0.0411633162312206,-3.600206958922502e-06,-8.786457644037194e-06
3278.777000000001,-0.0409124621649273,-3.061365094221673e-06,-8.598859361966946e-06
3282.162,-0.0444244190930342,-2.5021245823596186e-06,-8.327988530250237e-06
3285.5080000000007,-0.0424175865626874,-1.936595935620532e-06,-7.983232172510409e-06
3288.848000000001,-0.0436718568941541,-1.3654587700460922e-06,-7.567841394938925e-06
3292.1850000000004,-0.0441735650267408,-7.941164105746906e-07,-7.08738930423913e-06
3295.5289999999995,-0.0446752731593275,-2.2663232103807706e-07,-6.546513743919099e-06
3298.8769999999995,-0.0444244190930342,3.308448248284209e-07,-5.952076272623121e-06
3302.2210000000005,-0.0466821056896744,8.716068268804346e-07,-5.312539556278068e-06
3305.568,-0.0444244190930342,1.3916961316997538e-06,-4.633933536923117e-06
3308.919000000001,-0.0466821056896744,1.8864230027516876e-06,-3.923521267213374e-06
3320.906,-0.0446752731593275,3.3802191010955347e-06,-1.2464924522247276e-06
3324.2789999999995,-0.046431251623381,3.708111475774765e-06,-4.881315621959289e-07
3327.6400000000003,-0.0454278353582076,3.989501328730691e-06,2.5566224440893537e-07
3330.9800000000005,-0.0444244190930342,4.222490548144527e-06,9.759766964081375e-07
3334.3229999999994,-0.045678689424501,4.407840816888422e-06,1.6714213123219054e-06
3337.6670000000004,-0.0451769812919143,4.544579591584011e-06,2.3352217057695417e-06
3341.014,-0.0459295434907943,4.632433038891676e-06,2.9618462163156245e-06
3344.353,-0.0459295434907943,4.671453335956932e-06,3.543970329416558e-06
3347.699,-0.0449261272256209,4.662555208920047e-06,4.079411529210004e-06
3351.046,-0.0459295434907943,4.606769447137988e-06,4.562794494501539e-06
3354.388,-0.0459295434907943,4.505909770049922e-06,4.989719275944753e-06
3357.7310000000007,-0.0449261272256209,4.36192296632311e-06,5.358058555803991e-06
3361.076,-0.0439227109604475,4.1771446673893376e-06,5.665494270603072e-06
3373.869,-0.0431701487615674,3.1486960572533946e-06,6.25517001486837e-06
3377.218,-0.0429192946952741,2.811521134135065e-06,6.2555027466398005e-06
3380.562000000001,-0.042166732496394,2.454167249052648e-06,6.19391960103403e-06
3383.938000000001,-0.0419158784301007,2.076577949379124e-06,6.07099617089749e-06
3387.29,-0.042166732496394,1.6891575197261603e-06,5.891110858428886e-06
3390.626000000001,-0.0429192946952741,1.2953877979606298e-06,5.657905781085167e-06
3393.974000000001,-0.042166732496394,8.961499661762741e-07,5.3730327062751e-06
3397.3200000000006,-0.0406616080986339,4.972136630911675e-07,5.041393543072717e-06
3400.6490000000003,-0.0409124621649273,1.043560465128029e-07,4.669152333448584e-06
3403.9929999999995,-0.0391564837008738,-2.8233066743623e-07,4.257388154089259e-06
3407.3229999999994,-0.0401598999660472,-6.558060753824219e-07,3.814518046600931e-06
3410.664,-0.0416650243638073,-1.0153923311121364e-06,3.342361267607512e-06
3414.0019999999995,-0.0404107540323405,-1.3562635269588318e-06,2.8480565749163534e-06
3429.681,-0.0394073377671671,-2.629723073684162e-06,3.8531222858626357e-07
3433.028,-0.0406616080986339,-2.817960346090295e-06,-1.364703556887515e-07
3436.378,-0.0394073377671671,-2.9735593060457688e-06,-6.458433153474383e-07
3439.7220000000007,-0.0386547755682871,-3.0953246662188625e-06,-1.1367015221388002e-06
3443.068,-0.0439227109604475,-3.183144328487997e-06,-1.605776542243403e-06
3446.4100000000008,-0.0404107540323405,-3.23678196513467e-06,-2.0480994285751366e-06
3449.753,-0.0394073377671671,-3.256600363315903e-06,-2.46057092278666e-06
3453.103,-0.037902213369407,-3.243088161242979e-06,-2.840394993589413e-06
3456.447000000001,-0.0394073377671671,-3.1971797134824823e-06,-3.1830655704147653e-06
3459.7830000000004,-0.041414170297514,-3.1203030089085702e-06,-3.486030016959607e-06
3463.134000000001,-0.0416650243638073,-3.013321712566265e-06,-3.749107446480827e-06
3466.483000000001,-0.0411633162312206,-2.8783661961905854e-06,-3.9690281399545e-06
3479.6179999999995,-0.0439227109604475,-2.119599755285314e-06,-4.399621124384525e-06
3482.9710000000005,-0.041414170297514,-1.879365739222512e-06,-4.398775740386277e-06
3486.352,-0.0419158784301007,-1.623409307486969e-06,-4.353663115458151e-06
3489.697000000001,-0.0436718568941541,-1.3595144369865e-06,-4.2667077592360664e-06
3493.046,-0.0429192946952741,-1.0875992037904689e-06,-4.1392738555782025e-06
3496.385000000001,-0.0434210028278608,-8.117298721184607e-07,-3.974145161188482e-06
3499.732000000001,-0.0446752731593275,-5.333207475961828e-07,-3.772943476925103e-06
3503.076,-0.0409124621649273,-2.5613079334817535e-07,-3.5390244729427707e-06
3506.406,-0.0439227109604475,1.6183152632347142e-08,-3.2764231990670957e-06
3509.745,-0.0461803975570877,2.828549322864382e-07,-2.9866378812605855e-06
3513.089000000001,-0.0446752731593275,5.409850550399061e-07,-2.6732960844030133e-06
3516.432,-0.0446752731593275,7.876983652478865e-07,-2.3405233835816928e-06
3519.769000000001,-0.0444244190930342,1.0204410404329569e-06,-1.992585772650995e-06
3530.822000000001,-0.0459295434907943,1.670655340641607e-06,-7.755689725629752e-07
3534.1860000000006,-0.0451769812919143,1.825679070790444e-06,-4.0010695536260524e-07
3537.5700000000006,-0.0479363760211411,1.9592387240986176e-06,-2.6776118019998172e-08
3540.916,-0.042166732496394,2.068381712279323e-06,3.344589865910813e-07
3544.268000000001,-0.0434210028278608,2.154285474045916e-06,6.850343126382886e-07
3547.6140000000005,-0.0444244190930342,2.2163100066890413e-06,1.020473821214359e-06
3550.961,-0.0439227109604475,2.254553161026004e-06,1.338506684772842e-06
3554.308,-0.0446752731593275,2.2691502196793104e-06,1.6362657432200164e-06
3557.657,-0.0439227109604475,2.260481792461293e-06,1.9114052743859145e-06
3560.9980000000005,-0.045678689424501,2.2292530419826385e-06,2.1609491560667203e-06
3564.340000000001,-0.0431701487615674,2.17628030162446e-06,2.3837301881844596e-06
3567.6860000000006,-0.0434210028278608,2.102498676027467e-06,2.5782753727540147e-06
3571.0289999999995,-0.0461803975570877,2.0092695234056657e-06,2.7428701440248928e-06
3583.9880000000003,-0.042166732496394,1.4910658286616207e-06,3.0859464366524007e-06
3587.3720000000003,-0.0419158784301007,1.32300013096604e-06,3.097430067326409e-06
3590.769000000001,-0.0389056296345804,1.1444571133778485e-06,3.0771568640718938e-06
3594.1140000000005,-0.0404107540323405,9.610466267481295e-07,3.0269522520001868e-06
3597.4659999999994,-0.041414170297514,7.717271940562075e-07,2.9477073935174276e-06
3600.8010000000004,-0.0389056296345804,5.799031451310952e-07,2.8415317106201525e-06
3604.145,-0.042166732496394,3.861071671234495e-07,2.7093500187515846e-06
3607.493,-0.041414170297514,1.9261034475452504e-07,2.5530871311024653e-06
3610.835,-0.0404107540323405,1.9265126340066608e-09,2.375300591501765e-06
3614.18,-0.0384039215019937,-1.8459284589174306e-07,2.177781698275583e-06
3617.525000000001,-0.0416650243638073,-3.6499241856960993e-07,1.9630666317611824e-06
3620.873000000001,-0.0401598999660472,-5.377427088960611e-07,1.7334474429321516e-06
3624.218,-0.0409124621649273,-7.00969748776908e-07,1.4919314336548237e-06
3639.679000000001,-0.0391564837008738,-1.2964551584616276e-06,2.951679110769005e-07
3643.0279999999993,-0.0426684406289807,-1.3847459152486506e-06,3.508301388349711e-08
3646.37,-0.0399090458997538,-1.4568813465355714e-06,-2.190859219202165e-07
3649.718,-0.041414170297514,-1.5127851507697076e-06,-4.6592810225146035e-07
3653.069,-0.041414170297514,-1.5521502552302155e-06,-7.029135802324295e-07
3656.4100000000008,-0.041414170297514,-1.5748568363460018e-06,-9.270359475795709e-07
3659.751000000001,-0.0411633162312206,-1.581195125196794e-06,-1.1370733004139497e-06
3663.105000000001,-0.0419158784301007,-1.571405876433275e-06,-1.331984826227776e-06
3666.448,-0.041414170297514,-1.5460109890737976e-06,-1.5087870883949662e-06
3669.786000000001,-0.0416650243638073,-1.5056878898977512e-06,-1.6665614989114665e-06
3673.134000000001,-0.0409124621649273,-1.4509720169871668e-06,-1.80482576313952e-06
3676.482000000001,-0.042166732496394,-1.3828416059320754e-06,-1.922149281501603e-06
3690.165,-0.0431701487615674,-9.87522828799954e-07,-2.1729155248761975e-06
3693.515,-0.0396581918334605,-8.684310674022121e-07,-2.177686644047848e-06
3696.862,-0.0429192946952741,-7.4338865773282e-07,-2.1607646801037483e-06
3700.21,-0.0436718568941541,-6.136540664727699e-07,-2.1227950821397824e-06
3703.553000000001,-0.0434210028278608,-4.808816685637794e-07,-2.0647217834732655e-06
3706.907,-0.0431701487615674,-3.458480864091819e-07,-1.9872369280694405e-06
3710.259000000001,-0.0444244190930342,-2.1047773428397825e-07,-1.8917572370254087e-06
3713.604,-0.0454278353582076,-7.635017062826559e-08,-1.7798397816682265e-06
3716.9450000000006,-0.0441735650267408,5.533031710780029e-08,-1.6529375890542113e-06
3720.303000000001,-0.0436718568941541,1.8409246533085964e-07,-1.5117655279383953e-06
3723.649,-0.0431701487615674,3.075996433962556e-07,-1.3592083190876159e-06
3726.992000000001,-0.0444244190930342,4.250792365969413e-07,-1.196706688078018e-06
3739.045000000001,-0.0441735650267408,7.842444254480094e-07,-5.558719377959121e-07
3742.404,-0.0446752731593275,8.62827131327181e-07,-3.7012019029180167e-07
3745.743,-0.0446752731593275,9.304586589587076e-07,-1.8588496711096673e-07
3749.086,-0.0424175865626874,9.872567284613191e-07,-3.654167485168647e-09
3752.4270000000006,-0.0436718568941541,1.0327868955833729e-06,1.7449374679742417e-07
3755.765,-0.0436718568941541,1.0668587828947428e-06,3.468456097424588e-07
3759.107000000001,-0.0494415004189013,1.089456155073622e-06,5.121819565299655e-07
3762.45,-0.0444244190930342,1.1005681251303245e-06,6.688639833739665e-07
3765.786000000001,-0.0436718568941541,1.1003486104926623e-06,8.151886333420837e-07
3769.136,-0.0419158784301007,1.0890222007490646e-06,9.508152982678663e-07
3772.483000000001,-0.0426684406289807,1.0669596468686237e-06,1.0739075590379477e-06
3775.822000000001,-0.042166732496394,1.0347130207333012e-06,1.1834005625165991e-06
3779.1680000000006,-0.0424175865626874,9.927017716270818e-07,1.279001294920887e-06
3791.03,-0.042166732496394,7.758735801506621e-07,1.4960971482720926e-06
3794.400000000001,-0.0416650243638073,6.983610198571489e-07,1.5219673689472183e-06
3797.745,-0.0426684406289807,6.16112480767664e-07,1.5319622927875574e-06
3801.089000000001,-0.0419158784301007,5.295519742152741e-07,1.5265818822103833e-06
3804.433,-0.0419158784301007,4.396273634623651e-07,1.5062233057568602e-06
3807.7580000000007,-0.0409124621649273,3.478514371591439e-07,1.471655288527204e-06
3811.1060000000007,-0.0389056296345804,2.540431764891217e-07,1.4230757996804643e-06
3814.447000000001,-0.0404107540323405,1.6000731919819184e-07,1.3616031504913585e-06
3817.7850000000008,-0.0409124621649273,6.65883785192808e-08,1.2881137006979646e-06
3821.134000000001,-0.0411633162312206,-2.5671240836790105e-08,1.203251674701015e-06
3824.482000000001,-0.0406616080986339,-1.1553645259118878e-07,1.1083572921625498e-06
3827.821000000001,-0.0409124621649273,-2.0195302469080938e-07,1.0048591568529503e-06
3831.175,-0.0406616080986339,-2.847304487244315e-07,8.932156817842368e-07
3845.657,-0.0406616080986339,-5.791198537688989e-07,3.5431327283058845e-07
3848.9990000000007,-0.0409124621649273,-6.294058569514956e-07,2.2428944937653697e-07
3852.340000000001,-0.0419158784301007,-6.721947876300271e-07,9.495180805351371e-08
3855.6860000000006,-0.0419158784301007,-7.072892270596489e-07,-3.2664662194850056e-08
3859.029,-0.0406616080986339,-7.344217112825857e-07,-1.5703444594518853e-07
3862.378,-0.0434210028278608,-7.535617180460351e-07,-2.773237787529675e-07
3865.723000000001,-0.0389056296345804,-7.646353031832571e-07,-3.9207461925038417e-07
3869.068,-0.0401598999660472,-7.677419113407545e-07,-5.00416799826345e-07
3872.409000000001,-0.0409124621649273,-7.630422717228601e-07,-6.013034521027075e-07
3875.753,-0.0416650243638073,-7.507555780796715e-07,-6.941127944555673e-07
3879.104,-0.0424175865626874,-7.311311911347419e-07,-7.781788625719656e-07
3882.448,-0.0419158784301007,-7.046155159206098e-07,-8.525160323336479e-07
3894.361,-0.0436718568941541,-5.608062338291628e-07,-1.0329492629939661e-06
3897.736,-0.0429192946952741,-5.083741372052422e-07,-1.0589576930323513e-06
3901.069,-0.0434210028278608,-4.526531885653043e-07,-1.073606824674584e-06
3904.4100000000008,-0.0434210028278608,-3.935204161515745e-07,-1.0773825329050248e-06
3907.751000000001,-0.0434210028278608,-3.3177510682266704e-07,-1.0704396332344626e-06
3911.103,-0.0426684406289807,-2.6788619132288965e-07,-1.05300868501562e-06
3914.448,-0.042166732496394,-2.028815924147763e-07,-1.0255673139101791e-06
3917.786000000001,-0.0426684406289807,-1.3745129028149837e-07,-9.88669615087409e-07
3921.134000000001,-0.045678689424501,-7.193559028889186e-08,-9.426910129442948e-07
3924.483000000001,-0.0439227109604475,-7.170478618457271e-09,-8.883645986535564e-07
3927.821000000001,-0.0436718568941541,5.5981949648005204e-08,-8.266406280917446e-07
3931.175,-0.0436718568941541,1.1742077384102915e-07,-7.57785053402911e-07
3934.519000000001,-0.0441735650267408,1.7609146619054536e-07,-6.831438635070456e-07
3947.037,-0.0439227109604475,3.64269703268229e-07,-3.6574128865546946e-07
3950.388,-0.0449261272256209,4.043012999406696e-07,-2.748093763422931e-07
3953.733000000001,-0.0446752731593275,4.3926599511367893e-07,-1.8332033298476169e-07
3957.076,-0.0451769812919143,4.689847681677885e-07,-9.208802109329842e-08
3960.406,-0.0416650243638073,4.932158219156659e-07,-2.302333373773329e-09
3963.744,-0.0404107540323405,5.120029157146034e-07,8.574389661897607e-08
3967.089000000001,-0.0434210028278608,5.252398949085136e-07,1.7118406360012805e-07
3970.432,-0.0436718568941541,5.32872816044958e-07,2.5299956596982955e-07
3973.769000000001,-0.0429192946952741,5.349631385320507e-07,3.3037762995308846e-07
3977.1150000000007,-0.0424175865626874,5.316181926991701e-07,4.029888259334776e-07
3980.467,-0.042166732496394,5.229629547136847e-07,4.7012407937099117e-07
3983.803000000001,-0.0424175865626874,5.092850740707463e-07,5.308296670992919e-07
3987.150000000001,-0.0429192946952741,4.907394050045921e-07,5.851435742662114e-07
4002.196000000001,-0.0424175865626874,3.565198265445956e-07,7.390943571547014e-07
4005.545000000001,-0.041414170297514,3.1765461647893705e-07,7.522352681119194e-07
4008.900000000001,-0.042166732496394,2.763896335389349e-07,7.576278343745892e-07
4012.254,-0.0434210028278608,2.3327741717199206e-07,7.553615920542636e-07
4015.598000000001,-0.0439227109604475,1.8892004438603318e-07,7.456708958235335e-07
4018.943,-0.0406616080986339,1.4365641785652673e-07,7.288135269047716e-07
4022.295000000001,-0.0409124621649273,9.788096335397754e-08,7.050594959072341e-07
4025.632000000001,-0.0419158784301007,5.2364712026727946e-08,6.749734929456373e-07
4028.975,-0.0404107540323405,7.278973852041389e-09,6.388318103528554e-07
4032.319,-0.0376513593031137,-3.686461304205713e-08,5.971591654576667e-07
4035.648,-0.0409124621649273,-7.94410385276168e-08,5.507188476098063e-07
4038.992000000001,-0.041414170297514,-1.204357071222338e-07,4.996614568122607e-07
4051.523,-0.0416650243638073,-2.522611796874708e-07,2.795528756436446e-07
4054.875000000001,-0.0411633162312206,-2.803422624837297e-07,2.159203797788771e-07
4058.237,-0.0401598999660472,-3.050089650980388e-07,1.5135526867626305e-07
4061.592,-0.0411633162312206,-3.259616980284066e-07,8.684168391053635e-08
4064.938000000001,-0.0404107540323405,-3.430857538973555e-07,2.3059966935726537e-08
4068.291,-0.0434210028278608,-3.563791418493144e-07,-3.967325463306855e-08
4071.626000000001,-0.0406616080986339,-3.657160022836395e-07,-1.0030472289052086e-07
4074.976,-0.0436718568941541,-3.711884501026497e-07,-1.5887345562963949e-07
4078.318,-0.0404107540323405,-3.727806163257533e-07,-2.1444351905072297e-07
4081.649,-0.0394073377671671,-3.705956256674362e-07,-2.665058473326571e-07
4084.9900000000007,-0.0446752731593275,-3.647295687866335e-07,-3.1494923884349493e-07
4088.321000000001,-0.0419158784301007,-3.553595808795715e-07,-3.590912619370263e-07
4091.6510000000007,-0.0431701487615674,-3.42651502846405e-07,-3.9872949651258844e-07
4107.025000000001,-0.0424175865626874,-2.471262266453953e-07,-5.166072251679659e-07
4110.383000000001,-0.0439227109604475,-2.198813216291173e-07,-5.272444584383762e-07
4113.732000000001,-0.0446752731593275,-1.911044073274779e-07,-5.323823474354492e-07
4117.076,-0.0434210028278608,-1.6109819382789224e-07,-5.321307110387134e-07
4120.406,-0.046431251623381,-1.3028343746387722e-07,-5.266560587111062e-07
4123.744,-0.0434210028278608,-9.879028820289667e-08,-5.161053678481588e-07
4127.089000000001,-0.0439227109604475,-6.69553013311644e-08,-5.006637974297203e-07
4130.431,-0.0434210028278608,-3.519986872624092e-08,-4.806283975983549e-07
4133.769000000001,-0.0446752731593275,-3.851370703426229e-09,-4.563183576471877e-07
4137.115000000001,-0.0434210028278608,2.6894206959071443e-08,-4.2797419974347335e-07
4140.467,-0.0431701487615674,5.671863418970308e-08,-3.9595723484535495e-07
4143.803000000001,-0.0436718568941541,8.515332577783931e-08,-3.60888255381646e-07
4157.726,-0.0434210028278608,1.850611583079893e-07,-1.895306610698633e-07
4161.081999999999,-0.0424175865626874,2.035504625528041e-07,-1.4461164207183035e-07
4164.424,-0.0439227109604475,2.1948793878766218e-07,-9.943505635104244e-08
